db,lang,pair_id,comet_score,src,mt
INDIA_Economic_Census_Firms,Hindi,f279081a,0.14136385917663574,"For each sub-district, list the sub-district name, the total estimated finance from borrowing institutions, and the total estimated finance from self-help group loans, ordered by the total estimated finance from borrowing institutions in descending order.","For each sub-district, list the sub-district name, the total estimated finance from borrowing institutions, and the total estimated finance from self-help group loans, ordered by the total estimated finance from borrowing institutions in descending order."
INDIA_Economic_Census_Firms,Hindi Romanized,f279081a,0.14136385917663574,"For each sub-district, list the sub-district name, the total estimated finance from borrowing institutions, and the total estimated finance from self-help group loans, ordered by the total estimated finance from borrowing institutions in descending order.","For each sub-district, list the sub-district name, the total estimated finance from borrowing institutions, and the total estimated finance from self-help group loans, ordered by the total estimated finance from borrowing institutions in descending order."
INDIA_IHDS_2011_TRACKING_SURVEY,Marathi,f3127d47,0.1561126410961151,"List the geography IDs, ordered ascending by geography ID, for households where either the completion status is 'Located' or the household split number is 1, grouped by their geography ID.","List the geography IDs, ordered ascending by geography ID, for households where either the completion status is 'Located' or the household split number is 1, grouped by their geography ID."
INDIA_Economic_Census_Firms,Hindi,0d4f65de,0.16635474562644958,"For each sub-district name in the rural sector category, list the sub-district name along with the total estimated finance from institutional borrowing and the total estimated finance from self-help group loans, provided that the total institutional borrowing is greater than zero, and sort the results by total institutional borrowing in descending order.","For each sub-district name in the rural sector category, list the sub-district name along with the total estimated finance from institutional borrowing and the total estimated finance from self-help group loans, provided that the total institutional borrowing is greater than zero, and sort the results by total institutional borrowing in descending order."
INDIA_Economic_Census_Firms,Telugu,0d4f65de,0.16635474562644958,"For each sub-district name in the rural sector category, list the sub-district name along with the total estimated finance from institutional borrowing and the total estimated finance from self-help group loans, provided that the total institutional borrowing is greater than zero, and sort the results by total institutional borrowing in descending order.","For each sub-district name in the rural sector category, list the sub-district name along with the total estimated finance from institutional borrowing and the total estimated finance from self-help group loans, provided that the total institutional borrowing is greater than zero, and sort the results by total institutional borrowing in descending order."
INDIA_Economic_Census_Firms,Bengali,d5b2cc85,0.1692531257867813,List the sub-district names and the ULB/RLB village names where the total number of establishments owned by females is greater than the total number of establishments owned by males.,List the sub-district names and the ULB/RLB village names where the total number of establishments owned by females is greater than the total number of establishments owned by males.
INDIA_Economic_Census_Firms,Telugu,d5b2cc85,0.1692531257867813,List the sub-district names and the ULB/RLB village names where the total number of establishments owned by females is greater than the total number of establishments owned by males.,List the sub-district names and the ULB/RLB village names where the total number of establishments owned by females is greater than the total number of establishments owned by males.
INDIA_Economic_Census_Firms,Hindi Romanized,2ad8247d,0.16967642307281494,"List the sub-district names for the census year 2013 where the total number of establishments owned by Sikhs is greater than zero and the total number of establishments owned by Jains is exactly zero, grouped and ordered alphabetically by the sub-district name.","List the sub-district names for the census year 2013 where the total number of establishments owned by Sikhs is greater than zero and the total number of establishments owned by Jains is exactly zero, grouped and ordered alphabetically by the sub-district name."
INDIA_Economic_Census_Firms,Telugu,2ad8247d,0.16967642307281494,"List the sub-district names for the census year 2013 where the total number of establishments owned by Sikhs is greater than zero and the total number of establishments owned by Jains is exactly zero, grouped and ordered alphabetically by the sub-district name.","List the sub-district names for the census year 2013 where the total number of establishments owned by Sikhs is greater than zero and the total number of establishments owned by Jains is exactly zero, grouped and ordered alphabetically by the sub-district name."
INDIA_Economic_Census_Firms,Telugu,a994e9a8,0.17280054092407227,"For the census year 2013, list each sub-district name and the ULB/RLB village name, along with the total sum of establishments owned by Sikhs, where that sum is at least zero, and sort the results by the total sum in descending order.","For the census year 2013, list each sub-district name and the ULB/RLB village name, along with the total sum of establishments owned by Sikhs, where that sum is at least zero, and sort the results by the total sum in descending order."
INDIA_Economic_Census_Firms,Hindi Romanized,fba7fb6b,0.17413169145584106,"List the names of the ULB, RLB, or villages that have at least one finance source record, but specifically where the estimated government assistance is 0.000 and the estimated loan from self-help groups is also 0.000, ordered alphabetically by the village name.","List the names of the ULB, RLB, or villages that have at least one finance source record, but specifically where the estimated government assistance is 0.000 and the estimated loan from self-help groups is also 0.000, ordered alphabetically by the village name."
INDIA_Economic_Census_Firms,Telugu,fba7fb6b,0.17413169145584106,"List the names of the ULB, RLB, or villages that have at least one finance source record, but specifically where the estimated government assistance is 0.000 and the estimated loan from self-help groups is also 0.000, ordered alphabetically by the village name.","List the names of the ULB, RLB, or villages that have at least one finance source record, but specifically where the estimated government assistance is 0.000 and the estimated loan from self-help groups is also 0.000, ordered alphabetically by the village name."
INDIA_Economic_Census_Firms,Hindi,a1c69c64,0.1751115322113037,"List the sub-district name and the census year, along with the sum of total establishments and the sum of residential-commercial establishments, grouped by both sub-district and census year, and ordered chronologically by the census year.","List the sub-district name and the census year, along with the sum of total establishments and the sum of residential-commercial establishments, grouped by both sub-district and census year, and ordered chronologically by the census year."
INDIA_Economic_Census_Firms,Marathi,a457d390,0.1804550290107727,"For the most recent census year available, list each ULB/RLB village name along with the total estimated government financial assistance and the total estimated finance from borrowing institutions, grouped by village name and ordered by the total government assistance in descending order.","For the most recent census year available, list each ULB/RLB village name along with the total estimated government financial assistance and the total estimated finance from borrowing institutions, grouped by village name and ordered by the total government assistance in descending order."
INDIA_Economic_Census_Firms,Hindi,244da596,0.1830451488494873,"List the ULB RLB village names, sorted alphabetically, for locations where the number of forestry and logging establishments is greater than zero or the number of residential and commercial establishments is greater than zero.","List the ULB RLB village names, sorted alphabetically, for locations where the number of forestry and logging establishments is greater than zero or the number of residential and commercial establishments is greater than zero."
INDIA_Economic_Census_Firms,Telugu,f5e1ad47,0.18371179699897766,"For the most recent census year available, list the sub-district names along with the total estimated transport and storage costs and the total estimated accommodation and food costs, grouped by sub-district and ordered by the total estimated transport and storage costs in descending order.","For the most recent census year available, list the sub-district names along with the total estimated transport and storage costs and the total estimated accommodation and food costs, grouped by sub-district and ordered by the total estimated transport and storage costs in descending order."
INDIA_Economic_Census_Firms,Hindi,414ab4d4,0.18475580215454102,"List the names of the ULB, RLB, or villages, sorted alphabetically, that have an estimated government assistance finance amount of 0.000 and an estimated self-help group loan finance amount of 0.000.","List the names of the ULB, RLB, or villages, sorted alphabetically, that have an estimated government assistance finance amount of 0.000 and an estimated self-help group loan finance amount of 0.000."
INDIA_Economic_Census_Firms,Hindi Romanized,cd33eb91,0.18589520454406738,"For the most recent census year available, list each sub-district name and the total sum of estimated residential commercial establishments, filtering for records where the estimated residential commercial value is 0.000, and order the results by the sum in descending order.","For the most recent census year available, list each sub-district name and the total sum of estimated residential commercial establishments, filtering for records where the estimated residential commercial value is 0.000, and order the results by the sum in descending order."
INDIA_Economic_Census_Firms,Bengali,cc274a6c,0.18854820728302002,"For the most recent census year available, list each sub-district name and the total sum of manufacturing and construction establishments, including only those sub-districts where this combined sum is greater than zero, and order the results by the total sum in descending order.","For the most recent census year available, list each sub-district name and the total sum of manufacturing and construction establishments, including only those sub-districts where this combined sum is greater than zero, and order the results by the total sum in descending order."
INDIA_Economic_Census_Firms,Hindi Romanized,309a5f49,0.19012871384620667,"List the sub-district names from the census year 2013 where the total estimated government assistance finance is greater than 0.000 and the total estimated finance from loan self-help groups is exactly 0.000, ordered alphabetically by sub-district name.","List the sub-district names from the census year 2013 where the total estimated government assistance finance is greater than 0.000 and the total estimated finance from loan self-help groups is exactly 0.000, ordered alphabetically by sub-district name."
INDIA_Economic_Census_Firms,Telugu,309a5f49,0.19012871384620667,"List the sub-district names from the census year 2013 where the total estimated government assistance finance is greater than 0.000 and the total estimated finance from loan self-help groups is exactly 0.000, ordered alphabetically by sub-district name.","List the sub-district names from the census year 2013 where the total estimated government assistance finance is greater than 0.000 and the total estimated finance from loan self-help groups is exactly 0.000, ordered alphabetically by sub-district name."
INDIA_Economic_Census_Firms,Telugu,5fca6279,0.19247028231620789,"List the state name, the district name, and the ULB/RLB village name, grouped by state, district, and village name, and ordered alphabetically by the village name.","List the state name, the district name, and the ULB/RLB village name, grouped by state, district, and village name, and ordered alphabetically by the village name."
INDIA_Economic_Census_Firms,Hindi,bf70d789,0.19377392530441284,"For the census year 2013, list the sub-district names and the total number of establishments owned by females for each sub-district, showing only the top 5 sub-districts with the highest totals.","For the census year 2013, list the sub-district names and the total number of establishments owned by females for each sub-district, showing only the top 5 sub-districts with the highest totals."
INDIA_Economic_Census_Firms,Bengali,e591a0fb,0.19424447417259216,"List the sub-district names from the 2013 census year where there is at least one establishment owned by Sikhs, but the total sum of establishments owned by Jains in that sub-district is exactly zero.","List the sub-district names from the 2013 census year where there is at least one establishment owned by Sikhs, but the total sum of establishments owned by Jains in that sub-district is exactly zero."
INDIA_Economic_Census_Firms,Hindi,e591a0fb,0.19424447417259216,"List the sub-district names from the 2013 census year where there is at least one establishment owned by Sikhs, but the total sum of establishments owned by Jains in that sub-district is exactly zero.","List the sub-district names from the 2013 census year where there is at least one establishment owned by Sikhs, but the total sum of establishments owned by Jains in that sub-district is exactly zero."
INDIA_Economic_Census_Firms,Telugu,e591a0fb,0.19424447417259216,"List the sub-district names from the 2013 census year where there is at least one establishment owned by Sikhs, but the total sum of establishments owned by Jains in that sub-district is exactly zero.","List the sub-district names from the 2013 census year where there is at least one establishment owned by Sikhs, but the total sum of establishments owned by Jains in that sub-district is exactly zero."
INDIA_Economic_Census_Firms,Hindi,58b60029,0.19482696056365967,"For the most recent census year available, list each sub-district name and the total sum of establishments owned by females, grouped by sub-district and ordered from the highest to lowest sum.","For the most recent census year available, list each sub-district name and the total sum of establishments owned by females, grouped by sub-district and ordered from the highest to lowest sum."
INDIA_Economic_Census_Firms,Hindi Romanized,79e89edd,0.1953657865524292,"For the census year 2013, list each sub-district name and the total sum of establishments owned by females, grouped by sub-district and ordered from the highest to lowest total.","For the census year 2013, list each sub-district name and the total sum of establishments owned by females, grouped by sub-district and ordered from the highest to lowest total."
INDIA_Economic_Census_Firms,Marathi,64e64570,0.1957169771194458,"For the most recent census year available, list each sub-district name and the total sum of establishments owned by females, grouped by sub-district and ordered from the highest to lowest count.","For the most recent census year available, list each sub-district name and the total sum of establishments owned by females, grouped by sub-district and ordered from the highest to lowest count."
INDIA_Economic_Census_Firms,Bengali,3222d0c9,0.19611293077468872,"For the most recent census year available, list each sub-district name along with the total sum of establishments owned by females, grouped by sub-district and ordered from the highest to lowest total.","For the most recent census year available, list each sub-district name along with the total sum of establishments owned by females, grouped by sub-district and ordered from the highest to lowest total."
INDIA_Economic_Census_Firms,Bengali,471bea0a,0.1968097984790802,"List the sub-district names, ordered alphabetically, for areas where the estimated finance from government assistance is 0.000 and the estimated finance borrowed from institutions is also 0.000.","List the sub-district names, ordered alphabetically, for areas where the estimated finance from government assistance is 0.000 and the estimated finance borrowed from institutions is also 0.000."
INDIA_Economic_Census_Firms,Telugu,b04846f6,0.1972651481628418,"List the sub-district names and the total number of establishments owned by Sikhs for the time period with ID 1, grouped by sub-district and ordered by the highest count first, showing only the top 5 results.","List the sub-district names and the total number of establishments owned by Sikhs for the time period with ID 1, grouped by sub-district and ordered by the highest count first, showing only the top 5 results."
INDIA_Economic_Census_Firms,Bengali,a7c2466f,0.19877409934997559,"List the names of the ULB, RLB, or villages where the estimated transport and storage value is greater than 50 or the estimated accommodation and food services value is greater than 50, ordered alphabetically by the village name.","List the names of the ULB, RLB, or villages where the estimated transport and storage value is greater than 50 or the estimated accommodation and food services value is greater than 50, ordered alphabetically by the village name."
INDIA_Economic_Census_Firms,Hindi,a80ce3c9,0.19905716180801392,"For the census year 2013, list the sub-district names and the ULB/RLB village names for locations where the estimated ownership by Sikhs is greater than or equal to 0.000, ordered alphabetically by the sub-district name.","For the census year 2013, list the sub-district names and the ULB/RLB village names for locations where the estimated ownership by Sikhs is greater than or equal to 0.000, ordered alphabetically by the sub-district name."
INDIA_Economic_Census_Firms,Hindi Romanized,e9093393,0.19996318221092224,"For the census year 2013, list the names of the ULB, RLB, or villages that have a total estimated human health and social work value greater than 50, and order the results by this sum in descending order.","For the census year 2013, list the names of the ULB, RLB, or villages that have a total estimated human health and social work value greater than 50, and order the results by this sum in descending order."
INDIA_Economic_Census_Firms,Telugu,e9093393,0.19996318221092224,"For the census year 2013, list the names of the ULB, RLB, or villages that have a total estimated human health and social work value greater than 50, and order the results by this sum in descending order.","For the census year 2013, list the names of the ULB, RLB, or villages that have a total estimated human health and social work value greater than 50, and order the results by this sum in descending order."
INDIA_Economic_Census_Firms,Bengali,f89a1184,0.19997498393058777,"List the sub-district name and the census year, along with the total sum of estimated education and estimated human health and social values, for each sub-district and census year where that sum is at least 0.000, ordered by the census year and the total sum in descending order.","List the sub-district name and the census year, along with the total sum of estimated education and estimated human health and social values, for each sub-district and census year where that sum is at least 0.000, ordered by the census year and the total sum in descending order."
INDIA_Economic_Census_Firms,Telugu,f89a1184,0.19997498393058777,"List the sub-district name and the census year, along with the total sum of estimated education and estimated human health and social values, for each sub-district and census year where that sum is at least 0.000, ordered by the census year and the total sum in descending order.","List the sub-district name and the census year, along with the total sum of estimated education and estimated human health and social values, for each sub-district and census year where that sum is at least 0.000, ordered by the census year and the total sum in descending order."
INDIA_Economic_Census_Firms,Tamil,cb5b8b67,0.20010563731193542,"List the sub-district names for the census year 2013, ordered by the estimated number of religious properties owned by Sikhs in descending order.","List the sub-district names for the census year 2013, ordered by the estimated number of religious properties owned by Sikhs in descending order."
INDIA_Economic_Census_Firms,Hindi Romanized,3fffc294,0.20102933049201965,"List the sub-district names where, for the census year 2013, either the total number of establishments owned by Sikhs or the total number of establishments owned by Jains is greater than 500.","List the sub-district names where, for the census year 2013, either the total number of establishments owned by Sikhs or the total number of establishments owned by Jains is greater than 500."
INDIA_Economic_Census_Firms,Hindi,d08fd177,0.20395708084106445,"For the most recent census year available, list each sub-district name and the total estimated government financial assistance, grouped by the sub-district name and ordered from the highest to the lowest total assistance.","For the most recent census year available, list each sub-district name and the total estimated government financial assistance, grouped by the sub-district name and ordered from the highest to the lowest total assistance."
INDIA_Economic_Census_Firms,Hindi Romanized,d08fd177,0.20395708084106445,"For the most recent census year available, list each sub-district name and the total estimated government financial assistance, grouped by the sub-district name and ordered from the highest to the lowest total assistance.","For the most recent census year available, list each sub-district name and the total estimated government financial assistance, grouped by the sub-district name and ordered from the highest to the lowest total assistance."
INDIA_Economic_Census_Firms,Marathi,d08fd177,0.20395708084106445,"For the most recent census year available, list each sub-district name and the total estimated government financial assistance, grouped by the sub-district name and ordered from the highest to the lowest total assistance.","For the most recent census year available, list each sub-district name and the total estimated government financial assistance, grouped by the sub-district name and ordered from the highest to the lowest total assistance."
INDIA_Economic_Census_Firms,Telugu,d08fd177,0.20395708084106445,"For the most recent census year available, list each sub-district name and the total estimated government financial assistance, grouped by the sub-district name and ordered from the highest to the lowest total assistance.","For the most recent census year available, list each sub-district name and the total estimated government financial assistance, grouped by the sub-district name and ordered from the highest to the lowest total assistance."
INDIA_Economic_Census_Firms,Tamil,bc7a27e8,0.20499664545059204,"List the state name, the district name, and the ULB/RLB village name for locations in the states of Assam, Andhra Pradesh, or Bihar, excluding those in the Prakasam district, grouped by state, district, and village name and ordered alphabetically by village and district.","List the state name, the district name, and the ULB/RLB village name for locations in the states of Assam, Andhra Pradesh, or Bihar, excluding those in the Prakasam district, grouped by state, district, and village name and ordered alphabetically by village and district."
INDIA_Economic_Census_Firms,Hindi,09a62cf5,0.20506060123443604,"For the census year 2013, list the ULB RLB village names and their corresponding sub-district names, specifically for locations where the sum of estimated education values is at least 1.000 and the sum of estimated human health and social values is at least 1.000, ordered alphabetically by sub-district name.","For the census year 2013, list the ULB RLB village names and their corresponding sub-district names, specifically for locations where the sum of estimated education values is at least 1.000 and the sum of estimated human health and social values is at least 1.000, ordered alphabetically by sub-district name."
INDIA_Economic_Census_Firms,Telugu,936c601a,0.2061431109905243,"For the census year 2013, list each sub-district name along with the total estimated manufacturing and total estimated construction values, grouped and ordered alphabetically by the sub-district name.","For the census year 2013, list each sub-district name along with the total estimated manufacturing and total estimated construction values, grouped and ordered alphabetically by the sub-district name."
INDIA_Economic_Census_Firms,Marathi,e1ccb964,0.21110916137695312,"For the census year 2013, list each sub-district name and the total estimated accommodation and food costs, sorted by the total costs in descending order.","For the census year 2013, list each sub-district name and the total estimated accommodation and food costs, sorted by the total costs in descending order."
INDIA_Economic_Census_Firms,Marathi,ad513455,0.21203264594078064,"For the census year 2013, list the sub-district names where the estimated human health and social work value is greater than 0.000, but the total sum of estimated education is exactly 0.000, ordered alphabetically by the sub-district name.","For the census year 2013, list the sub-district names where the estimated human health and social work value is greater than 0.000, but the total sum of estimated education is exactly 0.000, ordered alphabetically by the sub-district name."
INDIA_Economic_Census_Firms,Hindi,5a214bd0,0.21397778391838074,"List the sub-district names from the year 2013 where the sum of estimated transport storage is at least 0.000 and the sum of estimated accommodation food is greater than 0.000, and sort the results alphabetically by the sub-district name.","List the sub-district names from the year 2013 where the sum of estimated transport storage is at least 0.000 and the sum of estimated accommodation food is greater than 0.000, and sort the results alphabetically by the sub-district name."
INDIA_Economic_Census_Firms,Telugu,5a214bd0,0.21397778391838074,"List the sub-district names from the year 2013 where the sum of estimated transport storage is at least 0.000 and the sum of estimated accommodation food is greater than 0.000, and sort the results alphabetically by the sub-district name.","List the sub-district names from the year 2013 where the sum of estimated transport storage is at least 0.000 and the sum of estimated accommodation food is greater than 0.000, and sort the results alphabetically by the sub-district name."
INDIA_Economic_Census_Firms,Bengali,9432abec,0.21413448452949524,"List the district name, the state name, and the country name for all entries, ordered alphabetically by the name of the district.","List the district name, the state name, and the country name for all entries, ordered alphabetically by the name of the district."
INDIA_Economic_Census_Firms,Hindi,1d4a3e0b,0.2148645520210266,"For the census year 2013, list the names of sub-districts where the number of establishments owned by females is greater than zero, ensuring that each sub-district name is included only if it has at least one record.","For the census year 2013, list the names of sub-districts where the number of establishments owned by females is greater than zero, ensuring that each sub-district name is included only if it has at least one record."
INDIA_Economic_Census_Firms,Hindi,c4e8af4a,0.21851596236228943,"List the sub-district names, sorted alphabetically, for all sub-districts that have at least one finance source record where both the estimated government financial assistance and the estimated amount borrowed from institutions are equal to 0.000.","List the sub-district names, sorted alphabetically, for all sub-districts that have at least one finance source record where both the estimated government financial assistance and the estimated amount borrowed from institutions are equal to 0.000."
INDIA_Economic_Census_Firms,Hindi Romanized,4d623596,0.22048413753509521,"List the sub-district name, the ULB/RLB village name, and the district name for the districts of Chittoor, South Andamans, and Nicobars, ensuring that each combination has at least one location ID, and order the results alphabetically by the sub-district name.","List the sub-district name, the ULB/RLB village name, and the district name for the districts of Chittoor, South Andamans, and Nicobars, ensuring that each combination has at least one location ID, and order the results alphabetically by the sub-district name."
INDIA_Economic_Census_Firms,Marathi,4d623596,0.22048413753509521,"List the sub-district name, the ULB/RLB village name, and the district name for the districts of Chittoor, South Andamans, and Nicobars, ensuring that each combination has at least one location ID, and order the results alphabetically by the sub-district name.","List the sub-district name, the ULB/RLB village name, and the district name for the districts of Chittoor, South Andamans, and Nicobars, ensuring that each combination has at least one location ID, and order the results alphabetically by the sub-district name."
INDIA_Economic_Census_Firms,Telugu,4d623596,0.22048413753509521,"List the sub-district name, the ULB/RLB village name, and the district name for the districts of Chittoor, South Andamans, and Nicobars, ensuring that each combination has at least one location ID, and order the results alphabetically by the sub-district name.","List the sub-district name, the ULB/RLB village name, and the district name for the districts of Chittoor, South Andamans, and Nicobars, ensuring that each combination has at least one location ID, and order the results alphabetically by the sub-district name."
INDIA_Economic_Census_Firms,Hindi Romanized,34765acb,0.2205040156841278,"For the most recent census year available, list each sub-district name and the total estimated manufacturing value, sorted from highest to lowest total estimated manufacturing.","For the most recent census year available, list each sub-district name and the total estimated manufacturing value, sorted from highest to lowest total estimated manufacturing."
INDIA_Economic_Census_Firms,Tamil,34765acb,0.2205040156841278,"For the most recent census year available, list each sub-district name and the total estimated manufacturing value, sorted from highest to lowest total estimated manufacturing.","For the most recent census year available, list each sub-district name and the total estimated manufacturing value, sorted from highest to lowest total estimated manufacturing."
INDIA_Economic_Census_Firms,Hindi,e03e8e45,0.2227809727191925,"For the census year 2013, list the sub-district names and the total sum of estimated residential and commercial establishments, showing the top 10 sub-districts with the highest totals.","For the census year 2013, list the sub-district names and the total sum of estimated residential and commercial establishments, showing the top 10 sub-districts with the highest totals."
INDIA_Economic_Census_Firms,Telugu,c197494e,0.22573322057724,"For the most recent census year available, list the sub-district names and the total sum of estimated education and human health and social services, showing the top 5 sub-districts with the highest combined totals.","For the most recent census year available, list the sub-district names and the total sum of estimated education and human health and social services, showing the top 5 sub-districts with the highest combined totals."
INDIA_Economic_Census_Firms,Hindi,9382a4a2,0.234809011220932,"For the census year 2013, list each sub-district name and the total sum of establishments owned by Sikhs, sorted in descending order by that total sum.","For the census year 2013, list each sub-district name and the total sum of establishments owned by Sikhs, sorted in descending order by that total sum."
INDIA_Economic_Census_Firms,Marathi,a29de23a,0.23485976457595825,List the sub-district names in alphabetical order for the 2013 census year where the estimated transport storage and estimated accommodation food values are both greater than zero.,List the sub-district names in alphabetical order for the 2013 census year where the estimated transport storage and estimated accommodation food values are both greater than zero.
INDIA_Economic_Census_Firms,Bengali,7ead6ddc,0.23755773901939392,"For the most recent time period available, list the names of the ULB, RLB, or villages where the total estimated manufacturing value is greater than 50.","For the most recent time period available, list the names of the ULB, RLB, or villages where the total estimated manufacturing value is greater than 50."
INDIA_Economic_Census_Firms,Hindi,5d1894c5,0.24646708369255066,"List the state name and the district name for all districts located in the states of 'Andhra Pradesh' or 'Assam', and sort the results by the state name.","List the state name and the district name for all districts located in the states of 'Andhra Pradesh' or 'Assam', and sort the results by the state name."
INDIA_Economic_Census_Firms,Telugu,5d1894c5,0.24646708369255066,"List the state name and the district name for all districts located in the states of 'Andhra Pradesh' or 'Assam', and sort the results by the state name.","List the state name and the district name for all districts located in the states of 'Andhra Pradesh' or 'Assam', and sort the results by the state name."
INDIA_Economic_Census_Firms,Marathi,803f28ef,0.3146131634712219,"For the census year 2013, list the sub-district names, ordered alphabetically, where either the residential commercial establishment total is greater than 0 or the ULB RLB village name is 'Pilpilow'.","२०१३ च्या जनगणना वर्षासाठी, उपजिल्ह्यांची नावे,"
INDIA_ROAD_ACCIDENTS_DATASET_2001,Hindi Romanized,0bb2c4d3,0.3338705003261566,"List the light conditions and weather conditions along with the total number of casualties for each combination, grouped by light and weather conditions and ordered by the total casualties in descending order.","Light conditions aur weather conditions ko list karo saath mein total casualties ke saath har combination ke liye, grouped by light aur weather conditions aur ordered by total casualties descending order mein."
INDIA_ICRISAT_District_Level_Agricultural_Data,Hindi Romanized,424ad0e6,0.3467457592487335,"Provide a yearly breakdown of area and production figures for groundnut and soybean crops across districts in Chhattisgarh, ordered chronologically.","Chhattisgarh ke districts mein groundnut aur soybean crops ke area aur production figures ka yearly breakdown do, chronologically order karke."
INDIA_HMIS_Sub_District_Report_Rural_Urban,Hindi Romanized,ede0a331,0.35716453194618225,"Rank the sub-districts by the total number of first-dose Vitamin A supplements administered during the year 2021, starting with the highest.","Sub-districts ko ranking karo based on total number of first-dose Vitamin A supplements administered during 2021, highest se start karo."
INDIA_HMIS_Sub_District_Report_Facility_wise,Hindi Romanized,e0581913,0.37634629011154175,"For the year 2022, provide a sub-district breakdown of the total number of immunization sessions held and how many of those sessions had an ASHA worker present within rural areas.","2022 ke liye, rural areas mein immunization sessions ka total number aur ASHA worker present sessions ka breakdown sub-district wise provide karo."
INDIA_HMIS_Sub_District_Report_Rural_Urban,Hindi Romanized,74ebd19a,0.38581743836402893,Which five rural sub-districts had the highest total allopathic outpatient attendance in 2021?,2021 mein top 5 rural sub-districts kaun se the jahan allopathic outpatient attendance sabse zyada tha?
INDIA_HMIS_Sub_District_Report_Rural_Urban,Hindi Romanized,26170385,0.3876670002937317,Provide the annual total for allopathic outpatient attendance across all recorded years.,Saare recorded saaloon mein allopathic outpatient attendance ka annual total batao.
INDIA_ROAD_ACCIDENTS_DATASET_2001,Hindi Romanized,5e66cfee,0.38784340023994446,"List the distinct light conditions and weather conditions recorded for accidents, ordered alphabetically by the light conditions.","Accidents ke liye recorded distinct light conditions aur weather conditions ko list karo, light conditions ke according alphabetically order mein."
INDIA_ICRISAT_District_Level_Agricultural_Data,Hindi Romanized,59c0b705,0.38974741101264954,Which ten districts achieved the highest average soybean yields in 1970?,"1970 mein, konsa das districts sabse zyada average soybean yield achieve kiye?"
INDIA_HMIS_Sub_District_Report_Rural_Urban,Hindi Romanized,a70d05df,0.3917911648750305,"Provide a yearly breakdown of the total allopathic outpatient attendance, ordered chronologically.","Saal dar saal allopathic outpatient attendance ka breakdown do, chronological order mein."
INDIA_IHDS_2005_INDIVIDUAL_SURVEY,Hindi Romanized,8f8791bd,0.39634421467781067,"List the names of urban districts or those containing re-interviewed households, sorted alphabetically.","Urban districts ya fir jisme re-interviewed households ho, unke names alphabetically sort karke list karo."
INDIA_IHDS_2005_INDIVIDUAL_SURVEY,Hindi Romanized,2bb5b6b1,0.40298157930374146,Provide an alphabetized list of districts that are either classified as urban or contain households that participated in re-interview surveys.,Urban ya re-interview surveys mein shamil households wale districts ki ek alphabetized list provide karo.
INDIA_IHDS_2005_INDIVIDUAL_SURVEY,Hindi Romanized,a8435008,0.4103606343269348,"Provide a breakdown by gender of the average years of education completed and the total number of individuals for all employed persons, ordered from highest to lowest average education level.","Gender ke hisaab se, employed persons ke liye average years of education completed aur total number of individuals ka breakdown do, highest se lowest average education level ke order mein."
INDIA_Economic_Census_Firms,Hindi Romanized,5fca6279,0.4111134111881256,"List the state name, the district name, and the ULB/RLB village name, grouped by state, district, and village name, and ordered alphabetically by the village name.","State name, district name, aur ULB/RLB village name list karo, state, district, aur village name ke hisaab se group karke, aur village name ke alphabetical order mein arrange karo."
INDIA_IHDS_2011_TRACKING_SURVEY,Hindi Romanized,a45e1f13,0.4117656946182251,List the distinct geography IDs for households where either the household split number is 1 or the completion status is 'Located'.,Un households ke distinct geography IDs list karo jahan ya toh household split number 1 ho ya completion status 'Located' ho.
INDIA_IHDS_2005_INDIVIDUAL_SURVEY,Hindi Romanized,35464adb,0.41327303647994995,Provide a breakdown by state of the total number of household members and married women living in urban areas.,"State-wise breakdown do, urban areas mein rehne wale total household members aur married women ki sankhya ka."
INDIA_ROAD_ACCIDENTS_DATASET_2001,Hindi Romanized,ae17899a,0.41385576128959656,"For casualties classified as pedestrians, list each sex of casualty along with the average casualty severity, grouped by the sex of the casualty.","Pedestrians ke roop mein classified casualties ke liye, har sex ke casualties ko list karo unke saath average casualty severity ke saath, grouped by casualty ka sex."
INDIA_ROAD_ACCIDENTS_DATASET_2001,Hindi Romanized,cf10373b,0.41922545433044434,"List the age band of the driver and the average number of casualties for each age band, sorted by the average number of casualties in descending order, showing only the top 5 results.","Driver ke age band ko list karo aur har age band ke liye average number of casualties dikhao, sorted by average number of casualties descending order mein, sirf top 5 results dikha ke."
INDIA_Village_Amenities_Directory_2001,Hindi Romanized,ae8d0bb5,0.41943854093551636,"List the district names and the total number of child welfare centres for the top 5 districts in India, ordered by the sum of child welfare centres in descending order.","India ke top 5 districts ke district names aur total number of child welfare centres list karo, child welfare centres ke sum ke descending order mein."
INDIA_ROAD_ACCIDENTS_DATASET_2001,Hindi Romanized,046b8b21,0.4215961992740631,"List the top 5 age bands of drivers and casualty severities that have the highest average number of casualties, showing the age band, the average number of casualties, and the casualty severity for each group.","Top 5 age bands aur casualty severities ko dikhao jinke paas sabse zyada average number of casualties hai. Har group ke liye age band, average number of casualties, aur casualty severity dikha."
INDIA_HMIS_Sub_District_Report_Rural_Urban,Hindi Romanized,42ea1f77,0.42684951424598694,"Provide a monthly breakdown of total allopathic outpatient attendance for the year 2022, ranked from highest to lowest volume.","2022 ke saare allopathic outpatient attendance ka monthly breakdown do, highest se lowest volume ke order mein ranked."
INDIA_IHDS_2005_INDIVIDUAL_SURVEY,Hindi Romanized,994047b1,0.4276266396045685,"Provide a state-wise breakdown of the average monthly per capita consumption and the total number of households for families living above the poverty line, categorized by their 2001 urban or rural status.","State-wise breakdown do, average monthly per capita consumption aur total households ka, un families ke liye jo poverty line se upar rehte hain, categorized by their 2001 urban ya rural status ke hisaab se."
INDIA_HMIS_Sub_District_Report_Facility_wise,Hindi Romanized,1b1775cf,0.4310535490512848,"Provide a yearly breakdown by state of the total first doses administered for Vitamin A and Measles-Rubella (9-11 months), excluding any records with no Vitamin A data and sorting by the most recent years.","State-wise yearly breakdown do, Vitamin A aur Measles-Rubella (9-11 months) ke total first doses administered ka, bina Vitamin A data wale records ko chhod kar, aur latest years ke hisaab se sort karte hue."
INDIA_IHDS_2005_INDIVIDUAL_SURVEY,Hindi Romanized,b5c134e6,0.4334491491317749,"Provide a state-wise breakdown of the average number of married women and the total number of children under 15 per household, categorized by urban and rural areas.","Har ek state ke liye, urban aur rural areas mein breakdown do: average number of married women aur total children under 15 per household."
INDIA_IHDS_2005_INDIVIDUAL_SURVEY,Hindi Romanized,0d75150d,0.4449918270111084,"Identify the top 5 rural districts with the highest average number of married women per household, considering only those districts with more than one household record.","Top 5 rural districts find karo jahan average married women per household sabse zyada ho, sirf unhi districts ke liye jahan ek se zyada household records available hon."
INDIA_Village_Amenities_Directory_2001,Hindi Romanized,21140397,0.4487113058567047,"List the sub-district names for the sub-districts of Diglipur, Mayabunder, Ferrargunj, Great Nicobar, and Rangat, where the total number of registered private medical practitioners is at least zero and the total number of community health workers is exactly zero.","Diglipur, Mayabunder, Ferrargunj, Great Nicobar, aur Rangat ke sub-districts ke liye sub-district names list karo, jahan total number of registered private medical practitioners kam se kam zero ho aur total number of community health workers exactly zero ho."
INDIA_HMIS_Sub_District_Report_Rural_Urban,Hindi Romanized,92acc01c,0.4505002796649933,"For the year 2021, provide a breakdown by area type of the total number of pregnant women with hemoglobin levels below 11 and the average number of hemoglobin tests conducted, specifically for areas where the count of low-hemoglobin cases is under 38, sorted by the total cases in descending order.","2021 ke liye, area type ke hisaab se ek breakdown do, jismein total pregnant women ka count ho jinka hemoglobin level 11 se kam hai, aur average hemoglobin tests conducted ka bhi, specifically un areas ke liye jahan low-hemoglobin cases ki count 38 se kam hai, sorted by total cases descending order mein."
INDIA_ROAD_ACCIDENTS_DATASET_2001,Hindi Romanized,e6ce2687,0.45128968358039856,List the casualty IDs for casualties classified as pedestrians where the casualty severity level is 2.,Pedestrian classify kiye gaye casualties ke casualty IDs list karo jahan casualty severity level 2 hai.
INDIA_HMIS_Sub_District_Report_Facility_wise,Hindi Romanized,88495621,0.45199623703956604,Provide a sub-district breakdown of the total number of immunization sessions held and the average number of sessions attended by ASHA workers during the year 2022.,"2022 ke saal mein, immunization sessions ka total count aur ASHA workers dwara attend kiye gaye sessions ka average, sub-district wise breakdown provide karo."
INDIA_PRIMARY_POPULATION_CENSUS_1991,Hindi Romanized,25dde5f6,0.45568957924842834,"List the location names, ordered alphabetically, for areas where either the total number of households exceeds 500 or the total female population is greater than the total male population.","Location names dikhaao, alphabetically order mein, un areas ke liye jahaan ya toh total number of households 500 se zyada hai ya total female population total male population se zyada hai."
INDIA_IHDS_2005_HOUSEHOLD_SURVEY,Hindi Romanized,52385ad2,0.4575292766094208,"Provide a breakdown of the total expenditure on rice and pulses for different social groups and asset levels, sorted by caste category and highest rice spending.","Total expenditure ka breakdown do rice aur pulses par alag-alag social groups aur asset levels ke liye, sorted by caste category aur highest rice spending ke hisaab se."
INDIA_Village_Amenities_Directory_2001,Hindi Romanized,728a07ac,0.4578562378883362,List the sub-district names for those sub-districts where the total number of registered private medical practitioners is at least 0 and the total number of community health workers is exactly 0.,Un sub-district names ki list dikhao jahan total number of registered private medical practitioners kam se kam 0 ho aur total number of community health workers exactly 0 ho.
INDIA_HMIS_Sub_District_Report_Facility_wise,Hindi Romanized,7f34598b,0.4587048292160034,Which rural sub-districts reported active allopathic outpatient attendance during the year 2022?,Kaunse rural sub-districts ne year 2022 mein active allopathic outpatient attendance report ki thi?
INDIA_ROAD_ACCIDENTS_DATASET_2001,Hindi Romanized,4a7c38dd,0.4625404477119446,"Show the casualty class for all records where the casualty class is 'Pedestrian' and the casualty severity is level 2, grouped and ordered by the casualty class.","Casualty class dikhao un sabhi records ke liye jahan casualty class 'Pedestrian' hai aur casualty severity level 2 hai, grouped aur ordered by casualty class ke saath."
INDIA_Economic_Census_Firms,Hindi Romanized,77a4e2c5,0.4664042294025421,"List the sub-district names, ordered alphabetically, that had a total number of establishments greater than zero but zero residential or commercial establishments during the 2013 census year.","Sub-district names ki list banao, alphabetically order mein, jinke total establishments ki sankhya zero se zyada thi lekin residential ya commercial establishments zero the 2013 census year mein."
INDIA_Economic_Census_Firms,Hindi Romanized,414ab4d4,0.46868762373924255,"List the names of the ULB, RLB, or villages, sorted alphabetically, that have an estimated government assistance finance amount of 0.000 and an estimated self-help group loan finance amount of 0.000.","ULB, RLB, ya villages ke naam dikha do, alphabetically sort karke, jinke estimated government assistance finance amount 0.000 hai aur estimated self-help group loan finance amount bhi 0.000 hai."
INDIA_ROAD_ACCIDENTS_DATASET_2001,Hindi Romanized,2376f2ec,0.46933841705322266,"List the educational level, the driving experience, and the average number of casualties for each combination of educational level and driving experience, ordered by the average number of casualties.","Har educational level aur driving experience ke combination ke liye, educational level, driving experience, aur average number of casualties dikhao, aur isko average number of casualties ke hisaab se order karo."
INDIA_HMIS_Sub_District_Report_Rural_Urban,Hindi Romanized,7b1134c5,0.47158798575401306,Show the allopathic outpatient attendance figures for the month of September 2020.,September 2020 ke allopathic outpatient attendance figures dikhao.
INDIA_Village_Amenities_Directory_2001,Hindi Romanized,7fb10a91,0.47319579124450684,List the sub-district names where the total number of registered private medical practitioners is greater than zero or the total number of community health workers is greater than one.,Un sub-district names ki list dikhao jahan total number of registered private medical practitioners zero se zyada ho ya total number of community health workers one se zyada ho.
INDIA_IHDS_2005_INDIVIDUAL_SURVEY,Hindi Romanized,3c19c4d6,0.47598740458488464,"For households within the 15th asset index category, provide the average number of members and the total count of married women, grouped and ordered by state.","15th asset index category ke households ke liye, state-wise average members aur total married women ki count batao, group aur order by state karke."
INDIA_Village_Amenities_Directory_2001,Hindi Romanized,07db8567,0.47601887583732605,List the district names for locations where the state name is either 'Assam' or 'Bihar'.,Un locations ke district names list karo jahan state name ya toh 'Assam' hai ya 'Bihar'.
INDIA_IHDS_2005_INDIVIDUAL_SURVEY,Hindi Romanized,138c1027,0.4764016568660736,"Rank the states by the average number of children aged 0 to 14 per household, from highest to lowest.","States ko ranking karo average number of children aged 0 to 14 per household ke basis par, highest se lowest."
INDIA_IHDS_2005_HOUSEHOLD_SURVEY,Hindi Romanized,98f0a045,0.4767339527606964,Identify the case IDs for the ten Christian households with the highest asset index scores.,Top asset index score wale dus Christian households ke case IDs batado.
INDIA_HMIS_Sub_District_Report_Rural_Urban,Hindi Romanized,14fe55de,0.4777025580406189,"Provide a yearly breakdown of total allopathic outpatient attendance across both rural and urban areas, ordered chronologically.","Saal ke hisaab se, rural aur urban dono areas mein total allopathic outpatient attendance ka breakdown do, chronologically order karke."
INDIA_Economic_Census_Firms,Hindi Romanized,e9ab06a4,0.479287326335907,"For the census year 2013, list the sub-district names and the total sum of estimated education and human health and social services, ordered by this combined sum in descending order for the top 5 sub-districts.","Census year 2013 ke liye, sub-district names aur estimated education plus human health and social services ka total sum list karo, jise descending order mein arrange karo based on yeh combined sum, aur top 5 sub-districts dikhao."
INDIA_IHDS_2005_HOUSEHOLD_SURVEY,Hindi Romanized,d34f7175,0.4809010326862335,Provide the household IDs and monthly non-food expenditure amounts for rural households located in Maharashtra.,Maharashtra mein rural households ke liye household IDs aur monthly non-food expenditure amounts provide karo.
INDIA_HMIS_Sub_District_Report_Rural_Urban,Hindi Romanized,4015b829,0.481038361787796,"Rank the urban sub-districts by the total number of pregnant women who received four or more antenatal checkups during the year 2021, starting with the highest count.","Urban sub-districts ko rank karo, jismein 2021 mein char ya zyada antenatal checkups wali pregnant women ka total count sabse zyada se shuru karte hue."
INDIA_IHDS_2005_INDIVIDUAL_SURVEY,Hindi Romanized,c213d252,0.4852965772151947,Identify the five rural districts with the highest average number of married women per household.,Top 5 rural districts batao jahan average married women per household sabse zyada ho.
INDIA_IHDS_2005_HOUSEHOLD_SURVEY,Hindi Romanized,105fb1f7,0.48536810278892517,Provide the household asset index and social-religious category for households that are involved in business activity subtype 40 and currently have outstanding loans.,Business activity subtype 40 mein involved aur abhi outstanding loans wale households ke liye household asset index aur social-religious category provide karo.
INDIA_Village_Amenities_Directory_2001,Hindi Romanized,9ec3f15f,0.487103670835495,"For each district, list the district name and the total sum of the number of agricultural credit societies combined with the number of other credit societies.","Har district ke liye, district name aur agricultural credit societies aur other credit societies ka total sum list karo."
INDIA_Village_Amenities_Directory_2001,Hindi Romanized,77bbac87,0.4892180860042572,"For each district, list the district name and the total combined number of registered private medical practitioners and community health workers.","Har district ke liye, district name aur registered private medical practitioners aur community health workers ka total combined number list karo."
INDIA_HMIS_Sub_District_Report_Facility_wise,Hindi Romanized,b04c5691,0.4936782419681549,"Rank the urban sub-districts by their total allopathic outpatient attendance, showing both the attendance figures and the total BCG vaccinations administered in each.","Urban sub-districts ko unke total allopathic outpatient attendance ke hisaab se rank karo, har ek ka attendance figure aur total BCG vaccinations administered bhi dikhao."
INDIA_IHDS_2011_TRACKING_SURVEY,Hindi Romanized,e2fb2120,0.49410584568977356,Show the distinct reason descriptions for migration where the migration reason ID is 1.,Migration reason ID 1 ke liye saare distinct reason descriptions dikhao.
INDIA_PRIMARY_POPULATION_CENSUS_1991,Hindi Romanized,7637c0ed,0.49685558676719666,List the location names for areas where either the number of households exceeds 500 or the total female population is greater than the total male population.,Location names dikhaao jahaan ya toh gharon ki sankhya 500 se zyada ho ya total female population total male population se zyada ho.
INDIA_HMIS_Sub_District_Report_Facility_wise,Hindi Romanized,60f65c76,0.49938198924064636,Which rural sub-districts reported at least some Rotavirus 1 vaccinations in 2022 but had zero recorded Vitamin A first doses?,"Konsi rural sub-districts mein 2022 mein kuch Rotavirus 1 vaccinations to report hui hain, lekin Vitamin A first doses ka record bilkul zero hai?"
INDIA_IHDS_2011_TRACKING_SURVEY,Hindi Romanized,d2626894,0.49954333901405334,"List the reason descriptions for migration, specifically for cases where the years since migration is greater than three and the migration reason is associated with individuals who were married at the time of migration, grouped and ordered alphabetically by the reason description.","Migration ke reason descriptions list karo, specifically un cases ke liye jahan years since migration teen se zyada hain aur migration reason un individuals se associated hai jo migration ke time married the, inhein reason description ke hisaab se group aur alphabetically order karo."
INDIA_ROAD_ACCIDENTS_DATASET_2001,Hindi Romanized,cddd642a,0.5010253190994263,"Show the light conditions, the weather conditions, and the total number of casualties, grouped by both light and weather conditions, and ordered from the highest to the lowest sum of casualties.","Light conditions, weather conditions, aur total number of casualties dikhao, dono light aur weather conditions ke hisaab se group karke, aur casualties ke sum ke basis par highest se lowest tak order karke."
INDIA_HMIS_Sub_District_Report_Facility_wise,Hindi Romanized,bb8710c3,0.5038657784461975,Which sub-districts conducted more than 50 immunization sessions or had over 40 sessions with an ASHA worker present during 2022?,Kaunse sub-districts mein 2022 mein 50 se zyada immunization sessions conduct kiye gaye ya 40 se zyada sessions mein ASHA worker maujood tha?
INDIA_HMIS_Sub_District_Report_Facility_wise,Hindi Romanized,2db92e12,0.504994809627533,"Rank the urban sub-districts by their total allopathic outpatient attendance for the year 2022, from highest to lowest.","Urban sub-districts ko 2022 ke total allopathic outpatient attendance ke hisaab se rank karo, highest se lowest tak."
INDIA_IHDS_2005_INDIVIDUAL_SURVEY,Hindi Romanized,64f92f62,0.5054948925971985,"List the states that have Dalit households categorized in the 15th asset index, sorted alphabetically.","States list karo jismein Dalit households 15th asset index mein categorized hain, alphabetically sorted."
INDIA_Economic_Census_Firms,Hindi Romanized,cb5b8b67,0.5074300169944763,"List the sub-district names for the census year 2013, ordered by the estimated number of religious properties owned by Sikhs in descending order.","Census year 2013 ke liye sub-district names batao, jahan Sikhs ke religious properties ki estimated number ke hisaab se descending order mein arrange karo."
INDIA_PRIMARY_POPULATION_CENSUS_1991,Hindi Romanized,364764aa,0.5085089206695557,"List the location names, ordered alphabetically, for areas where the number of occupied residential houses is greater than 128.000 and the total number of female main workers in the mining and quarrying sector is at least 0.000.","Location names ki list banao, alphabetically order mein, jin areas mein occupied residential houses ki sankhya 128.000 se zyada hai aur mining and quarrying sector mein total female main workers ki sankhya kam se kam 0.000 hai."
INDIA_ROAD_ACCIDENTS_DATASET_2001,Hindi Romanized,a914e6b9,0.5112913846969604,"List the light conditions and weather conditions along with the total number of casualties for each combination, where the total casualties exceed 2, and order the results from the highest number of casualties to the lowest.","Light conditions aur weather conditions ko list karo saath mein total number of casualties ke liye har combination ke liye, jahan total casualties 2 se zyada ho, aur results ko highest number of casualties se lowest tak order karo."
INDIA_IHDS_2005_HOUSEHOLD_SURVEY,Hindi Romanized,c8f78b4a,0.5140904784202576,"Provide the asset index and secondary social network contact types for Christian households, ordered from highest to lowest wealth.","Christian households ke liye asset index aur secondary social network contact types provide karo, highest se lowest wealth ke order mein."
INDIA_IHDS_2005_HOUSEHOLD_SURVEY,Hindi Romanized,1ccaf231,0.5143061280250549,Identify the top 10 Christian households with the highest asset index.,Sabse zyada asset index wale top 10 Christian households dhoondho.
INDIA_ROAD_ACCIDENTS_DATASET_2001,Hindi Romanized,71d5f8f4,0.5149031281471252,"List the distinct light conditions for accidents where the number of casualties is greater than two and the day of the week is not Sunday, ordered alphabetically by the light conditions.","Distinct light conditions dikhao un accidents ke liye jahan casualties ki sankhya do se zyada ho aur din Sunday na ho, aur light conditions ko alphabetically order karo."
INDIA_IHDS_2005_HOUSEHOLD_SURVEY,Hindi Romanized,490d74ea,0.5150017738342285,"Provide the asset index and secondary social network contact types for Muslim households, ordered from highest to lowest wealth.","Muslim households ke liye asset index aur secondary social network contact types provide karo, highest se lowest wealth ke order mein."
INDIA_IHDS_2005_HOUSEHOLD_SURVEY,Hindi Romanized,ca663f58,0.5158567428588867,Provide a breakdown by state and village healthcare availability showing the average monthly per capita consumption and total non-food expenditure.,"State aur village ke hisaab se healthcare availability ka breakdown do, jo average monthly per capita consumption aur total non-food expenditure dikhaye."
INDIA_ROAD_ACCIDENTS_DATASET_2001,Hindi Romanized,3cfe7990,0.5163955688476562,"For each age band of the driver, list the age band, the average number of casualties, and the total count of accident IDs.","Driver ke har age band ke liye, age band ko list karo, average number of casualties ko dikhao, aur total count of accident IDs ko batao."
INDIA_HMIS_Sub_District_Report_Facility_wise,Hindi Romanized,b6a7b81b,0.5189816355705261,"List the names of rural sub-districts or those with records from 2022 that have reported at least some allopathic outpatient attendance, sorted alphabetically.","Rural sub-districts ya 2022 ke records wale sub-districts ke naam list karo, jinhone kuch allopathic outpatient attendance report ki ho, alphabetical order mein sort karke."
INDIA_IHDS_2005_HOUSEHOLD_SURVEY,Hindi Romanized,52ebce1e,0.5195069313049316,"Provide a breakdown by caste and religion group showing the average household income, total outstanding loans, and the total count of animal care workers.","Caste aur religion group ke hisaab se breakdown do, jismein average household income, total outstanding loans, aur animal care workers ka total count dikhao."
INDIA_IHDS_2005_HOUSEHOLD_SURVEY,Hindi Romanized,4398e9a5,0.5209125876426697,"Rank the states by their average monthly non-food household expenditure in rural areas, showing only those with recorded consumption data.","States ko unke average monthly non-food household expenditure ke hisaab se rural areas mein rank karo, sirf woh dikhao jinke paas recorded consumption data available ho."
INDIA_PRIMARY_POPULATION_CENSUS_1991,Hindi Romanized,de0da2c9,0.5217810869216919,"For the census year 1991, list each state along with the total number of households and the average number of occupied residential houses, grouped by state.","Census year 1991 ke liye, har state ko list karo jisme total households ki sankhya aur average occupied residential houses ki sankhya ho, grouped by state."
INDIA_HMIS_Sub_District_Report_Rural_Urban,Hindi Romanized,548d5bcd,0.5218576788902283,"Rank the urban sub-districts by the total number of pregnant women who received four or more antenatal care checkups during the year 2021, starting with the highest.","Urban sub-districts ko rank karo, jismein sabse zyada se shuru karte hue, 2021 ke saal mein chaar ya usse adhik antenatal care checkups paane wali pregnant women ki kul sankhya ke hisaab se."
INDIA_HMIS_Sub_District_Report_Facility_wise,Hindi Romanized,eb2d5b40,0.522381603717804,"Rank the sub-districts by their total allopathic outpatient attendance, from highest to lowest.","Sub-districts ko unke total allopathic outpatient attendance ke hisaab se rank karo, highest se lowest tak."
INDIA_HMIS_Sub_District_Report_Facility_wise,Hindi Romanized,879ca700,0.522381603717804,"Rank the sub-districts by their total allopathic outpatient attendance, from highest to lowest.","Sub-districts ko unke total allopathic outpatient attendance ke hisaab se rank karo, highest se lowest tak."
INDIA_Economic_Census_Firms,Hindi Romanized,7a3b84bc,0.5241564512252808,"List the district names for all districts located in the state of 'Andhra Pradesh', ordered alphabetically by district name.","Andhra Pradesh state mein jitne bhi districts hain, unke district names alphabetically order mein list karo."
INDIA_IHDS_2005_HOUSEHOLD_SURVEY,Hindi Romanized,f2b3ef63,0.5244013071060181,"Provide the household IDs and total outstanding loan amounts for all OBC households, ordered from highest to lowest asset index.","OBC households ke liye household IDs aur total outstanding loan amounts provide karo, asset index ke hisaab se highest se lowest order mein."
INDIA_IHDS_2011_TRACKING_SURVEY,Hindi Romanized,0360a402,0.5275264382362366,List the household IDs for all households where the same address indicator is marked as 'Yes'.,Un sabhi households ke household IDs list karo jahan same address indicator 'Yes' marked hai.
INDIA_HMIS_Sub_District_Report_Facility_wise,Hindi Romanized,1d7f6147,0.5280649065971375,Which sub-districts held more than 50 immunization sessions or had over 40 sessions with an ASHA worker present during 2021?,Kaunse sub-districts mein 2021 mein 50 se zyada immunization sessions hue ya 40 se zyada sessions mein ASHA worker maujood tha?
INDIA_Economic_Census_Firms,Hindi Romanized,3222d0c9,0.5282971858978271,"For the most recent census year available, list each sub-district name along with the total sum of establishments owned by females, grouped by sub-district and ordered from the highest to lowest total.","Sabse recent census year ke liye, har sub-district ka naam list karo along with total sum of establishments jo females ki owned hain, sub-district ke hisaab se grouped karke aur highest to lowest total mein ordered karke."
INDIA_ICRISAT_District_Level_Agricultural_Data,Hindi Romanized,2c32040a,0.5288267731666565,"Provide a district-wise breakdown of the total area and production of pearl millet in Chhattisgarh for the year 1970, ranked by production volume.","Chhattisgarh mein 1970 ke liye, district-wise pearl millet ka total area aur production ka breakdown do, production volume ke hisaab se ranked karke."
INDIA_HMIS_Sub_District_Report_Facility_wise,Hindi Romanized,00c83cbc,0.5300950407981873,Provide the total allopathic outpatient attendance for each district and area type recorded during the year 2022.,2022 mein record kiye gaye har district aur area type ke liye total allopathic outpatient attendance provide karo.
INDIA_PRIMARY_POPULATION_CENSUS_1991,Hindi Romanized,367cce91,0.5302141904830933,"For the census year 1991, list the district and the female working population for the top 10 records with the highest female working population.","Census year 1991 ke liye, district aur female working population list karo, jahan female working population sabse zyada ho, top 10 records ke liye."
INDIA_HMIS_Sub_District_Report_Rural_Urban,Hindi Romanized,0387be49,0.5309896469116211,"List the outpatient IDs and their corresponding allopathic attendance counts for December 2022, focusing only on those with recorded visits, sorted from highest to lowest attendance.","December 2022 ke outpatient IDs aur unke allopathic attendance counts list karo, sirf recorded visits wale, aur attendance ke hisaab se highest se lowest sort karo."
INDIA_IHDS_2005_INDIVIDUAL_SURVEY,Hindi Romanized,cf95a848,0.5313929319381714,List the top 10 rural districts with the highest average household size.,Top 10 rural districts batao jahan average household size sabse zyada ho.
INDIA_Village_Amenities_Directory_2001,Hindi Romanized,53dfc9ea,0.5318080186843872,"List the sub-district names for sub-districts belonging to district ID 1 that have exactly 0.000 agricultural credit societies, ordered alphabetically by sub-district name.","District ID 1 ke un sub-district names ki list dikhao jahan agricultural credit societies exactly 0.000 hain, aur results ko sub-district name ke hisaab se alphabetically order karo."
INDIA_IHDS_2005_INDIVIDUAL_SURVEY,Hindi Romanized,8f6869cc,0.5334633588790894,"Provide a state-wise breakdown of the total number of household members and married women living in urban areas, focusing only on states with more than five household members and sorting the results by the highest count of married women.","State-wise breakdown do jo total household members aur married women urban areas mein rehte hain, sirf un states ke liye jahan household members five se zyada hain, aur results ko married women ki highest count ke hisaab se sort karo."
INDIA_IHDS_2005_INDIVIDUAL_SURVEY,Hindi Romanized,35a338b3,0.5358392000198364,"Provide the total number of married women and children aged 0 to 14 living in urban areas, specifically for regions with more than one recorded household.","Urban areas mein, ek se zyada recorded households wale regions ke liye, married women aur 0 to 14 age ke children ki total count provide karo."
INDIA_ROAD_ACCIDENTS_DATASET_2001,Telugu,a914e6b9,0.535940408706665,"List the light conditions and weather conditions along with the total number of casualties for each combination, where the total casualties exceed 2, and order the results from the highest number of casualties to the lowest.","ప్రతి కలయికకు కాశ్మీర్ సంఖ్య 2 కంటే ఎక్కువ ఉన్న చోట, కాశ్మీర్ సంఖ్య ఎక్కువ నుండి తక్కువకు క్రమం చేసి, కాశ్మీర్ సంఖ్య కలిసి ప్రకాశ పరిస్థితులు మరియు వాతావరణ పరిస్థితులను జాబితా చేయండి."
INDIA_ROAD_ACCIDENTS_DATASET_2001,Hindi Romanized,547dfb70,0.5361155867576599,"List the accident ID and the total sum of casualties for each accident where the light conditions were 'Darkness - no lighting' and the collision type was 'Vehicle with vehicle collision', specifically for those accidents where the total number of casualties is greater than 5, ordered from the highest number of casualties to the lowest.","Accident ID aur total casualties ka sum dikhao har ek accident ke liye jahan light conditions 'Darkness - no lighting' the aur collision type 'Vehicle with vehicle collision' tha, specifically un accidents ke liye jahan total casualties 5 se zyada hain, casualties ke count ke basis par highest se lowest tak order karke."
INDIA_ROAD_ACCIDENTS_DATASET_2001,Hindi Romanized,7768a6de,0.5365740656852722,"For each age band of the driver, list the age band itself, the average number of casualties, and the total count of accident IDs.","Driver ke har age band ke liye, age band ko list karo, average number of casualties ko dikhao, aur total count of accident IDs ko batao."
INDIA_HMIS_Sub_District_Report_Rural_Urban,Hindi Romanized,f3579a90,0.5393531918525696,"Which rural sub-districts recorded a total allopathic outpatient attendance of more than 5,000 during the year 2021?","Kaun se rural sub-districts ne saal 2021 mein 5,000 se zyada allopathic outpatient attendance record ki thi?"
INDIA_PRIMARY_POPULATION_CENSUS_1991,Hindi Romanized,e9b1e510,0.5404202938079834,"For the census year 1991 in the North And Middle Andaman district of Andaman And Nicobar Islands, list each location name along with the total number of occupied residential houses and the total number of households, sorted in descending order by the total number of occupied residential houses.","1991 ke census year ke liye, Andaman And Nicobar Islands ke North And Middle Andaman district mein, har location ka naam, total occupied residential houses ki sankhya, aur total households ki sankhya list karo, jise total occupied residential houses ke descending order mein sort karna hai."
INDIA_IHDS_2005_INDIVIDUAL_SURVEY,Hindi Romanized,ec543cbd,0.5425529479980469,Provide a breakdown by state and urban/rural status showing the average household size and the total number of households recorded.,"State aur urban/rural status ke hisaab se breakdown do, jismein average household size aur total recorded households dikhao."
INDIA_ROAD_ACCIDENTS_DATASET_2001,Hindi Romanized,0c81d217,0.5431874394416809,"List the educational level and driving experience of drivers, along with the average number of casualties per accident, grouped by their educational level and driving experience, and sorted by the average number of casualties in descending order.","Drivers ke educational level aur driving experience ke saath unke accidents mein average casualties dikhao, educational level aur driving experience ke hisaab se group karo, aur average casualties ke basis par descending order mein sort karo."
INDIA_ICRISAT_District_Level_Agricultural_Data,Hindi Romanized,04a7ea75,0.5435014963150024,"Provide a yearly breakdown of pearl millet yields for districts in Chhattisgarh between 1966 and 1970, sorted chronologically with the highest yields appearing first.","Chhattisgarh ke districts mein 1966 se 1970 tak pearl millet yields ka yearly breakdown do, chronologically sort karke, highest yields pehle dikhao."
INDIA_Economic_Census_Firms,Hindi Romanized,a457d390,0.5443376302719116,"For the most recent census year available, list each ULB/RLB village name along with the total estimated government financial assistance and the total estimated finance from borrowing institutions, grouped by village name and ordered by the total government assistance in descending order.","Sabse recent census year ke liye, har ULB/RLB village ka naam list karo, saath mein total estimated government financial assistance aur total estimated finance from borrowing institutions, village name ke hisaab se group karke aur total government assistance ke descending order mein arrange karo."
INDIA_Economic_Census_Firms,Hindi Romanized,f9a67de8,0.5447192788124084,"List the sub-district names for the census year 2013 where the total estimated human health and social work value is greater than 0.000 and the total estimated education value is exactly 0.000, ordered alphabetically by the sub-district name.","Census year 2013 ke liye un sub-district names dikhaiye jahan total estimated human health and social work value 0.000 se zyada ho aur total estimated education value exactly 0.000 ho, aur results sub-district name ke hisaab se alphabetically order mein hon."
INDIA_HMIS_Sub_District_Report_Facility_wise,Hindi Romanized,7daf5e17,0.5451103448867798,Which sub-districts conducted immunization sessions in 2021 but did not distribute any combined oral pill cycles?,"2021 mein kaun se sub-districts ne immunization sessions conduct kiye, lekin combined oral pill cycles distribute nahi kiye?"
INDIA_HMIS_Sub_District_Report_Facility_wise,Hindi Romanized,6670cfc6,0.5451833009719849,Provide a sub-district breakdown of total BCG and OPV birth dose vaccinations administered across rural areas of the Andaman and Nicobar Islands.,"Andaman aur Nicobar Islands ke rural areas mein, BCG aur OPV birth dose vaccinations ka total sub-district wise breakdown provide karo."
INDIA_IHDS_2011_TRACKING_SURVEY,Hindi Romanized,725d9099,0.5475932955741882,"List the household ID, the household number, the new household split number, and the completion status for all records where the household split number is 1, ordered by the household ID.","Un saare records ke liye household ID, household number, new household split number, aur completion status list karo jahan household split number 1 hai, aur result ko household ID ke hisaab se order karo."
INDIA_Village_Amenities_Directory_2001,Hindi Romanized,d8182b01,0.5501796007156372,"For each district, list the district name and calculate the total number of agricultural credit societies and the total number of other credit societies, ordered alphabetically by the district name.","Har ek district ke liye, district name list karo aur total number of agricultural credit societies aur total number of other credit societies calculate karo, aur result ko district name ke hisaab se alphabetically order mein dikhao."
INDIA_IHDS_2005_HOUSEHOLD_SURVEY,Hindi Romanized,234a5b39,0.5522813200950623,"Provide a state-wise breakdown of average monthly per capita consumption and non-food expenses, comparing urban and rural areas based on the 2001 census.","2001 census ke data se, state-wise breakdown dijiye average monthly per capita consumption aur non-food expenses ka, urban aur rural areas ke comparison mein."
INDIA_Village_Amenities_Directory_2001,Hindi Romanized,f853df43,0.5531662702560425,List the sub-district names for areas where either the rural population is greater than 1109.000 or the scheduled tribes rural population exceeds 23.000.,Un sub-district names ki list dikhao jahan ya toh rural population 1109.000 se zyada hai ya scheduled tribes rural population 23.000 se exceed karti hai.
INDIA_HMIS_Sub_District_Report_Rural_Urban,Hindi Romanized,cf0db537,0.5536348819732666,"Rank the months of 2022 by their total allopathic outpatient attendance, from highest to lowest.","2022 ke months ko unke total allopathic outpatient attendance ke hisaab se rank karo, highest se lowest tak."
INDIA_Economic_Census_Firms,Hindi Romanized,64e64570,0.554391622543335,"For the most recent census year available, list each sub-district name and the total sum of establishments owned by females, grouped by sub-district and ordered from the highest to lowest count.","Sabse naya jansankhya ganana ke year ke liye, har ek sub-district ka naam aur females dwara owned establishments ka total sum list karo, sub-district ke hisaab se group karke aur highest se lowest count tak order mein."
INDIA_IHDS_2011_TRACKING_SURVEY,Hindi Romanized,d6b359a0,0.5569170713424683,List the household ID and the household split number for all records where the same address indicator is marked as 'Yes'.,Un saare records ke liye household ID aur household split number list karo jahan same address indicator 'Yes' marked hai.
INDIA_IHDS_2005_HOUSEHOLD_SURVEY,Hindi Romanized,044dcd8f,0.5571712255477905,"Identify the states where the maximum monthly non-food expenditure for urban households does not exceed 5,000 rupees.","States identify karo jahan urban households ka maximum monthly non-food expenditure 5,000 rupees se zyada na ho."
INDIA_IHDS_2005_HOUSEHOLD_SURVEY,Hindi Romanized,1cbbf0d2,0.5573937892913818,Identify the household IDs for families that have a household assets index of 27 and have recorded a Gauna ceremony date.,Household IDs ko identify karo jo families ka household assets index 27 hai aur Gauna ceremony date record kiya hai.
INDIA_ICRISAT_District_Level_Agricultural_Data,Hindi Romanized,2e03f917,0.5578720569610596,Provide the average yields for soybeans and groundnuts by state for the period between 1966 and 1970.,"Soybeans aur groundnuts ke average yields state-wise batao, 1966 se 1970 ke darmiyan."
INDIA_IHDS_2005_HOUSEHOLD_SURVEY,Hindi Romanized,4bdaef0f,0.5584350824356079,"Provide a breakdown of the average social ID and the total number of animal care workers, grouped by caste/religion category and social network contact type, for all households with recorded members, sorted by the highest average social ID.","Caste/religion category aur social network contact type ke hisaab se, average social ID aur animal care workers ki total sankhya ka breakdown do, un sabhi recorded members ke liye, jismein highest average social ID ke anusaar sort kiya gaya ho."
INDIA_Village_Amenities_Directory_2001,Hindi Romanized,452a75e8,0.5586936473846436,"For each sub-district and district, list the sub-district name, the district name, and the total number of agricultural credit societies.","Har sub-district aur district ke liye, sub-district name, district name, aur agricultural credit societies ka total number list karo."
INDIA_HMIS_Sub_District_Report_Rural_Urban,Hindi Romanized,554e01a1,0.5614957809448242,Which sub-districts distributed combined oral pill cycles but did not distribute any condoms during the year 2022?,"Kaunse sub-districts ne 2022 mein combined oral pill cycles distribute kiye, lekin condom ek bhi nahi baate?"
INDIA_Economic_Census_Firms,Hindi Romanized,a80ce3c9,0.5619454979896545,"For the census year 2013, list the sub-district names and the ULB/RLB village names for locations where the estimated ownership by Sikhs is greater than or equal to 0.000, ordered alphabetically by the sub-district name.","Census year 2013 ke liye, un locations ke sub-district names aur ULB/RLB village names list karo jahan estimated ownership by Sikhs 0.000 se greater than or equal hai, aur results ko sub-district name ke hisaab se alphabetically order mein arrange karo."
INDIA_Economic_Census_Firms,Hindi Romanized,bb7e100c,0.5621761679649353,List the sub-district names for the census year 2013 where the total estimated government assistance finance is greater than 0.000 and the total estimated finance from loan self-help groups is exactly 0.000.,Batao un sub-district ke naam jinke liye census year 2013 mein total estimated government assistance finance 0.000 se zyada ho aur total estimated finance from loan self-help groups exactly 0.000 ho.
INDIA_Village_Amenities_Directory_2001,Hindi Romanized,ed0f7cfd,0.5622026324272156,"List each district name along with the total number of registered private medical practitioners and the total number of community health workers, grouped by district name and ordered by the total number of registered private medical practitioners in descending order.","Har ek district name list karo, saath mein total number of registered private medical practitioners aur total number of community health workers bhi dikhao, district name ke hisaab se group karke aur total number of registered private medical practitioners ke descending order mein sort karke."
INDIA_HMIS_Sub_District_Report_Facility_wise,Hindi Romanized,6df9c007,0.5622477531433105,Which sub-districts recorded allopathic outpatient attendance in 2022 but had no such attendance in 2021?,"Kaunse sub-districts mein 2022 mein allopathic outpatient attendance record hui, lekin 2021 mein aisi koi attendance nahi thi?"
INDIA_IHDS_2005_INDIVIDUAL_SURVEY,Hindi Romanized,0f6d8b08,0.5622643232345581,"Provide a breakdown of the average household size and the average number of married women per household, categorized by religious or caste groups, urban-rural status, and state.","Religious ya caste groups ke hisaab se, urban-rural status aur state ke basis par, average household size aur average number of married women per household ka breakdown provide karo."
INDIA_PRIMARY_POPULATION_CENSUS_1991,Hindi Romanized,417ef626,0.563317596912384,"For districts where the number of households exceeds the number of occupied residential houses, list each district along with the total number of male main workers in mining and quarrying and the total number of female main workers in mining and quarrying.","Jin districts mein households ki sankhya occupied residential houses se zyada hai, unke liye har district ko list karo, saath mein mining and quarrying mein total male main workers aur total female main workers ki sankhya bhi batao."
INDIA_Economic_Census_Firms,Hindi Romanized,0d4f65de,0.5645453929901123,"For each sub-district name in the rural sector category, list the sub-district name along with the total estimated finance from institutional borrowing and the total estimated finance from self-help group loans, provided that the total institutional borrowing is greater than zero, and sort the results by total institutional borrowing in descending order.","Rural sector category ke har sub-district name ke liye, sub-district name ke saath total estimated finance from institutional borrowing aur total estimated finance from self-help group loans list karo, jismein total institutional borrowing zero se zyada ho. Results ko total institutional borrowing ke hisaab se descending order mein sort karo."
INDIA_HMIS_Sub_District_Report_Rural_Urban,Hindi Romanized,aab4d36f,0.5646058320999146,Identify the top 5 rural sub-districts with the highest total allopathic outpatient attendance for the year 2021.,Top 5 rural sub-districts ko identify karo jahan 2021 mein allopathic outpatient attendance ka total sabse zyada raha ho.
INDIA_IHDS_2005_HOUSEHOLD_SURVEY,Hindi Romanized,b0e06805,0.5648105144500732,"Rank the states by their average monthly per capita consumption for rural households, including only those states with recorded consumption data.","States ko unke average monthly per capita consumption ke hisaab se rank karo, sirf rural households ke liye, aur sirf unhi states ko include karna jinke paas recorded consumption data available ho."
INDIA_IHDS_2011_TRACKING_SURVEY,Hindi Romanized,dca5c813,0.5656991004943848,"For each state code, list the state code itself, the total count of household IDs, and the average household split number.","Har state code ke liye, state code, household ID ka total count, aur average household split number list karo."
INDIA_IHDS_2011_TRACKING_SURVEY,Hindi Romanized,b7d8b586,0.5656991004943848,"For each state code, list the state code itself, the total count of household IDs, and the average household split number.","Har state code ke liye, state code, household ID ka total count, aur average household split number list karo."
INDIA_HMIS_Sub_District_Report_Rural_Urban,Hindi Romanized,170b0d9f,0.5661519765853882,Rank the months of 2022 from highest to lowest based on the total number of allopathic outpatient visits.,2022 ke months ko allopathic outpatient visits ke total number ke basis par highest se lowest tak rank karo.
INDIA_HMIS_Sub_District_Report_Rural_Urban,Hindi Romanized,7b7a0b0d,0.5662860870361328,Identify the rural sub-districts that had maternal ANC registrations in 2022 but did not record any in 2021.,"2022 mein maternal ANC registrations wale rural sub-districts dhundho, lekin 2021 mein koi record na ho."
INDIA_ICRISAT_District_Level_Agricultural_Data,Hindi Romanized,e61ea214,0.5666674971580505,Identify the top 10 districts with the highest average chickpea yield recorded in 1970.,Top 10 districts dhundho jahan 1970 mein sabse zyada average chickpea yield record hua ho.
INDIA_IHDS_2005_HOUSEHOLD_SURVEY,Hindi Romanized,f21079ed,0.5670411586761475,Provide the number of animal care workers and the Gauna dates for all Christian households.,Christian households ke liye animal care workers ki sankhya aur Gauna dates provide karo.
INDIA_IHDS_2005_HOUSEHOLD_SURVEY,Hindi Romanized,64fc570d,0.568893551826477,"Compare the average monthly non-food spending and per capita consumption between urban and rural areas, sorted by the highest non-food expenditure.","Urban aur rural areas ke beech average monthly non-food spending aur per capita consumption ka comparison karo, highest non-food expenditure ke hisaab se sort karte hue."
INDIA_HMIS_Sub_District_Report_Rural_Urban,Hindi Romanized,8574cf17,0.5689893960952759,Which rural sub-districts reported more than 500 pregnant women with hemoglobin levels below 11 in the year 2021?,Kaun se gaon ke ilaake mein 2021 mein 11 se kam hemoglobin wale 500 se zyada pregnant women report kiye gaye?
INDIA_IHDS_2005_HOUSEHOLD_SURVEY,Hindi Romanized,f6f5311b,0.5694183111190796,List the monthly non-food expenditure and the number of workers for the top 10 rural households in Uttar Pradesh with the highest spending.,"Uttar Pradesh ke top 10 rural households ke liye, jo sabse zyada kharch karte hain, monthly non-food expenditure aur workers ki ginti list karo."
INDIA_IHDS_2005_HOUSEHOLD_SURVEY,Hindi Romanized,aa876f79,0.5696170926094055,Provide the number of animal care workers and the Gauna dates for Christian households.,Christian households ke liye animal care workers ki sankhya aur Gauna dates provide karo.
INDIA_IHDS_2005_HOUSEHOLD_SURVEY,Hindi Romanized,20170f0c,0.569757878780365,"Identify the states where the maximum monthly non-food expenditure for urban households does not exceed 5,000 rupees.","States identify karo jahan par urban households ka maximum monthly non-food expenditure 5,000 rupees se zyada na ho."
INDIA_HMIS_Sub_District_Report_Facility_wise,Hindi Romanized,8f9d1458,0.5697603225708008,"Provide a breakdown of total allopathic outpatient attendance and BCG vaccinations for each urban sub-district, sorted by the highest attendance volume.","Har sub urban sub-district ke liye, total allopathic outpatient attendance aur BCG vaccinations ka breakdown do, jisme highest attendance volume ke hisaab se sort kiya ho."
INDIA_IHDS_2011_TRACKING_SURVEY,Hindi Romanized,52c5188e,0.5712218284606934,"Show the education at migration codes and the total count of migrants for those whose activity status is 'Salaried' and whose married when migrated indicator is not null, grouped by their education at migration code and ordered by the count in descending order for the top 5 results.","Un migration codes ki education aur total count of migrants dikhao jinka activity status 'Salaried' hai aur married when migrated indicator null nahi hai, inhein education at migration code ke basis pe group karo aur count ke hisaab se descending order mein top 5 results show karo."
INDIA_HMIS_Sub_District_Report_Facility_wise,Hindi Romanized,467d7795,0.5723493099212646,"Which sub-districts have recorded more than 5,000 allopathic outpatient visits and over 1,000 BCG vaccinations?","Kaunse sub-districts mein 5,000 se zyada allopathic outpatient visits aur 1,000 se adhik BCG vaccinations record hui hain?"
INDIA_ICRISAT_District_Level_Agricultural_Data,Hindi Romanized,f91a0a83,0.5728831887245178,"Provide the pearl millet yields for districts in Chhattisgarh between 1966 and 1970, ordered chronologically.","Chhattisgarh ke districts mein 1966 se 1970 tak pearl millet yields pata karo, chronological order mein arrange karke."
INDIA_HMIS_Sub_District_Report_Rural_Urban,Hindi Romanized,792156ef,0.5739569067955017,Which sub-districts distributed combined oral pill cycles but did not distribute any condoms during the year 2022?,"Kaunse sub-districts ne 2022 mein combined oral pill cycles distribute kiye, lekin condoms ek bhi nahi baate?"
INDIA_Economic_Census_Firms,Hindi Romanized,471bea0a,0.5743997097015381,"List the sub-district names, ordered alphabetically, for areas where the estimated finance from government assistance is 0.000 and the estimated finance borrowed from institutions is also 0.000.","Un sub-district names ki list banao, alphabetical order mein, jahan government assistance se estimated finance 0.000 ho aur institutions se borrowed estimated finance bhi 0.000 ho."
INDIA_HMIS_Sub_District_Report_Rural_Urban,Hindi Romanized,49345135,0.5748862028121948,"Rank the sub-districts and their area types by the total number of allopathic outpatient visits recorded throughout 2021, starting with the highest attendance.","Sub-districts aur unke area types ko 2021 ke allopathic outpatient visits ke total number se rank karo, highest attendance se start karte hue."
INDIA_HMIS_Sub_District_Report_Facility_wise,Hindi Romanized,192c033b,0.5753172039985657,Which rural sub-districts reported at least some administration of the first Vitamin A dose during the year 2022?,"Kaunse rural sub-districts ne year 2022 mein Vitamin A ki pehli dose ki administration report ki thi, chahe thodi hi kyun na ho?"
INDIA_Economic_Census_Firms,Hindi Romanized,f5e1ad47,0.575322151184082,"For the most recent census year available, list the sub-district names along with the total estimated transport and storage costs and the total estimated accommodation and food costs, grouped by sub-district and ordered by the total estimated transport and storage costs in descending order.","Sabse recent census year jo available hai, uske liye sub-district ke naam list karo, jismein total estimated transport and storage costs aur total estimated accommodation and food costs ke saath, sub-district ke hisaab se group karke, aur total estimated transport and storage costs ke descending order mein arrange karo."
INDIA_Economic_Census_Firms,Hindi Romanized,0fe8bc91,0.5758112668991089,"For the census year 2013, list each sub-district name along with the total estimated transport and storage costs and the total estimated accommodation and food costs, grouped and ordered alphabetically by the sub-district name.","Census year 2013 ke liye, har sub-district ka naam list karo, saath mein total estimated transport and storage costs aur total estimated accommodation and food costs. Sub-district name ke hisaab se group karo aur alphabetical order mein arrange karo."
INDIA_IHDS_2011_TRACKING_SURVEY,Hindi Romanized,cd91f0bd,0.5759307146072388,"List the unique PSU codes in ascending order for households where the completion status is 'Located', the household split number is 0, and the new household split number is 1.","Un households ke liye unique PSU codes ascending order mein list karo jahan completion status 'Located' hai, household split number 0 hai, aur new household split number 1 hai."
INDIA_PRIMARY_POPULATION_CENSUS_1991,Hindi Romanized,3cd19b25,0.5766052603721619,"For the state of 'Andaman And Nicobar Islands' during the 1991 census year, list each district and its calculated household density—defined as the total number of households divided by the total number of occupied residential houses—ensuring the total occupied residential houses is greater than zero, and show the top 10 districts with the highest density.","'Andaman And Nicobar Islands' state ke liye 1991 census year mein, har district aur uski calculated household density list karo—jisme household density ko total households divided by total occupied residential houses define kiya gaya hai—ensure karo ki total occupied residential houses zero se zyada ho, aur top 10 districts with highest density dikhao."
INDIA_Village_Amenities_Directory_2001,Hindi Romanized,c4ccc277,0.5773996114730835,List the sub-district names for areas where the rural population is greater than 1109.000 or the scheduled tribes rural population is greater than 0.000.,Un sub-district names ki list dikhao jahan rural population 1109.000 se zyada ho ya scheduled tribes rural population 0.000 se zyada ho.
INDIA_Village_Amenities_Directory_2001,Hindi Romanized,f7a2ccf4,0.5780077576637268,"For the districts of 'North And Middle Andaman' and 'South Andamans', list each district name and the total sum of registered private medical practitioners and community health workers combined.","'North And Middle Andaman' aur 'South Andamans' districts ke liye, har district name aur registered private medical practitioners aur community health workers ka total sum list karo."
INDIA_ICRISAT_District_Level_Agricultural_Data,Hindi Romanized,ed6c8474,0.5791064500808716,"For the year 1970, provide a state-wise breakdown of the average yields for rice and maize, sorted alphabetically by state name.","1970 ke liye, state-wise breakdown dena hai rice aur maize ke average yields ka, alphabetical order mein state name ke basis par sorted."
INDIA_ROAD_ACCIDENTS_DATASET_2001,Hindi Romanized,9e2c6bbe,0.5792555212974548,"For accidents that occurred on a Friday, list each area where an accident occurred along with the average number of casualties and the total count of accident IDs for each of those areas.","Joh accidents Friday ko hua hain, unke liye har area ke liye list karo jahan accident hua tha, saath mein average number of casualties aur har area ke liye total count of accident IDs."
INDIA_IHDS_2005_INDIVIDUAL_SURVEY,Hindi Romanized,c60fb866,0.5795352458953857,Identify all districts that either are classified as urban areas or have conducted household re-interviews.,Sare districts ko identify karo jo urban areas mein classified hai ya fir household re-interviews conduct kiye hain.
INDIA_ICRISAT_District_Level_Agricultural_Data,Hindi Romanized,34fbb349,0.5796240568161011,Provide a state-wise summary of the average yields and total production for pearl and finger millets between 1966 and 1970.,"1966 se 1970 ke beech, har state ka pearl aur finger millets ke average yields aur total production ka summary provide karo."
INDIA_HMIS_Sub_District_Report_Rural_Urban,Hindi Romanized,9475afba,0.5798576474189758,Which five rural sub-districts recorded the highest total allopathic outpatient attendance during the year 2021?,Konsa paanch gaon ke ilaake ne saal 2021 mein sabse zyada allopathic outpatient attendance record kiya hai?
INDIA_ROAD_ACCIDENTS_DATASET_2001,Hindi Romanized,38a1b6a9,0.5808822512626648,List the light conditions and the weather conditions for each unique combination of these two factors that is associated with at least one accident.,"Har ek unique combination ke liye light conditions aur weather conditions list karo jo light aur weather dono factors ke liye associated hai, aur jisme at least ek accident ho."
INDIA_IHDS_2011_TRACKING_SURVEY,Hindi Romanized,2191e982,0.5810470581054688,"For each occupation description, what is the average number of years since death and the total count of deceased IDs?","Har ek occupation description ke liye, death ke baad se average number of years aur deceased IDs ka total count kya hai?"
INDIA_ICRISAT_District_Level_Agricultural_Data,Marathi,c8b55fc5,0.5821782350540161,Which districts produced both pearl millet and more than 200 tons of finger millet in 1970?,१९७० मध्ये कोणत्या जिल्ह्यांनी बाजरी आणि २०० टनांपेक्षा जास्त नाचणी उत्पादन केली?
INDIA_IHDS_2005_HOUSEHOLD_SURVEY,Hindi Romanized,8253a6c1,0.5824283957481384,"List the household IDs and their corresponding caste or religious group categories, ordered from highest to lowest household asset index.","Household IDs aur unke caste ya religious group categories ko list karo, highest se lowest household asset index ke order mein."
INDIA_PRIMARY_POPULATION_CENSUS_1991,Hindi Romanized,03b4027c,0.5826054811477661,"For the state of 'Andaman And Nicobar Islands' and the census year 1991, list each district and the total number of female main workers who are agricultural labourers, sorted by the total number of these workers in descending order.","'Andaman And Nicobar Islands' state aur 1991 census year ke liye, har district ko list karo aur total female main workers joh agricultural labourers hain, unka total number descending order mein sort karke."
INDIA_PRIMARY_POPULATION_CENSUS_1991,Hindi Romanized,7ad5c30b,0.5827074646949768,"List the location name, state, and district for areas where the number of households exceeds the number of occupied residential houses, ordered by the number of households from highest to lowest.","Location name, state, aur district list karein jahan households ki sankhya occupied residential houses se zyada ho, aur households ki sankhya ke hisaab se highest to lowest order mein arrange karein."
INDIA_PRIMARY_POPULATION_CENSUS_1991,Hindi Romanized,1947560a,0.5827223062515259,"For the state of 'Andaman And Nicobar Islands' during the 1991 census year, list each district along with the total number of occupied residential houses and the total number of male workers in trade and commerce, ordered from highest to lowest by the total number of occupied residential houses.","'Andaman And Nicobar Islands' state ke liye, 1991 census year mein, har district ko list karo jisme occupied residential houses ki total sankhya aur trade and commerce mein male workers ki total sankhya ho, aur order karo occupied residential houses ki total sankhya ke hisaab se sabse zyada se sabse kam."
INDIA_Economic_Census_Firms,Hindi Romanized,57101395,0.5838848352432251,"For the census year 2013, list the ULB RLB village names where the estimated human health and social work value is greater than 50.","Census year 2013 ke liye, un ULB RLB village names ki list banao jahan estimated human health and social work value 50 se zyada hai."
INDIA_HMIS_Sub_District_Report_Facility_wise,Hindi Romanized,f9c1581b,0.5857037901878357,"Provide a yearly breakdown by state of the total number of Vitamin A first doses and Measles-Rubella (MCV 1st dose) administered to infants aged 9 to 11 months, sorted chronologically.","Har saal ke hisaab se, state-wise breakdown do, jismein 9 se 11 mahine ke bacchon ko di gayi Vitamin A ki pehli dose aur Measles-Rubella (MCV 1st dose) ki total count ho, chronological order mein sorted."
INDIA_Economic_Census_Firms,Hindi Romanized,09a62cf5,0.5857381224632263,"For the census year 2013, list the ULB RLB village names and their corresponding sub-district names, specifically for locations where the sum of estimated education values is at least 1.000 and the sum of estimated human health and social values is at least 1.000, ordered alphabetically by sub-district name.","Census year 2013 ke liye, ULB RLB village names aur unke corresponding sub-district names list karo, specifically un locations ke liye jahan sum of estimated education values kam se kam 1.000 ho aur sum of estimated human health and social values bhi kam se kam 1.000 ho. Results ko sub-district name ke hisaab se alphabetically order karo."
INDIA_IHDS_2005_INDIVIDUAL_SURVEY,Hindi Romanized,28cc878b,0.5857778787612915,Which states have at least one district with recorded household data for Dalit communities?,Konsi states mein aisa kam se kam ek district hai jahan Dalit communities ke liye recorded household data available hai?
INDIA_IHDS_2011_TRACKING_SURVEY,Hindi Romanized,96ef290a,0.5859732627868652,Provide a list of all unique reason descriptions from the migration reasons dimension.,migration reasons dimension se saare unique reason descriptions ki list provide karein.
INDIA_HMIS_Sub_District_Report_Facility_wise,Hindi Romanized,1ffd35d6,0.5865312814712524,"Rank the urban sub-districts by their allopathic outpatient attendance for the year 2022, starting with the highest.","Urban sub-districts ko 2022 ke allopathic outpatient attendance ke hisaab se rank karo, sabse zyada se shuru karte hue."
INDIA_IHDS_2005_HOUSEHOLD_SURVEY,Hindi Romanized,db637eb6,0.5868528485298157,"Provide the household ID, asset index, and secondary social network contact type for all households belonging to the OBC category.","Sabhi OBC category ke households ke liye household ID, asset index, aur secondary social network contact type provide karo."
INDIA_IHDS_2005_INDIVIDUAL_SURVEY,Hindi Romanized,52475ed3,0.5876949429512024,"Identify the IDs of geographic areas where there is at least one re-interviewed household containing three or more youths aged 15 to 21, sorted numerically.","Geographic areas ke IDs pata karo jahan kam se kam ek aisa ghar ho jo re-interview hua ho aur jisme teen ya usse zyada yuva hon, umar 15 se 21 ke beech, aur results ko numerically sort karo."
INDIA_IHDS_2011_TRACKING_SURVEY,Marathi,a2855db8,0.5877133011817932,List the household ID and the new household split number for all records where the household status ID is 1 and the same address indicator is 'Yes'.,"ज्या सर्व नोंदींसाठी 'household status ID' १ आहे आणि 'same address indicator' 'Yes' आहे, अशा सर्व नोंदींसाठी 'household ID' आणि 'new household split number' ची यादी करा."
INDIA_Economic_Census_Firms,Hindi Romanized,162deae6,0.5878322720527649,"For the census year 2013, list the sub-district names and the names of the ULB, RLB, or villages where the total estimated manufacturing in the secondary sector is greater than 50, ordered from highest to lowest total estimated manufacturing.","Census year 2013 ke liye, sub-district names aur un ULB, RLB ya villages ke names dikhao jahan secondary sector mein total estimated manufacturing 50 se zyada hai, aur results ko highest se lowest total estimated manufacturing ke hisaab se order karo."
INDIA_PRIMARY_POPULATION_CENSUS_1991,Hindi Romanized,dd2c3b18,0.5879706144332886,"List the districts where the census year is 1991 and there are female main workers recorded as agricultural labourers, specifically filtering for districts where the total sum of female main workers who are agricultural labourers exceeds 5000, ordered from highest to lowest sum.","Dikha do un districts ko jahan census year 1991 hai aur female main workers jo agricultural labourers hain unka record hai, specifically un districts ko filter karo jahan female main workers jo agricultural labourers hain unka total sum 5000 se zyada hai, aur order karo highest sum se lowest sum tak."
INDIA_Village_Amenities_Directory_2001,Hindi Romanized,4e52f518,0.5897604823112488,List the sub-district names for areas where the number of subsidized medical practitioners is at least 0.000 and the number of community health workers is exactly 0.000.,Un sub-district names ki list dikhao jahan subsidized medical practitioners ka number kam se kam 0.000 ho aur community health workers ka number exactly 0.000 ho.
INDIA_ROAD_ACCIDENTS_DATASET_2001,Hindi Romanized,9b1772a3,0.5901562571525574,"For each age band of the driver, list the age band, the average number of casualties, and the total count of accident IDs, filtering for groups where the average number of casualties is greater than one and ordering the results by the accident count in descending order.","Driver ke har age band ke liye, age band ko list karo, average number of casualties ko, aur total count of accident IDs ko, filtering karte hue un groups ke liye jahan average number of casualties ek se zyada ho, aur results ko accident count ke basis par descending order mein arrange karo."
INDIA_HMIS_Sub_District_Report_Facility_wise,Hindi Romanized,d11c1bfd,0.5904372930526733,"For the year 2021 in the Andaman and Nicobar Islands, provide a sub-district breakdown of planned and conducted immunization sessions, along with the distribution totals for oral pills and condoms, for areas that had at least one session planned. Sort the results by the number of sessions held.","2021 ke liye, Andaman aur Nicobar Islands mein, un sub-districts ka breakdown do jahan ek bhi immunization session plan kiya gaya ho. Planned aur conducted immunization sessions ke saath, oral pills aur condoms ke distribution totals bhi batayein. Results ko sessions held ki sankhya ke hisaab se sort karo."
INDIA_IHDS_2005_INDIVIDUAL_SURVEY,Hindi Romanized,a2974222,0.5904654264450073,"Rank the states by the average number of children aged 0 to 14 per household, including only those states with more than one recorded household.","States ko ranking karo average number of children aged 0 to 14 per household ke basis par, sirf un states ko include karte hue jahan ek se zyada recorded households hain."
INDIA_ROAD_ACCIDENTS_DATASET_2001,Hindi Romanized,94ebfb34,0.5908573865890503,"List the casualty class and the total count of bridge accident casualty IDs for records where the casualty severity is 2, specifically filtering for and showing only the 'Pedestrian' casualty class, ordered by the casualty class.","Casualty class aur bridge accident casualty IDs ka total count dikhao un records ke liye jahan casualty severity 2 hai, aur sirf 'Pedestrian' casualty class ke liye filter karke results dikhao, casualty class ke hisaab se order karke."
INDIA_ICRISAT_District_Level_Agricultural_Data,Hindi Romanized,d49addb5,0.5909400582313538,"Provide the annual sunflower cultivation statistics, including area, production, and yield, for all districts in Chhattisgarh, ordered chronologically.","Chhattisgarh ke sabhi districts ke liye, annual sunflower cultivation ke statistics provide karo, jisme area, production, aur yield shamil ho, chronologically order karke."
INDIA_PRIMARY_POPULATION_CENSUS_1991,Hindi Romanized,8d0cd404,0.5910108089447021,"For each district where the number of households exceeds the number of occupied residential houses, list the district name along with the total number of male main workers in mining and quarrying and the total number of female main workers in mining and quarrying, ensuring at least one record exists per district and ordering the results by the total male workers in mining and quarrying in descending order.","Har district ke liye jahan households ki sankhya occupied residential houses se zyada ho, district name ke saath mining and quarrying mein total male main workers aur total female main workers ki sankhya list karo, yeh ensure karte hue ki kam se kam ek record per district ho aur results ko mining and quarrying mein total male workers ke hisaab se descending order mein arrange karo."
INDIA_ROAD_ACCIDENTS_DATASET_2001,Marathi,7768a6de,0.5912985801696777,"For each age band of the driver, list the age band itself, the average number of casualties, and the total count of accident IDs.","प्रत्येक वयोगटासाठी, वयोगट स्वतः, सरासरी जखमींची संख्या, आणि अपघातांच्या आयडीची एकूण संख्या सूचीबद्ध करा."
INDIA_HMIS_Sub_District_Report_Rural_Urban,Hindi Romanized,0a861189,0.591741144657135,"Rank the sub-districts and their area types by the total number of allopathic outpatient visits recorded throughout 2021, starting with the highest attendance.","Sub-districts aur unke area types ko 2021 ke saal bhar record kiye gaye allopathic outpatient visits ke total number ke hisaab se rank karo, highest attendance se shuru karte hue."
INDIA_IHDS_2005_HOUSEHOLD_SURVEY,Hindi Romanized,18f440ca,0.591917872428894,Provide a breakdown of household counts by asset index and social group for families that are both engaged in business activities and currently carry outstanding loans.,"Business activities mein lage hue aur abhi tak ke loans wale families ke liye, asset index aur social group ke hisaab se gharo ki sankhya ka breakdown do."
INDIA_Economic_Census_Firms,Marathi,f387f406,0.6026529669761658,"For the census year 2013, list each sub-district name and the total sum of establishments where the residential or commercial status is 0.000, including only those sub-districts with a total sum greater than 0.000, and sort the results by the sum of establishments in descending order.","2013 च्या जनगणना वर्षासाठी, निवासी किंवा व्यावसायिक स्थिती 0.000 असलेल्या प्रतिष्ठानांची एकूण बेरीज 0.000 पेक्षा जास्त असलेल्या उपजिल्ह्यांची यादी करा, आणि परिणाम प्रतिष्ठानांच्या बेरीच्या उतरत्या क्रमाने लावा."
INDIA_HMIS_Sub_District_Report_Facility_wise,Marathi,2b2b7b33,0.6063344478607178,Identify the sub-districts that have recorded allopathic outpatient attendance but have not reported any BCG vaccinations.,"या प्रश्नाचे मराठी भाषेत भाषांतर करा:
सर्व अलोपथिक आउटपेशंट उपस्थिती नोंदवलेले ते उप-जिल्हे ओळखा ज्यांनी कोणतेही बीसीजी लसीकरण अहवालित केले नाही."
INDIA_IHDS_2005_INDIVIDUAL_SURVEY,Tamil,c67084eb,0.6151791214942932,Rank the states by their average monthly per capita consumption for households that are above the poverty line.,போர் வரியை மேலே உள்ள வீட்டுகளுக்கு அவர்களின் சராசரி மாதாந்திர தனிநபர் பயன்பாட்டை அடிப்படையில் மாநிலங்களை வரிசைப்படுத்துங்கள்.
INDIA_ICRISAT_District_Level_Agricultural_Data,Bengali,c8b55fc5,0.6165667176246643,Which districts produced both pearl millet and more than 200 tons of finger millet in 1970?,কোন জেলাগুলো ১৯৭০ সালে মুক্তা বাজরা এবং ২০০ টনের বেশি নাচনি বাজরা উৎপাদন করেছিল?
INDIA_ROAD_ACCIDENTS_DATASET_2001,Telugu,e6ce2687,0.6191235184669495,List the casualty IDs for casualties classified as pedestrians where the casualty severity level is 2.,కాసువల్టీ సెవెరిటీ లెవల్ 2 ఉన్న పెడెస్ట్రియన్‌లుగా వర్గీకరించిన కాసువల్టీల కోసం కాసువల్టీ IDలను జాబితా చేయండి.
INDIA_IHDS_2011_TRACKING_SURVEY,Marathi,4cf91ea8,0.6232713460922241,"List the district codes for the top 10 districts that have a count of household split numbers greater than zero, specifically for households with a completion status of 'Located', ordered by the count of household split numbers in descending order.","ज्या कुटुंबांची स्थिती 'Located' (स्थित) आहे, अशा कुटुंबांसाठी शून्य पेक्षा जास्त 'household split numbers' (कुटुंब विभाजन संख्या) असलेल्या पहिल्या १० जिल्ह्यांचे जिल्हा कोड, त्यांच्या 'household split numbers' च्या उतरत्या क्रमानुसार सूचीबद्ध करा."
INDIA_ROAD_ACCIDENTS_DATASET_2001,Telugu,ae17899a,0.6255342960357666,"For casualties classified as pedestrians, list each sex of casualty along with the average casualty severity, grouped by the sex of the casualty.","పాదచారులుగా వర్గీకరించిన ప్రమాదాల కోసం, ప్రతి సెక్స్ కాసువల్టీని సగటు సెక్స్ కాసువల్టీ తీవ్రతతో కూడా జాబితా చేయండి, సెక్స్ కాసువల్టీ ద్వారా సమూహీకరించబడింది."
INDIA_ROAD_ACCIDENTS_DATASET_2001,Marathi,3cfe7990,0.6264191269874573,"For each age band of the driver, list the age band, the average number of casualties, and the total count of accident IDs.","प्रत्येक वय गटासाठी, वय गट, सरासरी जखमींची संख्या, आणि अपघातांच्या आयडीची एकूण संख्या सूचीबद्ध करा."
INDIA_IHDS_2011_TRACKING_SURVEY,Telugu,6fc06dae,0.6278221607208252,"For the state of Maharashtra, list the PSU codes in ascending order for all locations where the completion status is 'Located', provided that there is at least one household with a split number equal to zero.","మహారాష్ట్ర రాష్ట్రానికి సంబంధించి, కనీసం ఒక ఇంటి విభజన సంఖ్య (split number) సున్నాగా ఉండి, పూర్తిస్థాయి స్థితి (completion status) 'Located' అని ఉన్న అన్ని ప్రాంతాల యొక్క PSU కోడ్‌లను ఆరోహణ క్రమంలో జాబితా చేయండి."
INDIA_HMIS_Sub_District_Report_Facility_wise,Marathi,505ec491,0.6286088228225708,"Rank the sub-districts by their total allopathic outpatient attendance, excluding those with no recorded visits.","उपजिल्ह्यांची क्रमवारी त्यांच्या एकूण एलोपॅथिक आउटपेशंट उपस्थितीच्या आधारे लावा, ज्यांचा कोणताही नोंदवलेला भेटी नाही त्यांना वगळून."
INDIA_IHDS_2011_TRACKING_SURVEY,Tamil,4cf91ea8,0.62954181432724,"List the district codes for the top 10 districts that have a count of household split numbers greater than zero, specifically for households with a completion status of 'Located', ordered by the count of household split numbers in descending order.","வீட்டுப் பூர்த்தி நிலை 'Located' (கண்டறியப்பட்டது) என்று உள்ள வீடுகளில், பூஜ்ஜியத்திற்கும் அதிகமான 'household split numbers' (வீட்டுப் பிரிவு எண்கள்) கொண்ட முதல் 10 மாவட்டங்களின் குறியீடுகளை, அந்த எண்களின் எண்ணிக்கையின் அடிப்படையில் இறங்கு வரிசையில் பட்டியலிடவும்."
INDIA_NWMP_Water_Quality_Data,Tamil,3edd657b,0.632840633392334,"For stations located in the state with ID 1, what is the average maximum fecal streptococci MPN per 100ml and the corresponding type of water body, grouped by the water body type and ordered from highest to lowest average?","ID 1 உள்ள மாநிலத்தில் அமைந்துள்ள நிலையங்களுக்கு, சராசரி அதிகபட்ச மল স্ট்रெப்டোகோக்கி MPN ஒரு 100ml மற்றும் தொடர்புடைய நீர் உடல் வகை என்ன, நீர் உடல் வகை மூலம் தொகுக்கப்பட்ட மற்றும் மிக உচ்சம் முதல் மிகக் குறைந்த சராசரி வரை வரிசைப்படுத்தப்பட்ட?"
INDIA_Economic_Census_Firms,Marathi,29c4da79,0.637404203414917,"List the district names for the state named 'Andhra Pradesh', grouped and ordered alphabetically by district name.",आंध्र प्रदेश राज्यासाठी जिल्ह्यांची नावे वर्णक्रमानुसार क्रमवारी आणि गटबद्ध करा.
INDIA_IHDS_2005_HOUSEHOLD_SURVEY,Marathi,b88f6a77,0.6377447843551636,"Provide the caste or religious group, household asset index, and social network contact types for all households where the Gauna ceremony has taken place, sorted by their asset index.","हा प्रश्न भाषांतरित करा:
सर्व घरांसाठी ज्यांची गौणा समारंभ झाली आहे, त्यांच्या मालमत्ता निर्देशांकानुसार क्रमवारी लावून, त्यांची जात किंवा धार्मिक गट, घरगुती मालमत्ता निर्देशांक आणि सामाजिक संपर्क प्रकार प्रदान करा."
INDIA_Village_Amenities_Directory_2001,Telugu,56a691a8,0.6408599615097046,List the sub-district names where the total rural population of scheduled tribes is greater than zero and the total rural population of scheduled castes is exactly zero.,షెడ్యూల్డ్ తెగల మొత్తం గ్రామీణ జనాభా సున్నా కంటే ఎక్కువగా ఉండి మరియు షెడ్యూల్డ్ కులాల మొత్తం గ్రామీణ జనాభా ఖచ్చితంగా సున్నాగా ఉన్న ఉప-జిల్లా పేర్లను జాబితా చేయండి.
INDIA_ICRISAT_District_Level_Agricultural_Data,Marathi,0cf76c9b,0.648505449295044,Provide the chickpea and pigeon pea yields for each district and state recorded during the year 1970.,या १९७० साली नोंदवलेल्या प्रत्येक जिल्हा आणि राज्यांसाठी चणा आणि तूर यांचे उत्पादन द्या.
INDIA_IHDS_2011_TRACKING_SURVEY,Marathi,a45e1f13,0.6488720178604126,List the distinct geography IDs for households where either the household split number is 1 or the completion status is 'Located'.,"ज्या कुटुंबांसाठी 'household split number' १ आहे किंवा 'completion status' 'Located' आहे, अशा कुटुंबांच्या वेगळ्या (distinct) 'geography IDs' ची यादी करा."
INDIA_IHDS_2005_HOUSEHOLD_SURVEY,Marathi,099f1ade,0.6505992412567139,Identify all households that are either identified as Muslim or have a recorded date for the Gauna ceremony.,"ही विनंती भाषांतरित करा:
अशा सर्व घरांबद्दल ओळखा जे एकतर मुस्लिम म्हणून ओळखले जातात किंवा गौणा समारंभाची नोंद असलेली तारीख आहे."
INDIA_Village_Amenities_Directory_2001,Telugu,4ffa7d6b,0.6522873044013977,List the sub-district names for areas where the scheduled tribes rural population is greater than zero and the scheduled castes rural population is exactly zero.,షెడ్యూల్డ్ తెగల గ్రామీణ జనాభా సున్నా కంటే ఎక్కువగా ఉండి మరియు షెడ్యూల్డ్ కులాల గ్రామీణ జనాభా ఖచ్చితంగా సున్నా ఉన్న ప్రాంతాల యొక్క ఉప-జిల్లా పేర్లను జాబితా చేయండి.
INDIA_NWMP_Water_Quality_Data,Marathi,3edd657b,0.653724193572998,"For stations located in the state with ID 1, what is the average maximum fecal streptococci MPN per 100ml and the corresponding type of water body, grouped by the water body type and ordered from highest to lowest average?","ID 1 असलेल्या राज्यात स्थित स्टेशनसाठी, सरासरी कमाल मल स्ट्रेप्टोकोकी MPN प्रति 100ml आणि संबंधित जल शरीराचा प्रकार काय आहे, जल शरीराच्या प्रकारानुसार गटबद्ध केलेले आणि सर्वोच्च ते सर्वनिम्न सरासरीने क्रमबद्ध केलेले?"
INDIA_IHDS_2011_TRACKING_SURVEY,Telugu,52c5188e,0.6537768840789795,"Show the education at migration codes and the total count of migrants for those whose activity status is 'Salaried' and whose married when migrated indicator is not null, grouped by their education at migration code and ordered by the count in descending order for the top 5 results.","వలస వెళ్ళే సమయానికి వివాహ స్థితి (married when migrated indicator) ఖాళీగా లేని మరియు వారి ప్రస్తుత పని స్థితి 'జీతం పొందే ఉద్యోగి' (Salaried) గా ఉన్న వారిని, వారి వలస నాటి విద్యా కోడ్‌ల (education at migration codes) ఆధారంగా వర్గీకరించి, అత్యధిక వలసదారులు ఉన్న మొదటి 5 ఫలితాలను ఆ విద్యా కోడ్‌లు మరియు మొత్తం వలసదారుల సంఖ్యతో సహా చూపండి."
INDIA_HMIS_Sub_District_Report_Rural_Urban,Marathi,3b902ac4,0.6557893753051758,"List the sub-districts, in alphabetical order, that have distributed more than 5,000 oral pill cycles or over 10,000 condoms.","या प्रश्नाचे मराठीत भाषांतर करा:
५,००० पेक्षा जास्त मौखिक गोळी चक्र वितरित केलेले किंवा १०,००० पेक्षा जास्त कंडोम वितरित केलेले उपजिल्हे, वर्णक्रमानुसार सूचीबद्ध करा."
INDIA_IHDS_2005_HOUSEHOLD_SURVEY,Marathi,a29f6fad,0.656941294670105,Identify all households that either have an asset index of 27 or have a recorded date for the Gauna ceremony.,"हा प्रश्न भाषांतरित करा:
अशा सर्व घरांना ओळखा ज्यांची मालमत्ता निर्देशांक 27 आहे किंवा ज्यांच्याकडे गौणा समारंभाची नोंद असलेली तारीख आहे."
INDIA_IHDS_2005_INDIVIDUAL_SURVEY,Marathi,f7581d11,0.6574478149414062,"Identify the top 10 urban districts with the highest average monthly per capita consumption, including their respective poverty line thresholds.","या प्रश्नाचे मराठीत भाषांतर करा:
सर्वोच्च सरासरी मासिक प्रति व्यक्ती उपभोग असलेले शीर्ष 10 शहरी जिल्हे ओळखा, त्यांच्या संबंधित दारिद्र्यरेषा थ्रेशोल्डसह."
INDIA_ROAD_ACCIDENTS_DATASET_2001,Telugu,7048add7,0.6576446890830994,"List the casualty ID and the sex of the casualty for all individuals classified as pedestrians whose fitness was recorded as normal, ordered alphabetically by their sex.","పాదచారులుగా వర్గీకరించబడిన మరియు ఫిట్‌నెస్ సాధారణంగా నమోదు చేయబడిన అన్ని వ్యక్తుల కోసం ఆకస్మిక ID మరియు ఆకస్మిక లింగాన్ని జాబితా చేయండి, వారి లింగం ద్వారా అక్షర క্రమంలో ఆదేశించబడింది."
INDIA_IHDS_2005_INDIVIDUAL_SURVEY,Marathi,11dce580,0.6576660871505737,"Identify the top 10 rural districts with the highest average household member counts, specifically focusing on those within the second neighborhood category.","या प्रश्नाचे मराठीत भाषांतर करा:
दुसऱ्या शेजारी श्रेणीतील ग्रामीण जिल्ह्यांमध्ये सर्वाधिक सरासरी घरगुती सदस्य संख्या असलेल्या शीर्ष 10 ग्रामीण जिल्ह्यांची ओळख करा."
INDIA_HMIS_Sub_District_Report_Facility_wise,Marathi,eb782162,0.6600470542907715,"Identify the sub-districts that recorded more than 5,000 allopathic outpatient visits and administered over 1,000 BCG vaccines.","या प्रश्नाचे मराठीत भाषांतर करा:
५,००० पेक्षा जास्त एलोपॅथिक आउटपेशंट भेटी आणि १,००० पेक्षा जास्त बीसीजी लसीकरण नोंदवलेले उपजिल्हे ओळखा."
INDIA_IHDS_2011_TRACKING_SURVEY,Marathi,52c5188e,0.6603929400444031,"Show the education at migration codes and the total count of migrants for those whose activity status is 'Salaried' and whose married when migrated indicator is not null, grouped by their education at migration code and ordered by the count in descending order for the top 5 results.","ज्यांचे क्रियाकलाप स्थिती 'पगारदार' (Salaried) आहे आणि ज्यांच्या स्थलांतराच्या वेळच्या वैवाहिक स्थितीचा निर्देशक रिक्त (not null) नाही, अशा व्यक्तींसाठी स्थलांतराच्या वेळचे शिक्षण कोड आणि स्थलांतरितांची एकूण संख्या दर्शवा; हे त्यांच्या स्थलांतराच्या वेळच्या शिक्षण कोडनुसार गटबद्ध करा आणि पहिल्या ५ निकालांसाठी ही संख्या उतरत्या क्रमाने लावा."
INDIA_HMIS_Sub_District_Report_Facility_wise,Marathi,7e253f1f,0.6615099906921387,"Provide the 2021 program management details, including immunization sessions and condom distribution, for sub-districts in the Andaman and Nicobar Islands, categorized by area type.","हा प्रश्न भाषांतरित करा:
आंदमान आणि निकोबार बेटांमधील उप-जिल्ह्यांसाठी, क्षेत्र प्रकारानुसार वर्गीकृत, २०२१ च्या कार्यक्रम व्यवस्थापनाचा तपशील, लसीकरण सत्रे आणि कंडोम वितरणासहित प्रदान करा."
INDIA_IHDS_2005_HOUSEHOLD_SURVEY,Marathi,b46106b7,0.6620454788208008,"List the household IDs and their respective caste or religious group categories, ranked from highest to lowest based on their asset index.","या प्रश्नाचे मराठीत भाषांतर करा:
घरगुती आयडी आणि त्यांच्या संबंधित जात किंवा धार्मिक गट श्रेणी, त्यांच्या मालमत्ता निर्देशांकावर आधारित उच्च ते निम्न क्रमाने यादी करा."
INDIA_Economic_Census_Firms,Marathi,2ad8247d,0.6621428728103638,"List the sub-district names for the census year 2013 where the total number of establishments owned by Sikhs is greater than zero and the total number of establishments owned by Jains is exactly zero, grouped and ordered alphabetically by the sub-district name.","2013 च्या जनगणना वर्षासाठी शीख मालकीची प्रतिष्ठाने शून्यापेक्षा जास्त आणि जैन मालकीची प्रतिष्ठाने नीट शून्य असलेले उपजिल्ह्यांची नावे, उपजिल्हा नुसार वर्गीकृत आणि अल्फाबेटिकली क्रमवारी लावलेले यादी करा."
INDIA_ROAD_ACCIDENTS_DATASET_2001,Marathi,e504e82d,0.6626464128494263,"Show the sex of casualty and the average casualty severity for casualties who are either a driver, rider, or pedestrian and fall within the age bands of 18-30 or 31-50, grouped by their sex, where the average severity is greater than 1, and order the results by the average casualty severity in descending order.","दुर्घटनाग्रस्तांचे लिंग आणि सरासरी दुर्घटनाग्रस्त गंभीरता दाखवा ज्यांचे लिंग, सरासरी गंभीरता 1 पेक्षा जास्त आहे, आणि परिणाम सरासरी दुर्घटनाग्रस्त गंभीरतेच्या उतरत्या क्रमाने क्रमांकित करा, जे ड्रायव्हर, राइडर किंवा पादचारी आहेत आणि 18-30 किंवा 31-50 वयोगटांमध्ये येतात, त्यांच्या लिंगानुसार गटबद्ध केलेले."
INDIA_Village_Amenities_Directory_2001,Tamil,4ffa7d6b,0.6634485721588135,List the sub-district names for areas where the scheduled tribes rural population is greater than zero and the scheduled castes rural population is exactly zero.,"பழங்குடியின கிராமப்புற மக்கள் தொகை பூஜ்ஜியத்தை விட அதிகமாகவும், ஆதிதிராவிடர் கிராமப்புற மக்கள் தொகை சரியாக பூஜ்ஜியமாகவும் உள்ள பகுதிகளின் துணை மாவட்டப் பெயர்களைப் பட்டியலிடுங்கள்."
INDIA_ROAD_ACCIDENTS_DATASET_2001,Marathi,94ebfb34,0.6634975671768188,"List the casualty class and the total count of bridge accident casualty IDs for records where the casualty severity is 2, specifically filtering for and showing only the 'Pedestrian' casualty class, ordered by the casualty class.","दुर्घटना गंभीरता 2 असलेल्या रेकॉर्डसाठी जखमी वर्ग आणि पुल दुर्घटना जखमी आयडीची एकूण संख्या सूचीबद्ध करा, विशेषत: 'पादचारी' जखमी वर्गासाठी फिल्टर करा आणि केवळ दर्शवा, जखमी वर्गानुसार क्रमबद्ध करा."
INDIA_Economic_Census_Firms,Marathi,4b45c0d6,0.663758397102356,"For the most recent census year available, list each ULB RLB village name along with the total sum of human health and social establishments, sorted by the total sum in descending order.","सर्वात अलीकडील जनगणना वर्षासाठी, प्रत्येक ULB RLB गावाचे नाव मानवी आरोग्य आणि सामाजिक संस्थांच्या एकूण बेरीजीसह यादी करा, एकूण बेरीजनुसार उतरत्या क्रमाने क्रमवारी लावून."
INDIA_IHDS_2011_TRACKING_SURVEY,Marathi,725d9099,0.6644505262374878,"List the household ID, the household number, the new household split number, and the completion status for all records where the household split number is 1, ordered by the household ID.","ज्या सर्व नोंदींमध्ये 'household split number' १ आहे, अशा सर्व नोंदींसाठी 'household ID', 'household number', 'new household split number' आणि 'completion status' यांची यादी करा आणि ती 'household ID' नुसार क्रमाने लावा."
INDIA_ROAD_ACCIDENTS_DATASET_2001,Marathi,38a1b6a9,0.6644545793533325,List the light conditions and the weather conditions for each unique combination of these two factors that is associated with at least one accident.,प्रत्येक अद्वितीय संयोजनासाठी प्रकाश परिस्थिती आणि हवामान परिस्थिती सूचीबद्ध करा जी किमान एक अपघातासह संबंधित आहे.
INDIA_HMIS_Sub_District_Report_Rural_Urban,Marathi,21c83e12,0.666100263595581,"Identify the sub-districts that recorded at least one child receiving the second DPT booster (after age 5) in 2021 across both urban and rural areas, listed alphabetically.","हा प्रश्न भाषांतरित करा:
२०२१ मध्ये शहरी आणि ग्रामीण दोन्ही भागात, पाच वर्षांनंतर दुसरा डीपीटी बूस्टर घेतलेले किमान एक मूल नोंदवलेले उपजिल्हे, वर्णक्रमानुसार सूचीबद्ध करा."
INDIA_Economic_Census_Firms,Marathi,b04846f6,0.6688930988311768,"List the sub-district names and the total number of establishments owned by Sikhs for the time period with ID 1, grouped by sub-district and ordered by the highest count first, showing only the top 5 results.","उप-जिल्ह्यांची नावे आणि तांत्रिक कालावधी आयडी 1 साठी सिख मालकीच्या एकूण संस्थांची संख्या यादी करा, उप-जिल्ह्यानुसार गटबद्ध करून, सर्वाधिक संख्येनुसार क्रमवारीत लावून, फक्त शीर्ष 5 परिणाम दाखवा."
INDIA_ROAD_ACCIDENTS_DATASET_2001,Telugu,94ebfb34,0.6689376831054688,"List the casualty class and the total count of bridge accident casualty IDs for records where the casualty severity is 2, specifically filtering for and showing only the 'Pedestrian' casualty class, ordered by the casualty class.","క్షతిగ్రస్త వర్గం మరియు సేతువు ప్రమాదం క్షతిగ్రస్త IDల మొత్తం సంఖ్యను జాబితా చేయండి, ఇక్కడ క్షతిగ్రస్త తీవ్రత 2, ప్రత్యేకంగా 'పాదచారి' క్షతిగ్రస్త వర్గం కోసం ఫిల్టర్ చేసి చూపించండి, క్షతిగ్రస్త వర్గం ద్వారా ఆర్డర్ చేయండి."
INDIA_ROAD_ACCIDENTS_DATASET_2001,Marathi,946fede9,0.6693122982978821,List the casualty IDs for all casualties classified as pedestrians where the casualty severity level is 2.,सर्व पादचाऱ्यांचे नुकसान आयडी सूचीबद्ध करा जेथे नुकसानीचे गंभीरता स्तर 2 आहे.
INDIA_HMIS_Sub_District_Report_Rural_Urban,Marathi,0ae728bb,0.6704232692718506,"Provide a breakdown of oral pill cycles and condoms distributed in 2021 by area type, ranked by the volume of pill distribution for areas with active distribution.","या प्रश्नाचे मराठीत भाषांतर करा:
२०२१ मध्ये मौखिक गोळी चक्र आणि वितरित केलेल्या कंडोमचे क्षेत्र प्रकारानुसार विभाजन प्रदान करा, सक्रिय वितरण असलेल्या क्षेत्रांसाठी गोळी वितरणाच्या प्रमाणानुसार क्रमवारी लावा."
INDIA_Village_Amenities_Directory_2001,Telugu,b6cebcdb,0.6705334186553955,"List the district names and sub-district names for all districts and sub-districts that have a total number of Ayurvedic dispensaries and a total number of Homeopathic dispensaries of at least zero, ordered alphabetically by district name.","కనీసం సున్నా ఆయుర్వేద డిస్పెన్సరీలు మరియు కనీసం సున్నా హోమియోపతి డిస్పెన్సరీలు కలిగిన అన్ని జిల్లాలు మరియు ఉప-జిల్లాల పేర్లను జాబితా చేయండి, వీటిని జిల్లాల పేర్ల వారీగా అక్షర క్రమంలో అమర్చండి."
INDIA_IHDS_2005_HOUSEHOLD_SURVEY,Marathi,4bdaef0f,0.6709704399108887,"Provide a breakdown of the average social ID and the total number of animal care workers, grouped by caste/religion category and social network contact type, for all households with recorded members, sorted by the highest average social ID.","सर्व नोंदवलेल्या घरांसाठी, जात/धर्म श्रेणी आणि सामाजिक नेटवर्क संपर्क प्रकारानुसार गटबद्ध, सर्वाधिक सामाजिक ID सरासरीच्या क्रमाने, सामाजिक ID सरासरीची विभागणी आणि प्राणी संगोपन कर्मचाऱ्यांची एकूण संख्या प्रदान करा."
INDIA_HMIS_Sub_District_Report_Rural_Urban,Marathi,99eb0b3c,0.6711169481277466,"Identify the months that either belong to the year 2022 or recorded more than 5,000 allopathic outpatient visits, sorted alphabetically.","हा प्रश्न भाषांतरित करा:
२०२२ या वर्षातील किंवा ५,००० पेक्षा जास्त एलोपॅथिक रुग्णांची दर्शनी भेट नोंदवलेल्या महिन्यांची ओळख करा, वर्णक्रमानुसार क्रमवारी लावा."
INDIA_IHDS_2011_TRACKING_SURVEY,Telugu,4cf91ea8,0.6711668968200684,"List the district codes for the top 10 districts that have a count of household split numbers greater than zero, specifically for households with a completion status of 'Located', ordered by the count of household split numbers in descending order.","పూర్తయిన స్థితి 'Located' అని ఉన్న గృహాలలో, సున్నా కంటే ఎక్కువ హౌస్‌హోల్డ్ స్ప్లిట్ నంబర్లు (household split numbers) కలిగిన మొదటి 10 జిల్లాల కోడ్‌లను, ఆ స్ప్లిట్ నంబర్ల సంఖ్య ఆధారంగా అవరోహణ క్రమంలో జాబితా చేయండి."
INDIA_HMIS_Sub_District_Report_Rural_Urban,Marathi,9a414d70,0.6713946461677551,"Identify the rural sub-districts that recorded allopathic outpatient attendance in 2022, excluding any sub-districts that also have urban areas with reported attendance for that same year.","या प्रश्नाचे मराठीत भाषांतर करा:
२०२२ मध्ये अॅलोपॅथिक आउटपेशंट उपस्थिती नोंदवलेल्या ग्रामीण उपजिल्ह्यांची ओळख करा, अशा कोणत्याही उपजिल्ह्यांना वगळून ज्यांच्या शहरी भागातही त्या वर्षासाठी नोंदवलेली उपस्थिती आहे."
INDIA_Economic_Census_Firms,Marathi,a63fc1b8,0.6714474558830261,"For the state of Andhra Pradesh, list the district names and the count of distinct ULB/RLB village names, grouped by district name and ordered by the highest count of villages, showing only the top 10 results.","आंध्र प्रदेश राज्यासाठी, जिल्हानुसार गटबद्ध करून, सर्वाधिक गावांच्या संख्येनुसार क्रमवारीत केवळ शीर्ष १० परिणाम दाखवत, जिल्ह्यांची नावे आणि वेगळ्या ULB/RLB गावांच्या नावांची संख्या यादी करा."
INDIA_IHDS_2011_TRACKING_SURVEY,Marathi,0a303459,0.673168420791626,"List the top 10 district codes, ordered by the highest count of household split numbers, specifically for districts that have at least one household split number recorded.","कमीतकमी एक 'हाऊसहोल्ड स्प्लिट नंबर' (household split number) नोंदवलेल्या जिल्ह्यांपैकी, सर्वाधिक 'हाऊसहोल्ड स्प्लिट नंबर' असलेल्या पहिल्या १० जिल्हा कोडची यादी करा."
INDIA_IHDS_2011_TRACKING_SURVEY,Marathi,7f3b380d,0.6744903326034546,"List the household ID, the household number, the household split number, and the state code for all records where the household split number is 1, ordered by the household ID.","ज्या सर्व नोंदींमध्ये 'household split number' १ आहे, अशा नोंदींसाठी 'household ID', 'household number', 'household split number' आणि 'state code' यांची यादी करा आणि ती 'household ID' नुसार क्रमाने लावा."
INDIA_NWMP_Water_Quality_Data,Marathi,5535f693,0.6753634214401245,"Calculate the average of the maximum fecal streptococci MPN per 100ml values, where these maximums are first determined for each type of water body for the year 2023.",२०२३ साठी प्रत्येक प्रकारच्या जलस्रोतासाठी प्रथम निर्धारित केलेल्या कमाल मल स्ट्रेप्टोकोकी एमपीएन प्रति १००मिली मूल्यांचा सरासरी मूल्य मोजा.
INDIA_HMIS_Sub_District_Report_Rural_Urban,Tamil,0e84d553,0.6774477362632751,Confirm the name of the state of Assam from the list of states that have recorded district information.,மாநிலங்களின் பட்டியலில் இருந்து அசாம் மாநிலத்தின் பெயரை உறுதிப்படுத்தவும்.
INDIA_IHDS_2005_HOUSEHOLD_SURVEY,Marathi,8a7c69ea,0.67817223072052,"Identify the IDs of all households with an asset index of 27, excluding any households where children have an unknown school enrollment status, and list them in ascending order.","सर्व घरांमध्ये ज्यांचा आसाम इंडेक्स 27 आहे, त्यांची ID ओळखा, ज्यातील मुलांची शाळेत नोंदणीची स्थिती अज्ञात आहे अशी कोणतीही घरे वगळा, आणि त्यांना चढत्या क्रमाने सूचीबद्ध करा."
INDIA_HMIS_Sub_District_Report_Facility_wise,Marathi,003ab41d,0.6783632040023804,"List all rural sub-districts that reported at least some allopathic outpatient attendance during the year 2022, sorted alphabetically.","या विनंतीचे मराठीत भाषांतर करा:
२०२२ या वर्षात किमान काही अॅलोपॅथिक रुग्णांनी बाह्यरुग्ण विभागात हजेरी दिलेले सर्व ग्रामीण उपजिल्हे, वर्णक्रमानुसार यादी करा."
INDIA_IHDS_2005_HOUSEHOLD_SURVEY,Marathi,a1d8e0fc,0.6787970066070557,"Provide the asset index and secondary social network contact types for households from the OBC category that have recorded utility consumption, sorted by their wealth status.","हा प्रश्न भाषांतरित करा:
ओबीसी श्रेणीतील घरांसाठी, ज्यांनी उपयुक्तता वापर नोंदवला आहे, त्यांच्या संपत्तीच्या स्थितीनुसार क्रमवारी लावून, मालमत्ता निर्देशांक आणि दुय्यम सामाजिक नेटवर्क संपर्क प्रकार प्रदान करा."
INDIA_Economic_Census_Firms,Marathi,cd33eb91,0.6791079044342041,"For the most recent census year available, list each sub-district name and the total sum of estimated residential commercial establishments, filtering for records where the estimated residential commercial value is 0.000, and order the results by the sum in descending order.","सर्वात अलीकडील उपलब्ध जनगणना वर्षासाठी, प्रत्येक उप-जिल्ह्याचे नाव आणि अंदाजे निवासी व्यावसायिक संस्थांची एकूण बेरीज यादी करा, जिथे अंदाजे निवासी व्यावसायिक मूल्य 0.000 असलेल्या नोंदी फिल्टर करा, आणि परिणामांना बेरीजनुसार उतरत्या क्रमाने लावा."
INDIA_IHDS_2011_TRACKING_SURVEY,Marathi,a9501d12,0.6794701814651489,"List the district codes and the count of household split numbers for each district, considering only households with a completion status of 'Located', and show the top 5 districts with the highest counts.","ज्या कुटुंबांची स्थिती 'Located' आहे, अशा कुटुंबांचा विचार करून प्रत्येक जिल्ह्यासाठी जिल्हा कोड आणि हाऊसहोल्ड स्प्लिट नंबरची संख्या सूचीबद्ध करा आणि सर्वाधिक संख्या असलेले पहिले ५ जिल्हे दाखवा."
INDIA_ROAD_ACCIDENTS_DATASET_2001,Tamil,c24c13f9,0.6796623468399048,"List the casualty IDs for casualties classified as pedestrians where the fitness of the casualty is normal, grouped by their casualty ID.","காலணி நிலை சாதாரணமாக இருக்கும் பாதசாரிகளாக வகைப்படுத்தப்பட்ட உயிரிழப்புகளுக்கான உயிரிழப்பு IDகளை பட்டியலிடுங்கள், அவற்றின் உயிரிழப்பு IDக்களால் தொகுக்கப்பட்டவை."
INDIA_HMIS_Sub_District_Report_Rural_Urban,Marathi,e7cbc219,0.6805492639541626,Identify the sub-districts that recorded at least one child receiving the second DPT booster (DPT 5) in 2021 across both rural and urban areas.,"या प्रश्नाचे मराठीत भाषांतर करा:
२०२१ मध्ये ग्रामीण आणि शहरी दोन्ही भागात दुसरा डीपीटी बूस्टर (डीपीटी ५) मिळालेले किमान एक मूल नोंदवलेले उपजिल्हे ओळखा."
INDIA_IHDS_2011_TRACKING_SURVEY,Marathi,dca5c813,0.6805547475814819,"For each state code, list the state code itself, the total count of household IDs, and the average household split number.","प्रत्येक राज्य कोडसाठी, तो राज्य कोड स्वतः, हाऊसहोल्ड आयडीची (household IDs) एकूण संख्या आणि सरासरी हाऊसहोल्ड स्प्लिट नंबरची (household split number) यादी करा."
INDIA_IHDS_2011_TRACKING_SURVEY,Marathi,b7d8b586,0.6805547475814819,"For each state code, list the state code itself, the total count of household IDs, and the average household split number.","प्रत्येक राज्य कोडसाठी, तो राज्य कोड स्वतः, हाऊसहोल्ड आयडीची (household IDs) एकूण संख्या आणि सरासरी हाऊसहोल्ड स्प्लिट नंबरची (household split number) यादी करा."
INDIA_IHDS_2005_HOUSEHOLD_SURVEY,Marathi,8839b1e9,0.6809282302856445,"Identify all households with an asset index of 27 that do not have any animal care workers, sorted by their ID.","या प्रश्नाचे मराठीत भाषांतर करा:
२७ च्या आसामी निर्देशांक असलेले सर्व घरगुती ओळखा ज्यात कोणतेही पशुसंगोपन कामगार नाहीत, त्यांच्या आयडीनुसार क्रमवारी लावा."
INDIA_ROAD_ACCIDENTS_DATASET_2001,Marathi,4958cea5,0.681078314781189,"List the driver ID and the age band of the driver for all records where the driving experience is '1-2yr' or the educational level is 'Junior high school', ordered by the driver ID.","ड्राइव्हर आयडी आणि ड्राइव्हरचे वय गट सूचीबद्ध करा सर्व रेकॉर्डसाठी जेथे ड्राइव्हिंग अनुभव '1-2yr' आहे किंवा शैक्षणिक स्तर 'जूनियर हाय स्कूल' आहे, ड्राइव्हर आयडीनुसार क्रमवारीत."
INDIA_ICRISAT_District_Level_Agricultural_Data,Marathi,d49addb5,0.6820529699325562,"Provide the annual sunflower cultivation statistics, including area, production, and yield, for all districts in Chhattisgarh, ordered chronologically.","ही विनंती भाषांतरित करा:
छत्तीसगढ़ातील सर्व जिल्ह्यांसाठी वार्षिक सूर्यफूल लागवडीची आकडेवारी, क्षेत्र, उत्पादन आणि उत्पादनाचा समावेश करून, कालक्रमानुसार क्रमवारीत प्रदान करा."
INDIA_HMIS_Sub_District_Report_Rural_Urban,Marathi,0387be49,0.6825716495513916,"List the outpatient IDs and their corresponding allopathic attendance counts for December 2022, focusing only on those with recorded visits, sorted from highest to lowest attendance.","हा प्रश्न भाषांतरित करा:
डिसेंबर २०२२ मधील आउटपेशंट आयडी आणि त्यांचे संबंधित एलोपॅथिक उपस्थिती संख्या यादी करा, फक्त नोंदणीकृत भेटी असलेल्यांवर लक्ष केंद्रित करून, उच्चतम ते निम्नतम उपस्थितीच्या क्रमाने क्रमवारी लावा."
INDIA_NWMP_Water_Quality_Data,Telugu,eeb06305,0.6830655336380005,"List the station names for stations located in the state of 'Andhra Pradesh' where the maximum recorded fecal streptococci MPN per 100ml is greater than 1, grouped by the station name.","'Andhra Pradesh' రాష్ట్రంలో ఉన్న స్టేషన్‌ల కోసం స్టేషన్ పేర్లను జాబితా చేయండి, ఇక్కడ గరిష్ట నమోదు చేసిన ఫెకల్ స్ట్రెప్టోకోకి MPN 100ml కంటే ఎక్కువ, స్టేషన్ పేరు ద్వారా సమూహీకరించబడింది."
INDIA_HMIS_Sub_District_Report_Rural_Urban,Marathi,a8da6782,0.683194637298584,"Provide a breakdown of the total oral pill cycles and condoms distributed in 2021, categorized by the type of area.","२०२१ मध्ये वितरित केलेल्या एकूण मौखिक गोळी चक्र आणि कंडोमचे विवरण, क्षेत्राच्या प्रकारानुसार विभागून द्या."
INDIA_HMIS_Sub_District_Report_Rural_Urban,Marathi,d712a643,0.6840188503265381,"List the names of districts in Assam that contain more than one rural sub-district, sorted alphabetically.",असमातील अधिकृत ग्रामीण उपजिल्हा असलेल्या जिल्ह्यांची नावे वर्णक्रमानुसार सूचीबद्ध करा.
INDIA_NWMP_Water_Quality_Data,Marathi,eeb06305,0.684119462966919,"List the station names for stations located in the state of 'Andhra Pradesh' where the maximum recorded fecal streptococci MPN per 100ml is greater than 1, grouped by the station name.","अंध्र प्रदेश राज्यात स्थित स्टेशनचे नाव सूचीबद्ध करा जेथे कमाल नोंदवलेले मल स्ट्रेप्टोकोकाय MPN प्रति 100ml 1 पेक्षा जास्त आहे, स्टेशनचे नाव अनुसार गटबद्ध केले आहे."
INDIA_IHDS_2005_INDIVIDUAL_SURVEY,Marathi,b5c134e6,0.6846040487289429,"Provide a state-wise breakdown of the average number of married women and the total number of children under 15 per household, categorized by urban and rural areas.","या प्रश्नाचे मराठीत भाषांतर करा:
शहरी आणि ग्रामीण भागांनुसार वर्गीकृत, प्रत्येक राज्यातील सरासरी लग्न झालेल्या महिलांची संख्या आणि १५ वर्षाखालील मुलांची एकूण संख्या प्रति कुटुंब द्या."
INDIA_HMIS_Sub_District_Report_Rural_Urban,Telugu,a155bbe3,0.6849724054336548,Identify the sub-districts that reported outpatient services in both rural and urban areas during the year 2021.,2021లో రుణ మరియు పట్టణ ప్రాంతాలలో రుగ్మత సేవలు నివేదించిన ఉప-జిల్లాలను గుర్తించండి.
INDIA_NWMP_Water_Quality_Data,Marathi,b34956c2,0.6856260895729065,"Show the average maximum fecal streptococci MPN per 100ml and the corresponding type of water body, grouped by the type of water body and ordered from the highest average concentration to the lowest.","सर्वोच्च सरासरी मल स्ट्रेप्टोकोकी एमपीएन प्रति १००मिली आणि संबंधित जलस्रोताचा प्रकार दाखवा, जलस्रोताच्या प्रकारानुसार गटबद्ध करा आणि सर्वोच्च सरासरी एकाग्रतेपासून सर्वनिम्न पर्यंत क्रमवारीत करा."
INDIA_IHDS_2005_HOUSEHOLD_SURVEY,Marathi,fab98bd3,0.6858539581298828,"Provide a breakdown of households with outstanding loans involved in activity subtype 40, categorized by their asset index and caste-religion group.","कृपया कर्ज असलेल्या घरगुती कर्जदारांचे विवरण द्या, जे उपप्रकार ४० मध्ये सहभागी आहेत, त्यांच्या मालमत्ता निर्देशांक आणि जात-धर्म गटानुसार वर्गीकृत केलेले."
INDIA_HMIS_Sub_District_Report_Rural_Urban,Telugu,808a7a77,0.6862936615943909,Which sub-districts reported at least one first dose of the Rotavirus vaccine but zero third doses during the year 2021?,"2021 సంవత్సరంలో రోటావైరస్ వ్యాక్సిన్ యొక్క కనీసం ఒక మొదటి డోస్ నివేదించబడిన, కానీ మూడవ డోస్ సున్నా ఉన్న ఉప-జిల్లాలు ఏవి?"
INDIA_ROAD_ACCIDENTS_DATASET_2001,Tamil,e6ce2687,0.6868968605995178,List the casualty IDs for casualties classified as pedestrians where the casualty severity level is 2.,"காலணிப் பாதிக்கப்பட்டவர்களாக வகைப்படுத்தப்பட்ட பாதிக்கப்பட்டவர்களின் பாதிக்கப்பட்ட ID களை பட்டியலிடுங்கள், அங்கு பாதிக்கப்பட்ட தீவிரத்தன்மை நிலை 2 ஆகும்."
INDIA_IHDS_2011_TRACKING_SURVEY,Marathi,a69a9d96,0.6869840621948242,"List the occupation description and the education at death code for all records where the education at death code is 'Illiterate', grouped by both the occupation description and the education code, and ordered alphabetically by occupation description.","ज्या सर्व नोंदींमध्ये मृत्यूसमयीच्या शिक्षणाचा कोड 'Illiterate' (निरक्षर) आहे, अशा सर्व नोंदींसाठी व्यवसायाचे वर्णन आणि मृत्यूसमयीच्या शिक्षणाचा कोड यांची यादी करा; ही माहिती व्यवसायाचे वर्णन आणि शिक्षण कोड या दोन्हीनुसार गटबद्ध (grouped) करा आणि व्यवसायाच्या वर्णनानुसार वर्णक्रमानुसार (alphabetically) लावा."
INDIA_NWMP_Water_Quality_Data,Marathi,0706f6e2,0.6877893209457397,"List the state IDs for states that have stations located on lakes, excluding those state IDs that have stations located on tanks.","झीलांवर स्थित स्टेशन असलेल्या राज्यांची राज्य आयडी सूचीबद्ध करा, टाकांवर स्थित स्टेशन असलेल्या राज्य आयडी वगळून."
INDIA_IHDS_2011_TRACKING_SURVEY,Marathi,0360a402,0.6878669261932373,List the household IDs for all households where the same address indicator is marked as 'Yes'.,"ज्या कुटुंबांसाठी 'समान पत्ता निर्देशक' (same address indicator) 'हो' (Yes) म्हणून चिन्हांकित केला आहे, अशा सर्व कुटुंबांचे आयडी (IDs) सूचीबद्ध करा."
INDIA_ROAD_ACCIDENTS_DATASET_2001,Marathi,bbc25a79,0.688269853591919,"List the light conditions and weather conditions for all environmental settings where the total number of casualties exceeds 2, and display these results in descending order based on the total sum of casualties.","सर्व पर्यावरणीय सेटिंग्जसाठी प्रकाश परिस्थिती आणि हवामान परिस्थिती सूचीबद्ध करा जेथे एकूण मृत्यूदंड संख्या 2 पेक्षा जास्त आहे, आणि एकूण मृत्यूदंडांच्या एकूण बेरजेच्या आधारे हे परिणाम उतरत्या क्रमाने प्रदर्शित करा."
INDIA_NWMP_Water_Quality_Data,Tamil,5535f693,0.6888514161109924,"Calculate the average of the maximum fecal streptococci MPN per 100ml values, where these maximums are first determined for each type of water body for the year 2023.","2023 ஆம் ஆண்டிற்கான ஒவ்வொரு நீர்நிலை வகைக்கும் முதலில் அதிகபட்சம் நிர்ணயிக்கப்பட்ட பின்னர், இந்த அதிகபட்சங்களின் மலம் சிதைவு ஸ்ட்ரெப்டோகோக்கி MPN ஒரு 100ml மதிப்புகளின் சராசரியைக் கணக்கிடுக."
INDIA_IHDS_2005_HOUSEHOLD_SURVEY,Marathi,9d718365,0.6888940930366516,"Identify the geography IDs for areas that either have a village health facility or a monthly per capita consumption exceeding 3,667, ensuring only locations with at least one recorded consumption entry are included.","हा प्रश्न भाषांतरित करा:
अशा भागांचे भूगोल आयडी ओळखा ज्यामध्ये एकतर गावातील आरोग्य सुविधा आहे किंवा मासिक प्रति व्यक्ती उपभोग ३,६६७ पेक्षा जास्त आहे, हे सुनिश्चित करा की किमान एक नोंदवलेला उपभोग नोंद असलेल्या स्थानांचा समावेश आहे."
INDIA_IHDS_2011_TRACKING_SURVEY,Tamil,4d402096,0.6891689896583557,"List the household ID, the household number, and the state code for all records where the household split number is greater than zero and the state code is 'Rajasthan'.","வீட்டுப் பிரிப்பு எண் (household split number) பூஜ்ஜியத்தை விட அதிகமாகவும், மாநிலக் குறியீடு (state code) 'ராஜஸ்தான்' என்றும் உள்ள அனைத்துப் பதிவுகளுக்கான குடும்ப அடையாள எண் (household ID), குடும்ப எண் (household number) மற்றும் மாநிலக் குறியீடு ஆகியவற்றைப் பட்டியலிடவும்."
INDIA_ICRISAT_District_Level_Agricultural_Data,Telugu,b4ad1d2f,0.6892613172531128,"Provide a list of states and districts that had active sunflower production, ordered by the most recent year.","సూర్యకాంతి ఉత్పత్తి కలిగిన రాష్ట్రాలు మరియు జిల్లాల జాబితాను అందించండి, ఇటీవలి సంవత్సరం ఆధారంగా క్రమబద్ధీకరించబడింది."
INDIA_Economic_Census_Firms,Marathi,9e644c4d,0.6899728775024414,"For the census year 2013, considering only the record with the maximum time ID available, list the names of the ULB, RLB, or villages where the total sum of establishments owned by females is exactly zero.","२०१३ च्या जनगणना वर्षासाठी, केवळ सर्वाधिक वेळ आयडी उपलब्ध असलेल्या नोंदीचा विचार करून, ज्या अर्धशहरी स्थानिक स्वराज्य संस्था (ULB), ग्रामीण स्थानिक स्वराज्य संस्था (RLB) किंवा गावांमध्ये महिलांच्या मालकीच्या संस्थांची एकूण बेरीज नक्की शून्य आहे, त्यांची नावे यादी करा."
INDIA_Village_Amenities_Directory_2001,Tamil,c2f60fd2,0.69022536277771,"List the sub-district name and district name, along with the total number of ayurvedic dispensaries and the total number of allopathic hospitals for each sub-district and district combination where the total number of homeopathic dispensaries is greater than zero.","ஒவ்வொரு துணை மாவட்டம் மற்றும் மாவட்டக் கூட்டிற்கும், ஹோமியோபதி மருந்தகங்களின் மொத்த எண்ணிக்கை பூஜ்ஜியத்தை விட அதிகமாக உள்ள இடங்களில், துணை மாவட்டப் பெயர் மற்றும் மாவட்டப் பெயருடன், ஆயுர்வேத மருந்தகங்களின் மொத்த எண்ணிக்கை மற்றும் அலோபதி மருத்துவமனைகளின் மொத்த எண்ணிக்கை ஆகியவற்றைப் பட்டியலிடவும்."
INDIA_Economic_Census_Firms,Marathi,c4e8af4a,0.6908119916915894,"List the sub-district names, sorted alphabetically, for all sub-districts that have at least one finance source record where both the estimated government financial assistance and the estimated amount borrowed from institutions are equal to 0.000.","सर्व उप-जिल्ह्यांसाठी उप-जिल्ह्यांची नावे वर्णक्रमानुसार क्रमवारी लावा, जिथे किमान एक आर्थिक स्रोत नोंद असे आहे जिथे अंदाजे सरकारी आर्थिक मदत आणि संस्थांकडून कर्ज घेतलेली अंदाजे रक्कम दोन्ही 0.000 आहे."
INDIA_HMIS_Sub_District_Report_Rural_Urban,Marathi,8bf6dcf9,0.6908498406410217,"Identify the sub-districts that, in 2021, reported either more than 15 Rotavirus 1 immunizations in rural areas or more than 1 Vitamin A first dose administrations in urban areas, listed alphabetically.","हा प्रश्न भाषांतरित करा:
२०२१ मध्ये, ग्रामीण भागात १५ पेक्षा जास्त रोटाव्हायरस १ लसीकरण किंवा शहरी भागात १ पेक्षा जास्त व्हिटॅमिन ए पहिली डोस प्रशासन अहवालित केलेल्या उप-जिल्ह्यांची वर्णक्रमानुसार यादी करा."
INDIA_HMIS_Sub_District_Report_Facility_wise,Marathi,c2377545,0.691576361656189,List the unique sub-districts that either are classified as rural or recorded outpatient services during the year 2022.,"या प्रश्नाचे मराठीत भाषांतर करा:
२०२२ या वर्षात ग्रामीण वर्गीकृत असलेल्या किंवा आउटपेशंट सेवा नोंदवलेल्या अद्वितीय उपजिल्ह्यांची यादी करा."
INDIA_IHDS_2005_INDIVIDUAL_SURVEY,Marathi,4b1a5490,0.6916829943656921,"Identify the rural districts that contain households living above the poverty line, excluding any urban districts that also have households above the poverty line.","गरीबी रेषेच्या वर राहणाऱ्या घरांसह ग्रामीण जिल्हे ओळखा, गरीबी रेषेच्या वर राहणाऱ्या घरांसह असलेले कोणतेही शहरी जिल्हे वगळून."
INDIA_IHDS_2005_INDIVIDUAL_SURVEY,Marathi,0d75150d,0.6919057369232178,"Identify the top 5 rural districts with the highest average number of married women per household, considering only those districts with more than one household record.","हा प्रश्न भाषांतरित करा:
एकापेक्षा जास्त घरगुती नोंदी असलेल्या जिल्ह्यांचा विचार करून, प्रत्येक घरातील सरासरी विवाहित महिलांच्या संख्येनुसार शीर्ष ५ ग्रामीण जिल्हे ओळखा."
INDIA_ROAD_ACCIDENTS_DATASET_2001,Marathi,b09b770f,0.6927527785301208,"Grouped by the age band of the driver, what is the age band, the average number of casualties, and the total count of unique accident IDs for those drivers involved in more than one accident, ordered by the average number of casualties in descending order?","ड्रायव्हरच्या वयोगटानुसार गटबद्ध केले असता, वयोगट, सरासरी जखमींची संख्या, आणि एकापेक्षा जास्त अपघातांमध्ये सामील असलेल्या ड्रायव्हरसाठी अद्वितीय अपघात आयडीची एकूण संख्या किती आहे, सरासरी जखमींची संख्या उतरत्या क्रमानुसार क्रमबद्ध केली आहे?"
INDIA_ROAD_ACCIDENTS_DATASET_2001,Marathi,1640e576,0.69353848695755,"For environments where the light conditions are 'Darkness - no lighting', list each environment ID and the total count of accident IDs, provided that the sum of the number of casualties for that environment ID is greater than 5.","अंधार - कोणतेही प्रकाश नसलेल्या प्रकाश परिस्थितीच्या वातावरणांसाठी, प्रत्येक वातावरण ID आणि अपघात IDची एकूण संख्या सूचीबद्ध करा, बशर्ते की त्या वातावरण ID साठी हताहतांच्या संख्येची बेरीज 5 पेक्षा जास्त असेल."
INDIA_ROAD_ACCIDENTS_DATASET_2001,Marathi,e1d7950c,0.6944990158081055,"List the driving experience levels and the total count of accident IDs for drivers who either have '1-2yr' of driving experience or an educational level of 'Junior high school', grouping the results by driving experience and including only those groups with more than 1 accident.","ड्राइव्हिंग अनुभव स्तर आणि अपघात आयडीची एकूण संख्या सूचीबद्ध करा ज्या ड्राइव्हरसाठी '1-2yr' ड्राइव्हिंग अनुभव आहे किंवा शैक्षणिक स्तर 'जूनियर हाই स्कूल' आहे, परिणाम ड्राइव्हिंग अनुभवानुसार गटबद्ध करा आणि केवळ 1 पेक्षा जास्त अपघात असलेले गट समाविष्ट करा."
INDIA_HMIS_Sub_District_Report_Facility_wise,Hindi,003ab41d,0.694782018661499,"List all rural sub-districts that reported at least some allopathic outpatient attendance during the year 2022, sorted alphabetically.","इस प्रश्न का अनुवाद करें:
2022 के दौरान कुछ आलोपैथिक आउटपेशेंट उपस्थिति दर्ज करने वाले सभी ग्रामीण उप-जिलों की सूची बनाएं, वर्णानुक्रम में व्यवस्थित करें।"
INDIA_Economic_Census_Firms,Telugu,77a4e2c5,0.6953153610229492,"List the sub-district names, ordered alphabetically, that had a total number of establishments greater than zero but zero residential or commercial establishments during the 2013 census year.","2013 జనగణన సంవత్సరంలో, మొత్తం సంస్థల సంఖ్య సున్నా కంటే ఎక్కువగా ఉండి, నివాస లేదా వాణిజ్య సంస్థలు సున్నాగా ఉన్న ఉప-జిల్లా పేర్లను వర్ణమాల క్రమంలో జాబితా చేయండి."
INDIA_ROAD_ACCIDENTS_DATASET_2001,Telugu,cf18af22,0.6962833404541016,Show all columns from the casualty dimension for records where the casualty class is 'Pedestrian' and the fitness of the casualty is 'Normal'.,క్షతిగ్రస్త వర్గం 'పాదచారి' మరియు క్షతిగ్రస్త ఫిట్‌నెస్ 'సాధారణ' ఉన్న రికార్డ్‌ల కోసం క్షతిగ్రస్త డైమెన్షన్ నుండి అన్ని నిలువు వరుసలను చూపించండి.
INDIA_IHDS_2011_TRACKING_SURVEY,Marathi,bb6daf07,0.6965184211730957,"For each person ID and household split number, find the maximum age and the household split number, filtering for those where the maximum age is greater than 13, and list the top 10 results sorted by the maximum age in descending order.","प्रत्येक व्यक्तीचा आयडी (ID) आणि कुटुंबाच्या विभाजनाच्या क्रमांकासाठी (household split number), जास्तीत जास्त वय आणि कुटुंबाच्या विभाजनाचा क्रमांक शोधा, ज्यामध्ये जास्तीत जास्त वय १३ पेक्षा जास्त आहे असे निकाल निवडा, आणि जास्तीत जास्त वयानुसार उतरत्या क्रमाने पहिल्या १० निकालांची यादी करा."
INDIA_HMIS_Sub_District_Report_Rural_Urban,Marathi,0a861189,0.6965892910957336,"Rank the sub-districts and their area types by the total number of allopathic outpatient visits recorded throughout 2021, starting with the highest attendance.","या प्रश्नाचे मराठीत भाषांतर करा:
सर्वाधिक उपस्थितीपासून सुरुवात करून, २०२१ मध्ये नोंदवलेल्या सर्व एलोपॅथिक रुग्णांच्या एकूण संख्येनुसार उपजिल्हे आणि त्यांच्या क्षेत्र प्रकारांची श्रेणी द्या."
INDIA_ROAD_ACCIDENTS_DATASET_2001,Marathi,c24c13f9,0.697613000869751,"List the casualty IDs for casualties classified as pedestrians where the fitness of the casualty is normal, grouped by their casualty ID.","पादचारी म्हणून वर्गीकृत केलेल्या जखमींच्या जखमी आयडी सूचीबद्ध करा जेथे जखमीचा फिटनेस सामान्य आहे, त्यांच्या जखमी आयडीनुसार गटबद्ध केलेले."
INDIA_HMIS_Sub_District_Report_Rural_Urban,Marathi,170b0d9f,0.6979238986968994,Rank the months of 2022 from highest to lowest based on the total number of allopathic outpatient visits.,२०२२च्या महिन्यांची सर्व आलोपथिक आउटपेशंट भेटींच्या एकूण संख्येवरून उच्च ते निम्न क्रमाने मांडणी करा.
INDIA_IHDS_2011_TRACKING_SURVEY,Marathi,59e39262,0.6984553337097168,"For each activity status and education at migration code, what is the activity status, the education at migration code, and the total count of migrant IDs, including only those combinations with more than zero migrants, sorted by the count in descending order?","प्रत्येक क्रियाकलाप स्थिती (activity status) आणि स्थलांतरण वेळेची शिक्षण पातळी (education at migration code) यांच्यासाठी, क्रियाकलाप स्थिती, स्थलांतरण वेळेची शिक्षण पातळी आणि स्थलांतरित आयडींची (migrant IDs) एकूण संख्या काय आहे? यामध्ये फक्त अशाच जोड्यांचा समावेश करा ज्यामध्ये स्थलांतरितांची संख्या शून्यापेक्षा जास्त आहे आणि ही यादी संख्येनुसार उतरत्या क्रमाने (descending order) लावा."
INDIA_HMIS_Sub_District_Report_Rural_Urban,Telugu,7b7a0b0d,0.6985449194908142,Identify the rural sub-districts that had maternal ANC registrations in 2022 but did not record any in 2021.,"ఈ ప్రశ్నను తెలుగులో అనువదించండి:
2022లో తల్లిగా ANC నమోదు చేసుకున్న గ్రామీణ ఉప జిల్లాలను గుర్తించంగా, కానీ 2021లో ఏవీ రికార్డ్ చేయబడలేదు."
INDIA_ROAD_ACCIDENTS_DATASET_2001,Marathi,94e894a9,0.6988004446029663,"For accidents occurring on a Monday, list each area where an accident occurred along with the average number of casualties and the total count of accident IDs, grouped by the area of the accident.","सोमवारी घडलेल्या अपघातांसाठी, प्रत्येक क्षेत्र जेथे अपघात घडला तेथे सूचीबद्ध करा आणि सरासरी मृत्यूदंड संख्या आणि अपघात आयडीची एकूण संख्या, अपघाताच्या क्षेत्रानुसार गटबद्ध केली."
INDIA_IHDS_2005_INDIVIDUAL_SURVEY,Marathi,fbf26291,0.6990607976913452,"Identify the states and districts that contain households either belonging to the Brahmin group or ranking 21 on the household assets index, sorted alphabetically by state.","या प्रश्नाचा मराठी अनुवाद:
ब्राह्मण गटातील किंवा घरगुती मालमत्ता निर्देशांकावर २१ क्रमांक असलेल्या घरांच्या राज्ये आणि जिल्हे ओळखा, राज्यांच्या नावानुसार क्रमवारीत मांडा."
INDIA_IHDS_2011_TRACKING_SURVEY,Marathi,237a1657,0.6997305750846863,"List the household IDs for households where all members are at least 22 years old, but specifically only those households where none of the members have a marital status code indicating they are married.","अशा कुटुंबांचे आयडी (IDs) सूचीबद्ध करा ज्यांमधील सर्व सदस्यांचे वय किमान २२ वर्षे आहे, परंतु विशेषतः फक्त अशीच कुटुंबे निवडा ज्यांमधील कोणत्याही सदस्याची वैवाहिक स्थिती 'विवाहित' नाही."
INDIA_HMIS_Sub_District_Report_Facility_wise,Marathi,2c355a90,0.6998308897018433,List the top five sub-districts in the Andaman and Nicobar Islands with the highest total number of first-dose Vitamin A administrations recorded in 2021.,"या प्रश्नाचे मराठीत भाषांतर करा:
२०२१ मध्ये नोंदवलेल्या पहिल्या डोसच्या व्हिटॅमिन ए प्रशासनाच्या एकूण संख्येसह अंदमान आणि निकोबार बेटांमधील शीर्ष पाच उप-जिल्ह्यांची यादी करा."
INDIA_Economic_Census_Firms,Marathi,b766b4e4,0.6999354362487793,"List the sub-district names, ordered alphabetically, for records where either the census year is 2013 and the village name is 'Chouldari (Rv)' or the number of establishments owned by other genders is 0.000, ensuring that at least one time record exists for each sub-district.","ज्या उपजिल्ह्यांच्या नावांची यादी अक्षरानुक्रमान करावी, जिथे एकतर जनगणना वर्ष 2013 आणि गावाचे नाव 'चौलदारी (Rv)' असेल किंवा इतर लिंगांच्या मालकीच्या संस्थांची संख्या 0.000 असेल, आणि प्रत्येक उपजिल्ह्यासाठी किमान एक वेळेचा रेकॉर्ड अस्तित्वात असलेला असावा."
INDIA_IHDS_2005_INDIVIDUAL_SURVEY,Marathi,85f3abb5,0.7003474831581116,Identify the states and districts that are either classified as urban or contain households with more than three residents aged 15 to 21.,"हा प्रश्न भाषांतरित करा:
शहरी वर्गीकृत असलेले किंवा 15 ते 21 वयोगटातील तीनहून अधिक सदस्य असलेल्या घरांसह राज्ये आणि जिल्हे ओळखा."
INDIA_ROAD_ACCIDENTS_DATASET_2001,Marathi,3de8a963,0.7005198001861572,"List the casualty ID, the casualty class, the sex of the casualty, and the accident severity for casualties classified as 'Pedestrian' who have a 'Normal' fitness level, ensuring each casualty is associated with at least one accident, and order the results by the casualty class.","पादचारी म्हणून वर्गीकृत केलेल्या जखमींसाठी जखमी आयडी, जखमी वर्ग, जखमीचे लिंग आणि अपघात गंभीरता सूचीबद्ध करा ज्यांचे 'सामान्य' फिटनेस स्तर आहे, प्रत्येक जखमी कमीतकमी एका अपघाताशी संबंधित आहे याची खात्री करून, आणि परिणाम जखमी वर्गानुसार क्रमबद्ध करा."
INDIA_IHDS_2005_HOUSEHOLD_SURVEY,Marathi,ca663f58,0.7006131410598755,Provide a breakdown by state and village healthcare availability showing the average monthly per capita consumption and total non-food expenditure.,"या प्रश्नाचे मराठीत भाषांतर करा:
राज्य आणि गावानुसार आरोग्यसेवा उपलब्धतेचे विभाजन दर्शवा, ज्यामध्ये सरासरी मासिक प्रति व्यक्ती उपभोग आणि एकूण अन्नेतर खर्च दाखवला आहे."
INDIA_HMIS_Sub_District_Report_Facility_wise,Telugu,60f65c76,0.7008458971977234,Which rural sub-districts reported at least some Rotavirus 1 vaccinations in 2022 but had zero recorded Vitamin A first doses?,"ఈ ప్రశ్నను తెలుగులో అనువదించండి:
2022లో రోటావైరస్ 1 టీకాలు కనీసం కొన్ని నమోదు చేయబడిన, కానీ విటమిన్ ఎ మొదటి డోస్ సున్నా నమోదు చేయబడిన గ్రామీణ ఉప-జిల్లాలు ఏవి?"
INDIA_HMIS_Sub_District_Report_Rural_Urban,Marathi,a70d05df,0.7012896537780762,"Provide a yearly breakdown of the total allopathic outpatient attendance, ordered chronologically.","या प्रश्नाचे मराठीत भाषांतर करा:
एकूण ऍलोपॅथिक रुग्णांच्या वर्षवार बाह्यरुग्ण उपस्थितीचे कालक्रमानुसार विभाजन द्या."
INDIA_ROAD_ACCIDENTS_DATASET_2001,Marathi,1c2bc7c6,0.7015278339385986,"List the accident IDs for cases involving drivers with 1-2 years of driving experience, where the total sum of casualties for each accident is greater than 3, ordered by the maximum number of casualties in descending order.","ड्रायव्हिंग अनुभव 1-2 वर्षांच्या ड्रायव्हरांचा समावेश असलेल्या अपघातांचे आयडी सूचीबद्ध करा, जेथे प्रत्येक अपघातासाठी हताहतांची एकूण बेरीज 3 पेक्षा जास्त आहे, हताहतांच्या कमाल संख्येनुसार उतरत्या क्रमाने क्रमबद्ध करा."
INDIA_IHDS_2005_HOUSEHOLD_SURVEY,Marathi,8253a6c1,0.7015434503555298,"List the household IDs and their corresponding caste or religious group categories, ordered from highest to lowest household asset index.","या प्रश्नाचे मराठीत भाषांतर करा:
कुटुंब मालमत्ता निर्देशांकानुसार उच्चतम ते निम्नतम क्रमाने, घरगुती आयडी आणि त्यांच्या संबंधित जात किंवा धार्मिक गट श्रेणी यांची यादी करा."
INDIA_Economic_Census_Firms,Telugu,244da596,0.7017377614974976,"List the ULB RLB village names, sorted alphabetically, for locations where the number of forestry and logging establishments is greater than zero or the number of residential and commercial establishments is greater than zero.","అడవి మరియు కలప వ్యాపార సంస్థల సంఖ్య సున్నా కంటే ఎక్కువగా ఉన్న లేదా నివాస మరియు వాణిజ్య సంస్థల సంఖ్య సున్నా కంటే ఎక్కువగా ఉన్న ప్రాంతాల కోసం, అకారాది క్రమంలో క్రమబద్ధీకరించబడిన ULB RLB గ్రామాల పేర్లను జాబితా చేయండి."
INDIA_HMIS_Sub_District_Report_Rural_Urban,Marathi,0e84d553,0.7018718719482422,Confirm the name of the state of Assam from the list of states that have recorded district information.,असम राज्याचे नाव राज्यांच्या यादीतून नोंदविलेल्या जिल्हा माहितीच्या आधारे पुष्टी करा.
INDIA_IHDS_2005_INDIVIDUAL_SURVEY,Marathi,f28e2a1a,0.7020115852355957,"List the household IDs and their corresponding asset indices for Dalit households located in rural areas of Uttar Pradesh, ordered by their asset index.","या क्वेरीचे मराठीत भाषांतर करा:
उत्तर प्रदेशातील ग्रामीण भागातील दलित घरगुती कुटुंबांची घरगुती आयडी आणि त्यांचे संबंधित मालमत्ता निर्देशांक, त्यांच्या मालमत्ता निर्देशांकानुसार क्रमवारी लावून सूचीबद्ध करा."
INDIA_IHDS_2005_HOUSEHOLD_SURVEY,Marathi,6493ceb6,0.7021408677101135,"Provide a list of household IDs for those categorized as OBC that have a recorded asset index, sorted by their ID.",ओबीसी श्रेणीतील आणि नोंदणीकृत मालमत्ता निर्देशांक असलेल्या घरांची यादी त्यांच्या आयडीनुसार क्रमवारीत प्रदान करा.
INDIA_Economic_Census_Firms,Marathi,a6f826b8,0.7022335529327393,"List the names of the ULB, RLB, or villages located in the state of 'Andhra Pradesh' and the district of 'Chittoor', grouped and ordered alphabetically by the village name.","'आंध्र प्रदेश' राज्य आणि 'चित्तूर' जिल्ह्यातील शहरी स्थानिक संस्था, ग्रामीण स्थानिक संस्था किंवा गावांची नावे, गावाच्या नावानुसार वर्णक्रमानुसार गट करून सूचीबद्ध करा."
INDIA_PRIMARY_POPULATION_CENSUS_1991,Marathi,14459121,0.7028237581253052,"For the country of India and the census year 1991, list the districts and their calculated household density—defined as the sum of the number of households divided by the total population—for the top 10 districts with a total population greater than zero, ordered by density from highest to lowest.","भारत देशासाठी आणि 1991 च्या जनगणना वर्षासाठी, एकूण लोकसंख्या शून्यापेक्षा जास्त असलेल्या जिल्ह्यांपैकी घनता (घरसंख्येची बेरीज एकूण लोकसंख्येने भागल्याने मिळणारी) नुसार सर्वोच्च ते सर्वात कमी अशा क्रमाने वरील 10 जिल्हे आणि त्यांची गणना केलेली घरसंख्या घनता यादी करा."
INDIA_IHDS_2005_INDIVIDUAL_SURVEY,Marathi,a8715a74,0.7028285264968872,"Compare the average monthly per capita consumption and total household count across different states and urban/rural areas, focusing only on households above the poverty line.","या प्रश्नाचे मराठीत भाषांतर करा:
गरीबी रेषेच्या वर असलेल्या घरांवर लक्ष केंद्रित करून, विविध राज्ये आणि शहरी/ग्रामीण भागातील सरासरी मासिक प्रति व्यक्ती उपभोग आणि एकूण कुटुंब संख्या यांची तुलना करा."
INDIA_IHDS_2005_HOUSEHOLD_SURVEY,Marathi,db3bd75d,0.703121542930603,"List the IDs of OBC households that have a high asset index and specific social network contacts, sorted from highest to lowest asset wealth.","या प्रश्नाचे मराठीत भाषांतर करा:
उच्च मालमत्ता निर्देशांक आणि विशिष्ट सामाजिक नेटवर्क संपर्क असलेल्या OBC कुटुंबांची ID यादी करा, जी सर्वोच्च ते निम्न मालमत्ता संपत्तीनुसार क्रमवारी लावलेली असेल."
INDIA_ROAD_ACCIDENTS_DATASET_2001,Telugu,cab01d87,0.7032045125961304,"List the driver ID, the age band of the driver, and the sex of the driver, along with the total count of accidents for each driver, specifically for those who have between 1-2 years of driving experience or whose educational level is 'Junior high school', including those with zero accidents, and order the results by the accident count in descending order.","డ్రైవర్ ID, డ్రైవర్ యొక్క వయస్సు బ్యాండ్ మరియు డ్రైవర్ యొక్క లింగం, ప్రతి డ్రైవర్ కోసం మొత్తం ప్రమాదాల సంఖ్య, ప్రత్యేకంగా 1-2 సంవత్సరాల డ్రైవింగ్ అనుభవం ఉన్నవారు లేదా విద్యా స్థాయి 'జూనియర్ హైస్కూల్' ఉన్నవారు, సున్నా ప్రమాదాలు ఉన్నవారితో సహా, మరియు ఫలితాలను ప్రమాద సంఖ్య ఆధారంగా అవరోహణ క్రమంలో ఆర్డర్ చేయండి."
INDIA_IHDS_2011_TRACKING_SURVEY,Telugu,4d402096,0.7034993171691895,"List the household ID, the household number, and the state code for all records where the household split number is greater than zero and the state code is 'Rajasthan'.","కుటుంబ విభజన సంఖ్య (household split number) సున్నా కంటే ఎక్కువగా ఉండి మరియు రాష్ట్ర కోడ్ 'రాజస్థాన్' అని ఉన్న అన్ని రికార్డుల యొక్క హౌస్‌హోల్డ్ ఐడి (household ID), హౌస్‌హోల్డ్ నంబర్ (household number) మరియు రాష్ట్ర కోడ్ (state code) జాబితా చేయండి."
INDIA_NWMP_Water_Quality_Data,Marathi,397844ea,0.7036435008049011,List the station names for stations located in the state of 'Andhra Pradesh' where the maximum fecal streptococci MPN per 100ml is greater than 1.,'Andhra Pradesh' राज्यात स्थित असलेल्या स्टेशनची नावे सूचीबद्ध करा जेथे जास्तीत जास्त मल स्ट्रेप्टोकोकी MPN प्रति 100ml 1 पेक्षा जास्त आहे.
INDIA_Economic_Census_Firms,Marathi,d5b2cc85,0.7037580013275146,List the sub-district names and the ULB/RLB village names where the total number of establishments owned by females is greater than the total number of establishments owned by males.,उपजिल्ह्यांची नावे आणि त्या शहरी/ग्रामीण स्थानिक संस्था गावांची नावे यादी करा जिथे महिला मालकीच्या प्रतिष्ठानांची एकूण संख्या पुरुष मालकीच्या प्रतिष्ठानांच्या एकूण संख्येपेक्षा जास्त आहे.
INDIA_ICRISAT_District_Level_Agricultural_Data,Marathi,16e7eeb8,0.7039015293121338,"Rank the states by their average rice yield in descending order, also showing the average wheat yield for each.","या प्रश्नाचे मराठीत भाषांतर करा:
सर्व राज्यांची सरासरी भात उत्पादनानुसार उतरत्या क्रमाने रँक करा, प्रत्येकाची सरासरी गहू उत्पादन देखील दर्शवा."
INDIA_ROAD_ACCIDENTS_DATASET_2001,Marathi,71d5f8f4,0.7041261792182922,"List the distinct light conditions for accidents where the number of casualties is greater than two and the day of the week is not Sunday, ordered alphabetically by the light conditions.","वेळीस अपघातांसाठी वेगवेगळ्या प्रकाश परिस्थितीची यादी द्या जेथे मृतांची संख्या दोनपेक्षा जास्त आहे आणि आठवड्याचा दिवस रविवार नाही, प्रकाश परिस्थितीनुसार वर्णक्रमानुसार क्रमबद्ध केलेली."
INDIA_IHDS_2005_INDIVIDUAL_SURVEY,Marathi,e493cc36,0.7043248414993286,Identify the states and districts that contain households either belonging to the Brahmin group or ranking 21 on the household assets index.,"हा प्रश्न भाषांतरित करा:
ब्राह्मण गटातील किंवा घरगुती मालमत्ता निर्देशांकावर २१व्या क्रमांकावर असलेल्या घरांना ओळखणारे राज्ये आणि जिल्हे ओळखा."
INDIA_IHDS_2005_HOUSEHOLD_SURVEY,Marathi,705af9c7,0.7046093940734863,"List the household IDs and their corresponding caste or religious categories, ordered by their asset index.","या प्रश्नाचे मराठीत भाषांतर करा:
घरगुती आयडी आणि त्यांच्या संबंधित जात किंवा धार्मिक श्रेणी यांची यादी करा, त्यांच्या मालमत्तेच्या निर्देशांकानुसार क्रमवारी लावा."
INDIA_IHDS_2011_TRACKING_SURVEY,Tamil,59e39262,0.7046105861663818,"For each activity status and education at migration code, what is the activity status, the education at migration code, and the total count of migrant IDs, including only those combinations with more than zero migrants, sorted by the count in descending order?","ஒவ்வொரு செயல்பாட்டு நிலை (activity status) மற்றும் இடப்பெயர்வு குறியீட்டின் போதான கல்வித் தகுதிக்கும் (education at migration code), அந்தச் செயல்பாட்டு நிலை, இடப்பெயர்வு குறியீட்டின் போதான கல்வித் தகுதி மற்றும் புலம்பெயர்ந்தோர் ஐடிகளின் (migrant IDs) மொத்த எண்ணிக்கை என்ன? இதில் பூஜ்ஜியத்திற்கும் அதிகமான புலம்பெயர்ந்தோரைக் கொண்ட சேர்க்கைகளை மட்டும் சேர்த்து, எண்ணிக்கையின் அடிப்படையில் இறங்கு வரிசையில் வரிசைப்படுத்தவும்."
INDIA_IHDS_2005_HOUSEHOLD_SURVEY,Marathi,8492d41f,0.7046768069267273,"List the IDs of households belonging to the OBC category that have a primary social network contact, sorted numerically.","OBC श्रेणीतील घरांना प्राथमिक सामाजिक नेटवर्क संपर्क असलेल्या घरांची ID यादी करा, संख्यानुसार क्रमवारी लावा."
INDIA_Economic_Census_Firms,Marathi,c7d19184,0.7051680088043213,"For the census year 2013, list the sub-district names and the ULB/RLB village names along with the total sum of establishments owned by Sikhs, grouped by sub-district and village name and ordered by the sum in descending order.","सन २०१३ च्या जनगणनेसाठी, उपजिल्हा नावे आणि यूएलबी/आरएलबी गाव नावे यांच्यासह सिख समुदायाच्या मालकीच्या स्थापनांची एकूण बेरीज, उपजिल्हा आणि गाव नावानुसार गट करून आणि बेरीज उतरत्या क्रमाने क्रमवारी लावा."
INDIA_IHDS_2011_TRACKING_SURVEY,Marathi,1a3483e5,0.7060332298278809,"List the household IDs for households where every member is at least 46 years old, specifically filtering for households that do not contain any individuals with a marital status code of 'Married'.","अशा कुटुंबांचे आयडी (IDs) सूचीबद्ध करा ज्यामधील प्रत्येक सदस्याचे वय किमान ४६ वर्षे आहे, आणि विशेषतः अशी कुटुंबे निवडा ज्यामध्ये 'विवाहित' (Married) वैवाहिक स्थिती असलेला एकही सदस्य नाही."
INDIA_ICRISAT_District_Level_Agricultural_Data,Marathi,5e131a39,0.7061586976051331,Provide the production and yield statistics for chickpeas and pigeon peas in Chhattisgarh for the year 1970.,छत्तीसगढमध्ये १९७० साली चणा आणि तूर यांच्या उत्पादन आणि उत्पादनाच्या आकडेवारीची माहिती द्या.
INDIA_ICRISAT_District_Level_Agricultural_Data,Marathi,6c50ba29,0.7062333226203918,"List the districts in Chhattisgarh that produced exactly 200 tons of finger millet and at least some pearl millet during the year 1970, sorted alphabetically.","छत्तीसगढमधील जिल्हे सूचीबद्ध करा ज्यांनी १९७० या वर्षात नक्की ५०० टन नाचणी आणि किमान काही बाजरी उत्पादन केले होते, वर्णक्रमानुसार क्रमवारी लावा."
INDIA_IHDS_2011_TRACKING_SURVEY,Tamil,76cd9af1,0.7062874436378479,"List the top 10 district codes with the highest number of records, specifically for households where the new household split number is greater than zero, grouped by their district code.","புதிய வீட்டுக் கிளை எண் (household split number) பூஜ்ஜியத்தை விட அதிகமாக உள்ள வீடுகளின் தரவுகளை மட்டும் கணக்கில் கொண்டு, மாவட்ட வாரியாக அதிக எண்ணிக்கையிலான பதிவுகளைக் கொண்ட முதல் 10 மாவட்டக் குறியீடுகளைப் பட்டியலிடவும்."
INDIA_HMIS_Sub_District_Report_Rural_Urban,Marathi,5eeed748,0.7066372036933899,"Provide a breakdown of the total number of children over 10 and 16 years old who received immunizations in 2021, categorized by sub-district and area type.","हा प्रश्न भाषांतरित करा:
२०२१ मध्ये लसीकरण घेतलेल्या १० आणि १६ वर्षांपेक्षा जास्त वयाच्या मुलांची एकूण संख्या उप-जिल्हा आणि क्षेत्र प्रकारानुसार वर्गीकृत करून सादर करा."
INDIA_IHDS_2005_HOUSEHOLD_SURVEY,Marathi,9132a51f,0.7066503167152405,Provide a breakdown by state and urban/rural classification of the average monthly per capita consumption and non-food expenditures.,"या प्रश्नाचे मराठीत भाषांतर करा:
राज्य आणि शहरी/ग्रामीण वर्गीकरणानुसार सरासरी मासिक प्रति व्यक्ती उपभोग आणि अन्नेतर खर्चाचे विभाजन प्रदान करा."
INDIA_HMIS_Sub_District_Report_Rural_Urban,Marathi,6629c430,0.7068966627120972,Identify the sub-districts that recorded allopathic outpatient attendance in 2022 but had no such attendance in 2021.,"हा प्रश्न भाषांतरित करा:
२०२२ मध्ये अॅलोपॅथिक आउटपेशंट उपस्थिती नोंदवलेल्या पण २०२१ मध्ये अशी कोणतीही उपस्थिती नसलेल्या उपजिल्ह्यांची ओळख करा."
INDIA_ROAD_ACCIDENTS_DATASET_2001,Telugu,c24c13f9,0.7071163058280945,"List the casualty IDs for casualties classified as pedestrians where the fitness of the casualty is normal, grouped by their casualty ID.","కాలుబాటపై నడిచే వ్యక్తులుగా వర్గీకరించిన ఆపద IDs ను జాబితా చేయండి, ఇక్కడ ఆపద యొక్క ఫిట్‌నెస్ సాధారణమైనది, వారి ఆపద ID ద్వారా సమూహీకరించబడింది."
INDIA_Village_Amenities_Directory_2001,Marathi,c9220b41,0.7073478698730469,"List each district name along with the total sum of agricultural credit societies and other credit societies, ensuring the sum is greater than zero and sorted in descending order by that total.","प्रत्येक जिल्ह्याचे नाव आणि त्यातील कृषी पतसंस्था व इतर पतसंस्थांची एकूण बेरीज यांची यादी द्या, ही बेरीज शून्यापेक्षा जास्त असावी आणि एकूण बेरजेनुसार उतरत्या क्रमाने लावली असावी."
INDIA_ROAD_ACCIDENTS_DATASET_2001,Marathi,cf18af22,0.7073683142662048,Show all columns from the casualty dimension for records where the casualty class is 'Pedestrian' and the fitness of the casualty is 'Normal'.,जिथे जखमी वर्ग 'पादचारी' आहे आणि जखमीची फिटनेस 'सामान्य' आहे अशा रेकॉर्डसाठी जखमी परिमाणातून सर्व स्तंभ दाखवा.
INDIA_Economic_Census_Firms,Marathi,a1c69c64,0.7074481248855591,"List the sub-district name and the census year, along with the sum of total establishments and the sum of residential-commercial establishments, grouped by both sub-district and census year, and ordered chronologically by the census year.","उप-जिल्हाचे नाव आणि जनगणना वर्ष, एकत्रित स्थापनांची बेरीज आणि निवासी-व्यावसायिक स्थापनांची बेरीज, उप-जिल्हा आणि जनगणना वर्ष या दोन्हीनुसार गट करून, आणि जनगणना वर्षानुसार कालानुक्रमानुसार क्रमवारीत लावा."
INDIA_IHDS_2005_HOUSEHOLD_SURVEY,Marathi,6abea354,0.7075785994529724,"Identify households with an asset index of 27 and a specific type of social network contact, ranked by their total monthly consumption expenditure.","या प्रश्नाचे मराठीत भाषांतर करा:
२७ च्या मालमत्ता निर्देशांक असलेले आणि विशिष्ट प्रकारच्या सामाजिक संपर्क जाळ्याचे संपर्क असलेले घरगुती ओळखा, त्यांच्या एकूण मासिक उपभोग खर्चानुसार क्रमवारी लावा."
INDIA_IHDS_2005_HOUSEHOLD_SURVEY,Marathi,3012cd8e,0.7076321840286255,"Provide the average social ID for households with children not currently enrolled in school, broken down by their caste/religion category and asset index.","या प्रश्नाचे मराठीत भाषांतर करा:
शाळेत सध्या नोंदणीकृत नसलेल्या मुलांच्या कुटुंबांसाठी सरासरी सामाजिक आयडी, त्यांच्या जात/धर्म श्रेणी आणि मालमत्ता निर्देशांकानुसार विभागून प्रदान करा."
INDIA_Economic_Census_Firms,Marathi,e9ab06a4,0.7076756954193115,"For the census year 2013, list the sub-district names and the total sum of estimated education and human health and social services, ordered by this combined sum in descending order for the top 5 sub-districts.","2013 च्या जनगणना वर्षासाठी, उप-जिल्ह्यांची नावे आणि अंदाजे शिक्षण आणि मानवी आरोग्य व सामाजिक सेवा यांची एकूण बेरीज, या एकूण बेरीजीच्या उतरत्या क्रमाने शीर्ष 5 उप-जिल्ह्यांसाठी यादी करा."
INDIA_IHDS_2011_TRACKING_SURVEY,Marathi,619aaf85,0.7079795598983765,"List the migrant ID, the education at migration code, and the marital status at migration code for all individuals whose marital status at migration code is 'Married'.","ज्या व्यक्तींची स्थलांतराच्या वेळची वैवाहिक स्थिती 'विवाहित' (Married) आहे, अशा सर्व व्यक्तींचा स्थलांतरित आयडी (migrant ID), स्थलांतराच्या वेळचा शिक्षण कोड (education at migration code) आणि स्थलांतराच्या वेळचा वैवाहिक स्थिती कोड (marital status at migration code) यांची यादी करा."
INDIA_Village_Amenities_Directory_2001,Marathi,48ea1e32,0.7080399394035339,List the sub-district names located in the district with ID 1 where the total sum of agricultural credit societies is equal to 0.000.,जिल्हा आयडी (ID) १ मध्ये असलेल्या अशा उप-जिल्ह्यांच्या नावांची यादी करा जिथे कृषी पत संस्थांची एकूण बेरीज ०.००० आहे.
INDIA_HMIS_Sub_District_Report_Facility_wise,Marathi,41f6ae2b,0.7084065675735474,"Identify the rural sub-districts that reported at least one first dose of the Rotavirus vaccine but zero first doses of Vitamin A in 2020, listed alphabetically.","हा प्रश्न भाषांतरित करा:
२०२० मध्ये रोटाव्हायरस लसीची किमान एक पहिली डोस नोंदवलेली परंतु व्हिटॅमिन ए ची शून्य पहिली डोस नोंदवलेली ग्रामीण उपजिल्हे ओळखा, त्यांची वर्णक्रमानुसार यादी द्या."
INDIA_IHDS_2005_INDIVIDUAL_SURVEY,Marathi,0f6d8b08,0.7092350125312805,"Provide a breakdown of the average household size and the average number of married women per household, categorized by religious or caste groups, urban-rural status, and state.","या प्रश्नाचे भाषांतर करा:
सरासरी घरगुती आकार आणि सरासरी लग्न झालेल्या महिलांची संख्या प्रति घरगुती, धार्मिक किंवा जातीय गट, शहरी-ग्रामीण स्थिती आणि राज्यानुसार वर्गीकृत करून विभाजन प्रदान करा."
INDIA_IHDS_2011_TRACKING_SURVEY,Marathi,081954f8,0.7092818021774292,"For each person ID, count the number of migrant IDs and display the person ID for those who were not married when they migrated, grouped and ordered by their person ID.","प्रत्येक व्यक्ती आयडीसाठी (person ID), स्थलांतरित आयडींची (migrant ID) संख्या मोजा आणि ज्या व्यक्तींनी अविवाहित असताना स्थलांतर केले आहे अशा व्यक्तींचे आयडी प्रदर्शित करा, तसेच हे सर्व त्यांच्या व्यक्ती आयडीनुसार गटबद्ध (grouped) आणि क्रमाने (ordered) लावा."
INDIA_IHDS_2011_TRACKING_SURVEY,Marathi,6fc06dae,0.7093102931976318,"For the state of Maharashtra, list the PSU codes in ascending order for all locations where the completion status is 'Located', provided that there is at least one household with a split number equal to zero.","महाराष्ट्र राज्यासाठी, ज्या ठिकाणांची पूर्णता स्थिती (completion status) 'Located' आहे आणि जिथे किमान एका कुटुंबाचा स्प्लिट नंबर (split number) शून्य आहे, अशा सर्व ठिकाणांच्या PSU कोडची चढत्या क्रमाने यादी करा."
INDIA_ROAD_ACCIDENTS_DATASET_2001,Marathi,0b93f640,0.7094871997833252,"For male drivers in the age bands of '31-50' or '18-30', list their educational level and driving experience along with the average number of casualties per accident, specifically for those groups with more than one accident, and order the results by the average casualty count in descending order.","'31-50' किंवा '18-30' वयोगटातील पुरुष चालकांसाठी, त्यांचे शैक्षणिक स्तर आणि ड्रायव्हिंग अनुभव एक अपघातापेक्षा जास्त असलेल्या गटांसाठी प्रति अपघात सरासरी मृत्यूदंड संख्येसह सूचीबद्ध करा, आणि परिणाम सरासरी मृत्यूदंड संख्येनुसार उतरत्या क्रमाने क्रमांकित करा."
INDIA_IHDS_2011_TRACKING_SURVEY,Bengali,6fc06dae,0.7094911336898804,"For the state of Maharashtra, list the PSU codes in ascending order for all locations where the completion status is 'Located', provided that there is at least one household with a split number equal to zero.","মহারাষ্ট্র রাজ্যের জন্য, সেই সমস্ত অবস্থানের PSU কোডগুলি আরোহী ক্রমে (ascending order) তালিকাভুক্ত করুন যেখানে সমাপ্তির স্থিতি (completion status) 'Located' এবং যেখানে অন্তত একটি এমন পরিবার রয়েছে যার স্প্লিট নম্বর (split number) শূন্যের সমান।"
INDIA_IHDS_2011_TRACKING_SURVEY,Bengali,cd91f0bd,0.71004718542099,"List the unique PSU codes in ascending order for households where the completion status is 'Located', the household split number is 0, and the new household split number is 1.","সেইসব খানা বা পরিবারের জন্য অনন্য (unique) পিএসইউ (PSU) কোডগুলো আরোহী ক্রমে (ascending order) তালিকাভুক্ত করুন, যেখানে সমাপ্তির স্থিতি (completion status) 'Located', খানার বিভাজন নম্বর (household split number) ০ এবং নতুন খানার বিভাজন নম্বর (new household split number) ১।"
INDIA_HMIS_Sub_District_Report_Rural_Urban,Hindi,095bb0c4,0.7102124094963074,Identify the sub-districts that recorded allopathic outpatient attendance in 2022 but had no such attendance reported in 2021.,"इस प्रश्न का अनुवाद करें:
2022 में आयुर्विज्ञान आउटपेशेंट उपस्थिति दर्ज करने वाले उप-जिलों की पहचान करें, लेकिन 2021 में ऐसी उपस्थिति दर्ज नहीं की गई थी।"
INDIA_IHDS_2011_TRACKING_SURVEY,Marathi,e5fd94ac,0.7104065418243408,"List the household ID, the household number, and the same address indicator for all records where the new household split number is equal to 1.","ज्या सर्व नोंदींमध्ये नवीन कुटुंब विभाजन क्रमांक (new household split number) १ आहे, त्या सर्व नोंदींसाठी कुटुंबाचा आयडी (household ID), कुटुंब क्रमांक (household number) आणि समान पत्ता निर्देशक (same address indicator) यांची यादी करा."
INDIA_Village_Amenities_Directory_2001,Marathi,b48c9a0f,0.7104106545448303,"For each state ID, provide the state ID and the total count of sub-district names associated with it.","प्रत्येक राज्य आयडीसाठी (state ID), राज्य आयडी आणि त्याच्याशी संबंधित उप-जिल्ह्यांच्या नावांची एकूण संख्या द्या."
INDIA_ROAD_ACCIDENTS_DATASET_2001,Marathi,5be88ed8,0.7106404304504395,"For accidents that occurred on a Monday, list each area where an accident occurred, the average number of casualties per accident in that area, and the total count of accident IDs, ensuring only areas with at least one accident are shown and ordering the results by the average number of casualties from highest to lowest.","सोमवारी घडलेल्या अपघातांसाठी, प्रत्येक क्षेत्र जेथे अपघात घडला तेथे सूचीबद्ध करा, त्या क्षेत्रातील प्रति अपघात सरासरी जखमींची संख्या, आणि अपघात आयडीची एकूण संख्या, केवळ कमीतकमी एक अपघात असलेले क्षेत्र दर्शविल्या जात आहेत आणि परिणाम सरासरी जखमींची संख्या सर्वोच्च ते सर्वनिम्न क्रमाने क्रमबद्ध करा."
INDIA_IHDS_2005_INDIVIDUAL_SURVEY,Marathi,fe91dc7f,0.7108546495437622,Identify the household IDs and corresponding village or neighborhood codes for rural households in Rajasthan that have more than two married women.,"हा प्रश्न भाषांतरित करा:
राजस्थानातील ग्रामीण घरांसाठी, ज्यामध्ये दोनपेक्षा जास्त विवाहित महिला आहेत, त्यांचे घरगुती आयडी आणि संबंधित गाव किंवा शेजार कोड ओळखा."
INDIA_HMIS_Sub_District_Report_Rural_Urban,Marathi,26170385,0.7113263607025146,Provide the annual total for allopathic outpatient attendance across all recorded years.,सर्व नोंदवलेल्या वर्षांमध्ये ऍलोपॅथिक आउटपेशंट उपस्थितीचे वार्षिक एकूण प्रदान करा.
INDIA_Economic_Census_Firms,Marathi,a7c2466f,0.711350679397583,"List the names of the ULB, RLB, or villages where the estimated transport and storage value is greater than 50 or the estimated accommodation and food services value is greater than 50, ordered alphabetically by the village name.","ULB, RLB किंवा गावांची नावे यादी करा जिथे अंदाजे वाहतूक आणि साठवण मूल्य 50 पेक्सा जास्त आहे किंवा अंदाजे निवास आणि अन्न सेवा मूल्य 50 पेक्सा जास्त आहे, गावाच्या नावानुसार वर्णमालानुक्रमाने क्रमवारी लावलेली."
INDIA_Economic_Census_Firms,Marathi,579e0a14,0.7114080786705017,"List the sub-district names from the 2013 census year that had a total estimated transport and storage value greater than zero, but specifically excluding any sub-districts that also reported an estimated accommodation and food value greater than zero during that same year, and order the results alphabetically by sub-district name.","2013 च्या जनगणना वर्षातील उपजिल्ह्यांची नावे यादी करा ज्यांची एकूण अंदाजे वाहतूक आणि साठवण मूल्य शून्यापेक्षा जास्त आहे, परंतु त्याच वर्षात अंदाजे निवास आणि अन्न मूल्य देखील शून्यापेक्षा जास्त असलेले कोणतेही उपजिल्हे विशेषतः वगळून, आणि परिणामांना उपजिल्हा नुसार अल्फाबेटिकल क्रमाने लावा."
INDIA_IHDS_2011_TRACKING_SURVEY,Tamil,f330c95c,0.7114590406417847,"List the household number, the household split number, and the same address indicator for all records where the household split number is greater than zero, ordered by the household number.","குடும்பப் பிரிவு எண் (household split number) பூஜ்ஜியத்தை விட அதிகமாக உள்ள அனைத்துப் பதிவுகளுக்கும், குடும்ப எண் (household number), குடும்பப் பிரிவு எண் மற்றும் ஒரே முகவரி குறிகாட்டியை (same address indicator), குடும்ப எண்ணின் வரிசைப்படி பட்டியலிடவும்."
INDIA_Village_Amenities_Directory_2001,Marathi,9ec3f15f,0.7114841341972351,"For each district, list the district name and the total sum of the number of agricultural credit societies combined with the number of other credit societies.","प्रत्येक जिल्ह्यासाठी, जिल्ह्याचे नाव आणि कृषी पतसंस्थांची संख्या व इतर पतसंस्थांची संख्या यांची एकत्रित एकूण बेरीज सूचीबद्ध करा."
INDIA_ROAD_ACCIDENTS_DATASET_2001,Bengali,94ebfb34,0.7116295099258423,"List the casualty class and the total count of bridge accident casualty IDs for records where the casualty severity is 2, specifically filtering for and showing only the 'Pedestrian' casualty class, ordered by the casualty class.","ক্ষতিগ্রস্ত শ্রেণী এবং সেতু দুর্ঘটনা ক্ষতিগ্রস্ত আইডির মোট সংখ্যা তালিকাভুক্ত করুন যেখানে ক্ষতিগ্রস্ত গুরুত্বতা ২, বিশেষভাবে 'পথচারী' ক্ষতিগ্রস্ত শ্রেণীর জন্য ফিল্টার করে এবং শুধুমাত্র প্রদর্শন করে, ক্ষতিগ্রস্ত শ্রেণী দ্বারা অর্ডার করা।"
INDIA_IHDS_2011_TRACKING_SURVEY,Marathi,e2fb2120,0.7119272947311401,Show the distinct reason descriptions for migration where the migration reason ID is 1.,"ज्या मायग्रेशन रिझन आयडी (migration reason ID) १ आहे, अशा स्थलांतराची (migration) वेगवेगळी कारणे दाखवा."
INDIA_IHDS_2011_TRACKING_SURVEY,Marathi,0f09d5f2,0.7120300531387329,"List the person IDs for migrants who were married at the time of migration and whose activity status is currently salaried, grouped and ordered by their person ID.",स्थलांतराच्या वेळी विवाहित असलेल्या आणि ज्यांची सध्याची क्रियाशीलता स्थिती पगारी (salaried) आहे अशा स्थलांतरितांचे पर्सन आयडी (person IDs) त्यांच्या पर्सन आयडीनुसार गटबद्ध आणि क्रमाने सूचीबद्ध करा.
INDIA_ROAD_ACCIDENTS_DATASET_2001,Telugu,d6f75ea7,0.712107241153717,"List the casualty class and the average casualty severity for each casualty class, ordered by the average casualty severity in descending order, showing only the top 10 results.","ప్రతి ఆపద్ వర్గానికి ఆపద్ వర్గం మరియు సగటు ఆపద్ తీవ్రతను జాబితా చేయండి, సగటు ఆపద్ తీవ్రత ఆధారంగా అవరోహణ క్రమంలో ఆదేశించండి, టాప్ 10 ఫలితాలను మాత్రమే చూపించండి."
INDIA_IHDS_2011_TRACKING_SURVEY,Telugu,f330c95c,0.7121680974960327,"List the household number, the household split number, and the same address indicator for all records where the household split number is greater than zero, ordered by the household number.","హౌస్‌హోల్డ్ స్ప్లిట్ నంబర్ సున్నా కంటే ఎక్కువగా ఉన్న అన్ని రికార్డుల కోసం, హౌస్‌హోల్డ్ నంబర్, హౌస్‌హోల్డ్ స్ప్లిట్ నంబర్ మరియు సేమ్ అడ్రస్ ఇండికేటర్‌లను హౌస్‌హోల్డ్ నంబర్ క్రమంలో జాబితా చేయండి."
INDIA_HMIS_Sub_District_Report_Facility_wise,Marathi,f760b271,0.712220311164856,"List the sub-districts that recorded more than 500 doses of both Vitamin A (1st dose) and Measles-Rubella (MCV 1st dose) during the year 2022, sorted alphabetically.","२०२२ मध्ये विटामिन ए (प्रथम डोस) आणि मिजल्स-रुबेला (MCV प्रथम डोस) दोन्हीचे ५०० डोसे नोंदवलेले उपविभागांची यादी, वर्णानुक्रमाने द्या."
INDIA_IHDS_2005_HOUSEHOLD_SURVEY,Marathi,105fb1f7,0.7123719453811646,Provide the household asset index and social-religious category for households that are involved in business activity subtype 40 and currently have outstanding loans.,"या प्रश्नाचे मराठीत भाषांतर करा:
व्यवसाय क्रियेच्या उपप्रकार ४० मध्ये सहभागी असलेल्या आणि सध्या बाकी कर्ज असलेल्या घरांसाठी घरगुती मालमत्ता निर्देशांक आणि सामाजिक-धार्मिक श्रेणी प्रदान करा."
INDIA_PRIMARY_POPULATION_CENSUS_1991,Marathi,e4a7719d,0.712556004524231,"For the census year 1991, list each district along with the sum of its total population and the sum of its number of households, filtering for districts where the total population exceeds 500, and order the results by the ratio of total population to number of households in descending order.","१९९१ च्या जनगणना वर्षासाठी, प्रत्येक जिल्ह्याची नावे, त्याची एकूण लोकसंख्या आणि एकूण घरगुती संख्येची बेरीज यादी करा, ज्या जिल्ह्यांची एकूण लोकसंख्या ५०० पेक्षा जास्त आहे अशा जिल्ह्यांनाच निवडा, आणि निकाल एकूण लोकसंख्येचे घरगुती संख्येशी असलेल्या गुणोत्तरानुसार उतरत्या क्रमाने लावा."
INDIA_HMIS_Sub_District_Report_Facility_wise,Marathi,f9c1581b,0.712579607963562,"Provide a yearly breakdown by state of the total number of Vitamin A first doses and Measles-Rubella (MCV 1st dose) administered to infants aged 9 to 11 months, sorted chronologically.","हा प्रश्न भाषांतरित करा:
९ ते ११ महिने वयोगटातील बालकांना दिलेल्या व्हिटॅमिन एच्या पहिल्या डोस आणि मिझल्स-रुबेला (एमसीव्ही पहिला डोस) च्या एकूण संख्येचे राज्यनिहाय वार्षिक तपशीलवार विभाजन, कालक्रमानुसार क्रमवारी लावून प्रदान करा."
INDIA_IHDS_2005_INDIVIDUAL_SURVEY,Marathi,4504b0b7,0.7127959728240967,"For individuals who have held a job, what is the average number of years of education completed and the total person count, broken down by gender?","नोकरीत असलेल्या व्यक्तींसाठी, लिंगानुसार विभागलेले सरासरी शिक्षणाचे वर्ष आणि एकूण व्यक्तींची संख्या किती आहे?"
INDIA_NWMP_Water_Quality_Data,Marathi,186341f7,0.7130271196365356,"Calculate the average of the maximum fecal streptococci MPN per 100ml values, where these maximums are first calculated for each type of water body in the state with ID 1, provided that the maximum value for that water body type is greater than 0.","राज्य ID 1 असलेल्या प्रत्येक जलस्रोत प्रकारासाठी प्रथम मलद स्ट्रेप्टोकोकी MPN प्रति 100ml च्या कमाल मूल्यांची गणना करा, त्या कमाल मूल्यांची सरासरी मोजा, परंतु अशा अटीसह की त्या जलस्रोत प्रकारासाठी कमाल मूल्य 0 पेक्षा जास्त असावे."
INDIA_PRIMARY_POPULATION_CENSUS_1991,Marathi,de0da2c9,0.7130987048149109,"For the census year 1991, list each state along with the total number of households and the average number of occupied residential houses, grouped by state.","१९९१ च्या जनगणना वर्षासाठी, राज्यानुसार गट केलेल्या प्रत्येक राज्याची एकूण कुटुंबांची संख्या आणि सरासरी व्याप्त निवासी घरांची संख्या यादी करा."
INDIA_NWMP_Water_Quality_Data,Marathi,9c6c7800,0.7131125330924988,"List the station name and the maximum conductivity in umhos per cm for the station with ID 1, ordered by the maximum conductivity in descending order, and show only the top 10 results.","स्टेशन आयडी 1 साठी स्टेशनचे नाव आणि umhos प्रति सेमी मध्ये कमाल चालकता सूचीबद्ध करा, कमाल चालकता अवरोही क्रमानुसार क्रमबद्ध करा, आणि केवळ शीर्ष 10 परिणाम दाखवा."
INDIA_IHDS_2005_HOUSEHOLD_SURVEY,Marathi,7f1d4779,0.7137312889099121,"List the household IDs and their respective caste or religious group categories, ranked from highest to lowest based on their asset index.","या प्रश्नाचे मराठीत भाषांतर करा:
घरांची आयडी आणि त्यांच्या जात किंवा धार्मिक गट श्रेण्या यांची यादी करा, जी त्यांच्या मालमत्ता निर्देशांकाच्या आधारे सर्वोच्च ते सर्वात कमी या क्रमाने रँक केलेली आहे."
INDIA_HMIS_Sub_District_Report_Facility_wise,Marathi,88495621,0.7139331102371216,Provide a sub-district breakdown of the total number of immunization sessions held and the average number of sessions attended by ASHA workers during the year 2022.,"या प्रश्नाचे मराठीत भाषांतर करा:
२०२२ या वर्षात आयोजित केलेल्या एकूण लसीकरण सत्रांचे उप-जिल्हावार विभाजन आणि आशा कर्मचाऱ्यांनी सहभागी केलेल्या सत्रांची सरासरी संख्या प्रदान करा."
INDIA_Economic_Census_Firms,Marathi,a994e9a8,0.7139676213264465,"For the census year 2013, list each sub-district name and the ULB/RLB village name, along with the total sum of establishments owned by Sikhs, where that sum is at least zero, and sort the results by the total sum in descending order.","२०१३ च्या जनगणना वर्षासाठी, प्रत्येक उप-जिल्हा नाव आणि ULB/RLB गावाचे नाव, तसेच शिखांच्या मालकीच्या संस्थांची एकूण बेरीज यादी करा, जिथे ती बेरीज किमान शून्य असेल, आणि परिणामांना एकूण बेरीच्या उतरत्या क्रमाने क्रमवारी लावा."
INDIA_ICRISAT_District_Level_Agricultural_Data,Bengali,4955e254,0.7143381834030151,"List the states and districts that recorded sunflower production, ordered chronologically by year.","সূর্যমুখী উৎপাদন রেকর্ড করা রাজ্য ও জেলাগুলি তালিকাভুক্ত করুন, বছরের ক্রমানুসারে সাজিয়ে।"
INDIA_HMIS_Sub_District_Report_Rural_Urban,Marathi,3a8774a9,0.7144767045974731,"Identify the sub-districts that in 2021 either reported more than 34 children over age 10 receiving their TT10/TD10 immunization, or are urban areas with more than one child over age 16 receiving their TT16/TD16 dose.","हा प्रश्न भाषांतरित करा:
२०२१ मध्ये अशी उपजिल्हे ओळखा ज्यांनी १० वर्षांपेक्षा जास्त वयाच्या ३४ पेक्षा जास्त मुलांना त्यांचे टीटी१०/टीडी१० लसीकरण मिळाले असे नोंदवले आहे, किंवा जे शहरी क्षेत्र आहेत जिथे १६ वर्षांपेक्षा जास्त वयाच्या एकापेक्षा जास्त मुलांना त्यांचे टीटी१६/टीडी१६ डोस मिळाले आहेत."
INDIA_IHDS_2011_TRACKING_SURVEY,Marathi,d6b359a0,0.7145035266876221,List the household ID and the household split number for all records where the same address indicator is marked as 'Yes'.,"ज्या सर्व नोंदींसाठी 'समान पत्ता निर्देशक' (same address indicator) 'हो' (Yes) म्हणून चिन्हांकित केले आहे, त्या सर्व नोंदींसाठी कुटुंब आयडी (household ID) आणि कुटुंब विभाजन क्रमांक (household split number) यांची यादी करा."
INDIA_IHDS_2011_TRACKING_SURVEY,Tamil,d6b359a0,0.7147562503814697,List the household ID and the household split number for all records where the same address indicator is marked as 'Yes'.,ஒரே முகவரி காட்டி (same address indicator) 'Yes' எனக் குறிக்கப்பட்டுள்ள அனைத்துப் பதிவுகளுக்கான குடும்ப ஐடி (household ID) மற்றும் குடும்பப் பிரிவு எண்ணைப் (household split number) பட்டியலிடவும்.
INDIA_IHDS_2011_TRACKING_SURVEY,Telugu,f3127d47,0.7148158550262451,"List the geography IDs, ordered ascending by geography ID, for households where either the completion status is 'Located' or the household split number is 1, grouped by their geography ID.","పూర్తి చేసిన స్థితి (completion status) 'Located' గా ఉన్న లేదా గృహ విభజన సంఖ్య (household split number) 1 గా ఉన్న గృహాల యొక్క జియోగ్రఫీ ఐడిలను (geography IDs), వాటి జియోగ్రఫీ ఐడిల ఆధారంగా గ్రూప్ చేసి, ఆరోహణ క్రమంలో (ascending order) జాబితా చేయండి."
INDIA_NWMP_Water_Quality_Data,Tamil,9f4081b7,0.714844822883606,"First, find the maximum fecal streptococci MPN per 100ml for each type of water body, then calculate the average of these maximum values.","முதலில், ஒவ்வொரு வகையான நீர்நிலைக்கும் 100 மிலி க்கு அதிகபட்ச மল স্ட்ரெப்டோகோக்கி MPN ஐ கண்டுபிடிக்கவும், பின்னர் இந்த அதிகபட்ச மதிப்புகளின் சராசரியைக் கணக்கிடவும்."
INDIA_IHDS_2005_INDIVIDUAL_SURVEY,Marathi,c60fb866,0.7149518132209778,Identify all districts that either are classified as urban areas or have conducted household re-interviews.,"हा प्रश्न भाषांतरित करा:
सर्व जिल्हे ओळखा जे एकतर शहरी क्षेत्र म्हणून वर्गीकृत केले गेले आहेत किंवा त्यांनी घरगुती पुन्हा मुलाखती पार पाडल्या आहेत."
INDIA_ROAD_ACCIDENTS_DATASET_2001,Marathi,4a7c38dd,0.7150148153305054,"Show the casualty class for all records where the casualty class is 'Pedestrian' and the casualty severity is level 2, grouped and ordered by the casualty class.","सर्व रेकॉर्डसाठी जखमी वर्ग दाखवा जेथे जखमी वर्ग 'पादचारी' आहे आणि जखमी गंभीरता स्तर 2 आहे, जखमी वर्गानुसार गटबद्ध आणि क्रमबद्ध केलेले."
INDIA_ROAD_ACCIDENTS_DATASET_2001,Marathi,a914e6b9,0.7150710821151733,"List the light conditions and weather conditions along with the total number of casualties for each combination, where the total casualties exceed 2, and order the results from the highest number of casualties to the lowest.","प्रकाश परिस्थिती आणि हवामान परिस्थिती यांचे सूची तयार करा प्रत्येक संयोजनासाठी एकूण जखमींची संख्या सह, जेथे एकूण जखमी २ पेक्षा जास्त आहेत, आणि परिणाम जखमींच्या सर्वोच्च संख्येपासून सर्वनिम्न संख्येपर्यंत क्रमित करा."
INDIA_IHDS_2005_HOUSEHOLD_SURVEY,Marathi,962070d7,0.7150852680206299,Identify the households that have an asset index of 27 and include children whose school enrollment status is currently unrecorded or missing.,"या प्रश्नाचे मराठीत भाषांतर करा:
२७ च्या मालमत्ता निर्देशांक असलेले घरगुती ओळखा आणि ज्यातील मुलांची शाळेत नोंदणी स्थिती सध्या नोंदवलेली नाही किंवा गहाळ आहे अशी घरे शोधा."
INDIA_HMIS_Sub_District_Report_Rural_Urban,Marathi,6f0e6ed7,0.7153435945510864,"Provide a ranked list of sub-districts and their area types that distributed condoms in 2021, showing the total quantity provided for each.","हा प्रश्न भाषांतरित करा:
२०२१ मध्ये कंडोम वितरित करणाऱ्या उप-जिल्ह्यांची आणि त्यांच्या क्षेत्र प्रकारांची श्रेणीबद्ध यादी प्रदान करा, प्रत्येकासाठी प्रदान केलेली एकूण मात्रा दर्शवित."
INDIA_IHDS_2005_HOUSEHOLD_SURVEY,Marathi,0d11cbfc,0.7153676152229309,"Provide a breakdown by state and health facility availability of the average monthly per capita consumption and total non-food spending, focusing only on areas where average consumption exceeds 329 and ranking the results by total expenditure.","या प्रश्नाचे मराठीत भाषांतर करा:
राज्य आणि आरोग्य सुविधा उपलब्धतेनुसार सरासरी मासिक प्रति व्यक्ती उपभोग आणि एकूण अन्नेतर खर्चाचे विभाजन प्रदान करा, फक्त अशा क्षेत्रांवर लक्ष केंद्रित करा जिथे सरासरी उपभोग 329 पेक्षा जास्त आहे आणि निकाल एकूण खर्चानुसार क्रमवारी लावा."
INDIA_Economic_Census_Firms,Marathi,f89a1184,0.7153831720352173,"List the sub-district name and the census year, along with the total sum of estimated education and estimated human health and social values, for each sub-district and census year where that sum is at least 0.000, ordered by the census year and the total sum in descending order.","उप-जिल्ह्याचे नाव आणि जनगणना वर्ष, तसेच अंदाजे शिक्षण आणि अंदाजे मानवी आरोग्य व सामाजिक मूल्यांची एकूण बेरीज, प्रत्येक उप-जिल्ह्यासाठी आणि जनगणना वर्षासाठी यादी करा, जिथे ती बेरीज किमान 0.000 आहे, जनगणना वर्ष आणि एकूण बेरीज उतरत्या क्रमाने क्रमवारी लावा."
INDIA_HMIS_Sub_District_Report_Rural_Urban,Marathi,46d7c26f,0.7154000401496887,Identify the sub-districts and their area types where more than five antenatal care registrations were recorded within the first trimester during the year 2021.,"या प्रश्नाचे मराठीत भाषांतर करा:
२०२१ या वर्षात पहिल्या तिमाहीत पाचपेक्षा जास्त प्रसवपूर्व नोंदणी झालेल्या उपजिल्ह्यांची आणि त्यांच्या क्षेत्र प्रकारांची ओळख करा."
INDIA_IHDS_2005_INDIVIDUAL_SURVEY,Hindi,11dce580,0.7154524326324463,"Identify the top 10 rural districts with the highest average household member counts, specifically focusing on those within the second neighborhood category.","इस प्रश्न का अनुवाद करें:
दूसरे नेबरहुड श्रेणी में विशेष रूप से शामिल, उच्चतम औसत घरेलू सदस्य संख्या वाले शीर्ष 10 ग्रामीण जिलों की पहचान करें।"
INDIA_PRIMARY_POPULATION_CENSUS_1991,Marathi,d76c3502,0.7155376672744751,List the location names for areas where the number of occupied residential houses is greater than 5000 and the count of female main workers in the mining and quarrying sector is at least 0.000.,5000 पेक्षा जास्त व्याप्त निवासी घरे असलेले आणि खाणी आणि खनन क्षेत्रातील महिला मुख्य कामगारांची संख्या किमान 0.000 असलेल्या भागांसाठी स्थानांची नावे यादी करा.
INDIA_HMIS_Sub_District_Report_Facility_wise,Tamil,d3a40dbb,0.7155755162239075,"Provide a breakdown by state and area type in India showing the total BCG vaccinations and average first dose of Pentavalent, focusing only on locations with multiple immunization records.","இந்த கேள்வியை மொழிபெயர்க்கவும்:
மொத்த BCG தடுப்பூசிகள் மற்றும் பெண்டாவலென்ட்டின் சராசரி முதல் டோஸ் காட்டும், இந்தியாவில் மாநிலம் மற்றும் பகுதி வகை மூலம் ஒரு பிரிவினை வழங்கவும், பல தடுப்பூசி பதிவுகள் உள்ள இடங்களை மட்டும் கவனம் செலுத்துங்கள்."
INDIA_Economic_Census_Firms,Marathi,fba7fb6b,0.7156801223754883,"List the names of the ULB, RLB, or villages that have at least one finance source record, but specifically where the estimated government assistance is 0.000 and the estimated loan from self-help groups is also 0.000, ordered alphabetically by the village name.","किमान एक आर्थिक स्रोत नोंद असलेल्या ULB, RLB किंवा गावांची नावे यादी करा, विशेषतः जिथे अंदाजे शासकीय सहाय्य 0.000 आणि स्वयंसहाय्य गटांकडून अंदाजे कर्जही 0.000 आहे, गावाच्या नावानुसार वर्णमालानुक्रमाने क्रमवारी लावून."
INDIA_Economic_Census_Firms,Marathi,5d1894c5,0.715918779373169,"List the state name and the district name for all districts located in the states of 'Andhra Pradesh' or 'Assam', and sort the results by the state name.","'आंध्र प्रदेश' किंवा 'आसाम' या राज्यांमधील सर्व जिल्ह्यांची नावे आणि राज्याची नावे यादी करा, आणि राज्याच्या नावानुसार क्रमवारी लावा."
INDIA_IHDS_2005_HOUSEHOLD_SURVEY,Hindi,f9899e65,0.7160236239433289,"Identify all households that either belong to the Muslim social group or are involved in business activity subtype 40, sorted by their ID.","उस क्वेरी का अनुवाद करें:
मुस्लिम सामाजिक समूह से संबंधित या व्यवसाय गतिविधि उपप्रकार 40 में शामिल सभी घरों की पहचान करें, उनके ID के अनुसार क्रमबद्ध करें।"
INDIA_IHDS_2011_TRACKING_SURVEY,Marathi,baa4034d,0.7160372734069824,"List the geography IDs for households where the completion status is 'Located', specifically for those geography IDs that have a count of household split numbers greater than zero.","ज्या कुटुंबांची पूर्णता स्थिती (completion status) 'Located' आहे, अशा कुटुंबांचे जिओग्राफी आयडी (geography IDs) सूचीबद्ध करा, विशेषतः अशा जिओग्राफी आयडीसाठी ज्यांच्याकडे हाऊसहोल्ड स्प्लिट नंबर्सची (household split numbers) संख्या शून्यापेक्षा जास्त आहे."
INDIA_HMIS_Sub_District_Report_Rural_Urban,Marathi,30643449,0.716093897819519,"Rank the sub-districts and their area types by the total volume of allopathic outpatient attendance recorded throughout the year 2021, starting with the highest.","या प्रश्नाचे मराठीत भाषांतर करा:
सर्वाधिक क्रमांकापासून सुरू करून, २०२१ या वर्षभरात नोंदवलेल्या अॅलोपॅथिक रुग्णांच्या एकूण संख्येनुसार उपजिल्हे आणि त्यांच्या क्षेत्र प्रकारांची क्रमवारी लावा."
INDIA_IHDS_2005_HOUSEHOLD_SURVEY,Marathi,906dc566,0.7162461280822754,Identify all households that either fall into the highest asset index category or have children whose school enrollment status is currently unrecorded.,"या प्रश्नाचे मराठीत भाषांतर करा:
सर्व घरांना ओळखा जी एकतर सर्वोच्च मालमत्ता निर्देशांक श्रेणीत येतात किंवा ज्यांच्या मुलांची शाळेत नोंदणी स्थिती सध्या नोंदवलेली नाही."
INDIA_IHDS_2011_TRACKING_SURVEY,Marathi,2785a73e,0.7163506746292114,"List the household IDs from the person core records for individuals aged 22 or older, specifically excluding any household IDs that contain at least one person with a marital status code of 'Married', and order the results by the household ID.","२२ वर्षे किंवा त्याहून अधिक वयोगटातील व्यक्तींच्या 'पर्सन कोअर' रेकॉर्डमधील अशा हाऊसहोल्ड आयडींची (Household IDs) यादी करा, ज्यामध्ये 'विवाहित' (Married) वैवाहिक स्थिती असलेली एकही व्यक्ती नाही आणि हे निकाल हाऊसहोल्ड आयडीनुसार क्रमाने लावा."
INDIA_IHDS_2011_TRACKING_SURVEY,Telugu,f75274c7,0.7165696620941162,"For each education at migration code and activity status, provide the education at migration code, the activity status, and the total count of migrant IDs, grouped by these two categories and ordered by the education code in ascending order.","ప్రతి వలస విద్య కోడ్ (education at migration code) మరియు కార్యకలాప స్థితి (activity status) కోసం, వలస విద్య కోడ్, కార్యకలాప స్థితి మరియు మైగ్రెంట్ ఐడిల (migrant IDs) మొత్తం సంఖ్యను అందించండి. వీటిని ఈ రెండు వర్గాల వారీగా సమూహపరిచి (grouped), విద్య కోడ్ ఆధారంగా ఆరోహణ క్రమంలో (ascending order) అమర్చండి."
INDIA_HMIS_Sub_District_Report_Rural_Urban,Marathi,3b58000c,0.7166399955749512,"Provide a list of all districts, organized alphabetically by state and then by district name.","या प्रश्नाचे मराठीत भाषांतर करा:
सर्व जिल्ह्यांची यादी राज्यानुसार वर्णक्रमाने आणि नंतर जिल्ह्याच्या नावानुसार व्यवस्थित करून द्या."
INDIA_Economic_Census_Firms,Marathi,58b60029,0.7168384790420532,"For the most recent census year available, list each sub-district name and the total sum of establishments owned by females, grouped by sub-district and ordered from the highest to lowest sum.","सर्वात अलीकडील उपलब्ध जनगणना वर्षासाठी, प्रत्येक उप-जिल्हाचे नाव आणि महिला मालकीच्या संस्थांची एकूण बेरीज, उप-जिल्हानुसार गट करून आणि सर्वाधिक ते सर्वात कमी बेरीज क्रमानुसार यादी करा."
INDIA_ROAD_ACCIDENTS_DATASET_2001,Marathi,428302b5,0.7169864177703857,"List the sex, age band, and work status of each casualty, along with their casualty severity, sorted by the severity of the casualty in descending order.","प्रत्येक जखमीच्या लिंग, वयोगट, आणि कार्य स्थिती यांची यादी करा, त्यांच्या जखमीच्या गंभीरतेसह, जखमीच्या गंभीरतेनुसार उतरत्या क्रमात क्रमवारीत केलेली."
INDIA_HMIS_Sub_District_Report_Facility_wise,Marathi,1b1775cf,0.7177944779396057,"Provide a yearly breakdown by state of the total first doses administered for Vitamin A and Measles-Rubella (9-11 months), excluding any records with no Vitamin A data and sorting by the most recent years.","हा प्रश्न भाषांतरित करा:
व्हिटॅमिन ए आणि मोतीबिंदू-रुबेला (९-११ महिने) साठी दिलेल्या एकूण पहिल्या डोसांचे राज्यनिहाय वार्षिक विभाजन प्रदान करा, ज्यामध्ये व्हिटॅमिन ए डेटाशिवाय कोणतेही नोंदी वगळल्या आहेत आणि अलीकडील वर्षांनुसार क्रमवारी लावली आहे."
INDIA_HMIS_Sub_District_Report_Rural_Urban,Marathi,49345135,0.7178040146827698,"Rank the sub-districts and their area types by the total number of allopathic outpatient visits recorded throughout 2021, starting with the highest attendance.","या प्रश्नाचे मराठीत भाषांतर करा:
२०२१ मध्ये नोंदवलेल्या सर्व एलोपॅथिक आउटपेशंट भेटींच्या एकूण संख्येनुसार उपजिल्हे आणि त्यांच्या क्षेत्र प्रकारांची श्रेणी लावा, सर्वोच्च उपस्थितीपासून सुरुवात करा."
INDIA_ROAD_ACCIDENTS_DATASET_2001,Marathi,b73a538f,0.7178181409835815,"List each accident severity and the count of occurrences for that severity, specifically for drivers with 1-2 years of driving experience, where the average accident ID for the group is greater than 1, ordered by the accident severity.","प्रत्येक अपघात गंभीरता आणि त्या गंभीरतेच्या घटनांची संख्या सूचीबद्ध करा, विशेषतः 1-2 वर्षांचा ड्रायव्हिंग अनुभव असलेल्या ड्रायव्हर्ससाठी, जेथे गटाची सरासरी अपघात आयडी 1 पेक्षा जास्त आहे, अपघात गंभीरतेनुसार क्रमबद्ध केलेली."
INDIA_PRIMARY_POPULATION_CENSUS_1991,Marathi,364764aa,0.7180950045585632,"List the location names, ordered alphabetically, for areas where the number of occupied residential houses is greater than 128.000 and the total number of female main workers in the mining and quarrying sector is at least 0.000.","अधिकृत निवासी घरांची संख्या 128.000 पेक्षा जास्त असलेल्या आणि खाणी व खनन क्षेत्रातील महिला मुख्य कामगारांची एकूण संख्या किमान 0.000 असलेल्या क्षेत्रांसाठी, स्थानांची नावे वर्णानुक्रमानून यादी करा."
INDIA_Economic_Census_Firms,Marathi,0d4f65de,0.718294620513916,"For each sub-district name in the rural sector category, list the sub-district name along with the total estimated finance from institutional borrowing and the total estimated finance from self-help group loans, provided that the total institutional borrowing is greater than zero, and sort the results by total institutional borrowing in descending order.","ग्रामीण क्षेत्र श्रेणीमधील प्रत्येक उप-जिल्हा नावासाठी, उप-जिल्हा नाव, संस्थात्मक कर्जातून एकूण अंदाजित निधी आणि स्वयंसहाय्य गट कर्जातून एकूण अंदाजित निधी यादीत द्या, जर एकूण संस्थात्मक कर्ज शून्यापेक्षा जास्त असेल, आणि परिणामांना एकूण संस्थात्मक कर्जाच्या उतरत्या क्रमाने क्रमवारी लावा."
INDIA_ICRISAT_District_Level_Agricultural_Data,Marathi,34fbb349,0.718356192111969,Provide a state-wise summary of the average yields and total production for pearl and finger millets between 1966 and 1970.,१९६६ ते १९७० या कालावधीत बाजरी आणि नाचणी या धान्यांच्या सरासरी उत्पादनाचा आणि एकूण उत्पादनाचा राज्यनिहाय सारांश प्रदान करा.
INDIA_ROAD_ACCIDENTS_DATASET_2001,Marathi,8d7cf5db,0.7186679840087891,"For casualties classified as pedestrians, list each sex of casualty and the corresponding average casualty severity, grouped by the sex of casualty.","पादचारी म्हणून वर्गीकृत केलेल्या जखमींसाठी, प्रत्येक जखमीचे लिंग आणि संबंधित सरासरी जखमी गंभीरता सूचीबद्ध करा, जखमीचे लिंग अनुसार गटबद्ध केले."
INDIA_NWMP_Water_Quality_Data,Telugu,9f94f3c2,0.7186824083328247,"List the station name and station code for all stations where the water body type is 'LAKE' or the state is 'Assam', grouped by their station name and station code, and ordered by the station code in ascending order.","అన్ని స్టేషన్‌ల కోసం స్టేషన్ పేరు మరియు స్టేషన్ కోడ్‌ను జాబితా చేయండి, ఇక్కడ నీటి శరీర రకం 'LAKE' లేదా రాష్ట్రం 'అస్సాం', వాటి స్టేషన్ పేరు మరియు స్టేషన్ కోడ్ ద్వారా సమూహీకరించబడింది, మరియు స్టేషన్ కోడ్ ఆరోహణ క్రమంలో ఆదేశించబడింది."
INDIA_HMIS_Sub_District_Report_Facility_wise,Marathi,7414d9e6,0.7187936305999756,Provide a breakdown by state and area type showing the total BCG vaccinations and the average coverage for the first dose of Pentavalent.,"या क्वेरीचे भाषांतर करा:
राज्य आणि क्षेत्र प्रकारानुसार एक तपशील प्रदान करा ज्यामध्ये एकूण बीसीजी लसीकरण आणि पहिल्या डोसच्या पेंटाव्हॅलंट लसीकरणाची सरासरी कव्हरेज दर्शविली आहे."
INDIA_Economic_Census_Firms,Tamil,db9784c3,0.7191379070281982,"List the names of the ULB, RLB, or villages, sorted alphabetically, that have a total sum of livestock establishments greater than zero, specifically filtering for locations where individual livestock establishment counts are greater than zero and the count of residential-commercial establishments is exactly zero.","அகரவரிசைப்படி வரிசைப்படுத்தப்பட்ட, மொத்த கால்நடை நிறுவனங்களின் எண்ணிக்கை பூஜ்யத்தை விட அதிகமாக உள்ள, தனிப்பட்ட கால்நடை நிறுவன எண்ணிக்கைகள் பூஜ்யத்தை விட அதிகமாகவும், குடியிருப்பு-வணிக நிறுவனங்களின் எண்ணிக்கை சரியாக பூஜ்யமாகவும் உள்ள இடங்களை வடிகட்டி, ULB, RLB அல்லது கிராமங்களின் பெயர்களை பட்டியலிடுக."
INDIA_Economic_Census_Firms,Marathi,414ab4d4,0.7193006277084351,"List the names of the ULB, RLB, or villages, sorted alphabetically, that have an estimated government assistance finance amount of 0.000 and an estimated self-help group loan finance amount of 0.000.","ULB, RLB किंवा गावांची नावे वर्णानुक्रमानून यादी करा, ज्यांच्याकडे अंदाजे शासकीय सहाय्य निधीची रक्कम 0.000 आणि अंदाजे स्वयंसहाय्य गट कर्ज निधीची रक्कम 0.000 आहे."
INDIA_Economic_Census_Firms,Tamil,9e644c4d,0.719463586807251,"For the census year 2013, considering only the record with the maximum time ID available, list the names of the ULB, RLB, or villages where the total sum of establishments owned by females is exactly zero.","2013 ஆம் ஆண்டின் மக்கள் தொகை கணக்கெடுப்புக்கு, அதிகபட்ச நேர ஐடி கிடைக்கும் பதிவை மட்டும் கருத்தில் கொண்டு, பெண்களுக்கு சொந்தமான நிறுவனங்களின் மொத்த கூட்டுத்தொகை சரியாக பூஜ்யமாக உள்ள யூஎல்பி, ஆர்எல்பி அல்லது கிராமங்களின் பெயர்களை பட்டியலிடுக."
INDIA_IHDS_2011_TRACKING_SURVEY,Marathi,02cf14ba,0.719518780708313,"List the occupation descriptions and the total count of records for each, specifically for those with occupation IDs 1, 2, or 3, ordered by the count in descending order and showing only the top 5 results.","व्यवसाय आयडी (occupation ID) १, २, किंवा ३ असलेल्या व्यवसायांचे वर्णन आणि त्यांच्या नोंदींची एकूण संख्या सूचीबद्ध करा, ही यादी संख्येनुसार उतरत्या क्रमाने लावा आणि केवळ पहिले ५ निकाल दर्शवा."
INDIA_IHDS_2005_HOUSEHOLD_SURVEY,Marathi,a6ae852e,0.7199004888534546,Provide a breakdown of the total number of household asset records and worker counts for each caste and religious group category.,"या प्रश्नाचे मराठीत भाषांतर करा:
प्रत्येक जात आणि धार्मिक गट श्रेणीसाठी एकूण घरगुती मालमत्ता नोंदी आणि कामगार संख्येचे विभाजन प्रदान करा."
INDIA_ICRISAT_District_Level_Agricultural_Data,Hindi,c8b55fc5,0.7201418876647949,Which districts produced both pearl millet and more than 200 tons of finger millet in 1970?,"यह प्रश्न अनुवादित करें:
1970 में कौन से जिलों ने बाजरा और 200 टन से अधिक रागी का उत्पादन किया?"
INDIA_IHDS_2011_TRACKING_SURVEY,Marathi,1d056553,0.7212657928466797,"List the state code and district code along with the total count of household IDs for each combination, filtering for households where the new household split number is greater than one and only including groups with a count greater than zero.","प्रत्येक संयोजनासाठी (combination) राज्य कोड आणि जिल्हा कोडसह एकूण कुटुंब आयडीची (household IDs) गणना करा, ज्यामध्ये नवीन कुटुंब विभाजन क्रमांक (household split number) एकापेक्षा जास्त आहे अशा कुटुंबांना फिल्टर करा आणि केवळ शून्य पेक्षा जास्त गणना असलेले गट समाविष्ट करा."
INDIA_IHDS_2005_HOUSEHOLD_SURVEY,Marathi,2fef3613,0.7213392853736877,"Identify all households that have at least five animal care workers and an asset index of 17, sorted by their ID.","हा प्रश्न भाषांतरित करा:
अशा सर्व कुटुंबांची ओळख करा ज्यांच्याकडे किमान पाच प्राणी संगोपन कर्मचारी आहेत आणि मालमत्ता निर्देशांक १७ आहे, त्यांच्या आयडीनुसार क्रमवारी लावा."
INDIA_Economic_Census_Firms,Marathi,4ba18ccf,0.7213538885116577,"List the sub-district names, ordered alphabetically, that contain at least one sector categorized as 'Rural' and at least one sector categorized as 'Urban'.","उपजिल्ह्यांची नावे, वर्णानुक्रमाने क्रमवारी लावून, ज्यात किमान एक 'ग्रामीण' आणि किमान एक 'शहरी' वर्गीकृत क्षेत्र आहे."
INDIA_IHDS_2005_HOUSEHOLD_SURVEY,Telugu,1c5b8848,0.7217698693275452,"Identify the codes of districts that contain rural villages with access to health facilities but no available drinking water, sorted by district code.","ఈ ప్రశ్నను తెలుగులో అనువదించండి: ఆరోగ్య సౌకర్యాలు ఉన్న గ్రామీణ గ్రామాలు ఉన్న జిల్లాల కోడ్లను గుర్తించంగా, కానీ త్రాగునీరు లభించని, జిల్లా కోడ్ ప్రకారం క్రమబద్ధీకరించబడినవి."
INDIA_HMIS_Sub_District_Report_Rural_Urban,Marathi,095bb0c4,0.7218260765075684,Identify the sub-districts that recorded allopathic outpatient attendance in 2022 but had no such attendance reported in 2021.,"हा प्रश्न भाषांतरित करा:
२०२२ मध्ये एलोपॅथिक आउटपेशंट उपस्थिती नोंदवलेले परंतु २०२१ मध्ये अशी कोणतीही उपस्थिती नोंदवलेली नसलेले उपजिल्हे ओळखा."
INDIA_HMIS_Sub_District_Report_Rural_Urban,Marathi,faf5ea81,0.7219010591506958,"Identify the sub-districts and their area types where fewer than 38 pregnant women had hemoglobin levels below 11 in September 2020, excluding areas with no recorded cases.","हा प्रश्न भाषांतरित करा:
सप्टेंबर २०२० मध्ये ११ पेक्षा कमी हिमोग्लोबिन असलेल्या ३८ पेक्षा कमी गर्भवती महिला असलेले उपजिल्हे आणि त्यांचे क्षेत्र प्रकार ओळखा, ज्यामध्ये कोणतेही नोंदवलेले प्रकरण नसलेले क्षेत्र वगळा."
INDIA_Economic_Census_Firms,Marathi,ffc386b1,0.721941351890564,"List the sub-district names and the total number of establishments owned by Sikhs, specifically for those where the retail trade status is '1.000', grouped by sub-district and ordered by the sum of Sikh-owned establishments in descending order for the top 5 results.","उप-जिल्ह्याची नावे आणि शीख मालकीच्या स्थापनांची एकूण संख्या यादी करा, विशेषतः ज्यांची किरकोळ व्यापार स्थिती '1.000' आहे, उप-जिल्ह्यानुसार गट करून आणि शीख-मालकीच्या स्थापनांच्या बेरीजीनुसार उतरत्या क्रमानुसार वरील 5 परिणामांसाठी क्रमवार लावा."
INDIA_ROAD_ACCIDENTS_DATASET_2001,Marathi,547dfb70,0.7220781445503235,"List the accident ID and the total sum of casualties for each accident where the light conditions were 'Darkness - no lighting' and the collision type was 'Vehicle with vehicle collision', specifically for those accidents where the total number of casualties is greater than 5, ordered from the highest number of casualties to the lowest.","अंधार - कोणतेही प्रकाश नाही असे प्रकाश परिस्थिती आणि 'वाहन आणि वाहन टक्कर' असा टक्कर प्रकार असलेल्या प्रत्येक अपघातासाठी अपघात आयडी आणि हताहतांची एकूण बेरीज सूचीबद्ध करा, विशेषत: ज्या अपघातांमध्ये एकूण हताहतांची संख्या 5 पेक्षा जास्त आहे, हताहतांच्या सर्वोच्च संख्येपासून सर्वनिम्न संख्येपर्यंत क्रमबद्ध केलेली."
INDIA_IHDS_2005_INDIVIDUAL_SURVEY,Marathi,d391687d,0.7221208810806274,"Identify all rural households that have more than three children aged 14 or younger, listed in ascending order of their ID.","हा प्रश्न भाषांतरित करा:
ती सर्व ग्रामीण कुटुंबे ओळखा ज्यांचे १४ वर्षांपेक्षा कमी वयाचे तीनपेक्षा जास्त मुले आहेत, त्यांच्या आयडीच्या चढत्या क्रमानुसार सूचीबद्ध करा."
INDIA_Village_Amenities_Directory_2001,Tamil,cf39f51b,0.7222722768783569,"List the sub-district names located in the 'North And Middle Andaman' district, ordered by the total sum of ayurvedic, unani, and homeopathic dispensaries in descending order, showing only the top 5 results where this combined sum is at least zero.","'North And Middle Andaman' மாவட்டத்தில் உள்ள துணை மாவட்டப் பெயர்களைப் பட்டியலிடவும். ஆயுர்வேத, யுனானி மற்றும் ஹோமியோபதி மருந்தகங்களின் மொத்த எண்ணிக்கையின் அடிப்படையில் அவற்றை இறங்கு வரிசையில் வரிசைப்படுத்தவும். இந்த மொத்தக் கூடுதல் பூஜ்ஜியம் அல்லது அதற்கு மேல் இருக்கும் முதல் 5 முடிவுகளை மட்டும் காட்டவும்."
INDIA_IHDS_2011_TRACKING_SURVEY,Telugu,29045fae,0.7222804427146912,"List the migrant ID, the marital status code at the time of migration, and the reason description for all records where the reason description is 'Married', ordered by the migrant ID.","కారణం వివరణ (reason description) 'Married' అని ఉన్న అన్ని రికార్డులకు సంబంధించి, వలసదారు ఐడి (migrant ID), వలస సమయంలో వారి వైవాహిక స్థితి కోడ్ (marital status code) మరియు కారణం వివరణను జాబితా చేయండి; వీటిని వలసదారు ఐడి ఆధారంగా క్రమబద్ధీకరించండి."
INDIA_IHDS_2005_HOUSEHOLD_SURVEY,Marathi,7259cbe2,0.7224060893058777,"Identify the geographic areas that either have access to village health facilities or report a monthly per capita consumption exceeding 5,000.","या प्रश्नाचे मराठीत भाषांतर करा:
अशा भौगोलिक क्षेत्रांची ओळख करा ज्यांना गावातील आरोग्य सुविधा उपलब्ध आहेत किंवा ज्यांचे मासिक प्रति व्यक्ती उपभोग ५,००० पेक्षा जास्त आहे."
INDIA_NWMP_Water_Quality_Data,Marathi,69f98fc6,0.722443699836731,List the station names for stations located in the state of Assam where the maximum fecal streptococci MPN per 100ml is greater than 1.,असम राज्यात स्थित असलेल्या स्टेशनची नावे सूचीबद्ध करा जेथे जास्तीत जास्त मल स्ट्रेप्टोकोकी एमपीएन प्रति 100 मिली 1 पेक्षा जास्त आहे.
INDIA_PRIMARY_POPULATION_CENSUS_1991,Marathi,536e47ae,0.7225277423858643,"List the location names, ordered alphabetically, for areas where the census year is 1991 for both housing and population records, specifically filtering for locations that have a total number of households greater than zero and where the combined sum of the male and female scheduled tribe population is exactly zero.","1991 च्या गणना वर्षासाठी निवासी आणि लोकसंख्या नोंदी असलेल्या क्षेत्रांसाठी, एकूण घरसंख्या शून्यापेक्षा जास्त असलेली आणि पुरुष आणि स्त्री अनुसूचित जमातीची एकूण लोकसंख्या नक्की शून्य असलेली स्थाने विशिष्टपणे फिल्टर करून, अशा स्थानांची नावे वर्णानुक्रमानून यादी करा."
INDIA_NWMP_Water_Quality_Data,Telugu,186341f7,0.7228501439094543,"Calculate the average of the maximum fecal streptococci MPN per 100ml values, where these maximums are first calculated for each type of water body in the state with ID 1, provided that the maximum value for that water body type is greater than 0.","రాష్ట్ర ID 1 కలిగిన ప్రతి జల సంస్థ రకం కోసం గరిష్ట విలువలను మొదట లెక్కించిన తర్వాత, ఆ జల సంస్థ రకం కోసం గరిష్ట విలువ 0 కంటే ఎక్కువగా ఉందని అందించిన, ఫెకల్ స్ట్రెప్టోకోకి MPN ప్రతి 100ml గరిష్ట విలువల సగటును లెక్కించండి."
INDIA_IHDS_2011_TRACKING_SURVEY,Marathi,b88e6e6c,0.7229020595550537,"List the geography IDs, grouped and ordered by geography ID, for households where either the completion status is 'Located' or the new household split number is greater than 1.","ज्या कुटुंबांची पूर्णता स्थिती (completion status) 'Located' आहे किंवा नवीन कुटुंब विभाजन संख्या (new household split number) १ पेक्षा जास्त आहे, अशा कुटुंबांचे जिओग्राफी आयडी (geography IDs) सूचीबद्ध करा आणि त्यांना जिओग्राफी आयडीनुसार गटबद्ध (grouped) व क्रमित (ordered) करा."
INDIA_PRIMARY_POPULATION_CENSUS_1991,Marathi,7d177c0e,0.7230784893035889,"List the districts in India where, for the 1991 census year, the female working population was greater than 64.000 and the maximum number of occupied residential houses in that same year did not exceed 291.000, ordered alphabetically by district.","1991 च्या जनगणना वर्षात, ज्या जिल्ह्यांमध्ये स्त्री कामगार लोकसंख्या 64,000 पेक्सा जास्त होती आणि त्याच वर्षी व्यापलेल्या निवासी घरांची कमाल संख्या 291,000 पेक्सा जास्त नव्हती, अशा जिल्ह्यांची नावानुसार अल्फाबेटिकल क्रमाने यादी करा."
INDIA_IHDS_2005_HOUSEHOLD_SURVEY,Marathi,f6f5311b,0.7234758138656616,List the monthly non-food expenditure and the number of workers for the top 10 rural households in Uttar Pradesh with the highest spending.,"हा प्रश्न भाषांतरित करा:
उत्तर प्रदेशातील सर्वोच्च खर्च असलेल्या शीर्ष १० ग्रामीण कुटुंबांसाठी मासिक अन्नेतर खर्च आणि कामगारांची संख्या सूचीबद्ध करा."
INDIA_IHDS_2011_TRACKING_SURVEY,Marathi,4d402096,0.723522424697876,"List the household ID, the household number, and the state code for all records where the household split number is greater than zero and the state code is 'Rajasthan'.","ज्या सर्व नोंदींमध्ये 'household split number' शून्यापेक्षा जास्त आहे आणि राज्याचे कोड 'Rajasthan' आहे, अशा सर्व नोंदींसाठी 'household ID', 'household number' आणि 'state code' ची यादी करा."
INDIA_ROAD_ACCIDENTS_DATASET_2001,Marathi,2736c3fd,0.7239584922790527,"List the light conditions for accidents where the number of casualties is greater than two, specifically for those light conditions that appear more than once in the records.","दुर्घटनांसाठी प्रकाश परिस्थिती सूचीबद्ध करा जेथे मृत्यूदंड संख्या दोनपेक्षा जास्त आहे, विशेषत: त्या प्रकाश परिस्थितीसाठी जी रेकॉर्डमध्ये एकापेक्षा जास्त वेळा दिसतात."
INDIA_ICRISAT_District_Level_Agricultural_Data,Marathi,77e4daea,0.7240325212478638,"For the year 1970 in Chhattisgarh, provide the production statistics for maize and barley across districts where more than 2,000 hectares were dedicated to maize, sorted by the largest maize area.","१९७० सालातील छत्तीसगढ राज्यातील मक्याच्या पिकासाठी २,००० हेक्टरपेक्षा जास्त क्षेत्र असलेल्या जिल्ह्यांमध्ये, मक्या आणि जवस यांच्या उत्पादनाची आकडेवारी मक्याच्या क्षेत्रफळानुसार उतरत्या क्रमाने द्या."
INDIA_Village_Amenities_Directory_2001,Tamil,7fb10a91,0.7242713570594788,List the sub-district names where the total number of registered private medical practitioners is greater than zero or the total number of community health workers is greater than one.,பதிவுசெய்யப்பட்ட தனியார் மருத்துவப் பயிற்சியாளர்களின் மொத்த எண்ணிக்கை பூஜ்ஜியத்தை விட அதிகமாக உள்ள அல்லது சமூக சுகாதாரப் பணியாளர்களின் மொத்த எண்ணிக்கை ஒன்றை விட அதிகமாக உள்ள துணை மாவட்டப் பெயர்களைப் பட்டியலிடுங்கள்.
INDIA_NWMP_Water_Quality_Data,Telugu,9c6c7800,0.7243853807449341,"List the station name and the maximum conductivity in umhos per cm for the station with ID 1, ordered by the maximum conductivity in descending order, and show only the top 10 results.","స్టేషన్ ID 1 కోసం స్టేషన్ పేరు మరియు umhos per cm లో గరిష్ట విద్యుత్ సంచాలకత్వం జాబితా చేయండి, గరిష్ట విద్యుత్ సంచాలకత్వం ద్వారా అవరోహణ క్రమంలో ఆదేశించండి మరియు టాప్ 10 ఫలితాలను మాత్రమే చూపించండి."
INDIA_ICRISAT_District_Level_Agricultural_Data,Marathi,3d81b5de,0.7245087027549744,"Provide the average yields for soybeans and groundnuts by state for the period between 1966 and 1970, ordered alphabetically by state name.","या क्वेरीचे मराठीत भाषांतर करा:
१९६६ ते १९७० या कालावधीत राज्यानुसार सोयाबीन आणि भुईमुगाची सरासरी उत्पादने राज्यांच्या नावानुसार वर्णक्रमाने प्रदान करा."
INDIA_HMIS_Sub_District_Report_Rural_Urban,Marathi,77b3cae2,0.7245246767997742,"Provide a breakdown of sub-districts and their area types, showing the total count of pregnant women with hemoglobin levels below 11 for the first year, focusing only on records where the count is less than 38 and ranking the results from highest to lowest.","प्रथम वर्षातील हिमोग्लोबिन ११ च्या आधी असलेल्या गर्भवती महिलांची संख्या ३८ पेक्षा कमी असलेल्या नोंदींवर लक्ष केंद्रित करून, उपविभागांची व त्यांच्या क्षेत्र प्रकारांची विभागणी प्रदान करा आणि निकाल उच्च ते निम्न क्रमवारीत दर्शवा."
INDIA_HMIS_Sub_District_Report_Facility_wise,Telugu,3c44a602,0.7245321273803711,Which rural sub-districts reported at least one Rotavirus 1 dose but zero Vitamin A dose 1 administrations during the year 2020?,"ఈ ప్రశ్నను తెలుగులో అనువదించండి:
2020 సంవత్సరంలో కనీసం ఒక రోటావైరస్ 1 డోస్ నివేదించబడిన, కానీ విటమిన్ ఎ డోస్ 1 నిర్వహణలు సున్నా ఉన్న గ్రామీణ ఉప-జిల్లాలు ఏవి?"
INDIA_IHDS_2011_TRACKING_SURVEY,Marathi,6d1011ff,0.7247228622436523,List the household number and the completion status for all records where the new household split number is equal to 1.,"ज्या सर्व नोंदींमध्ये नवीन कुटुंब विभाजन क्रमांक (new household split number) १ आहे, त्या सर्व नोंदींसाठी कुटुंबाचा क्रमांक आणि पूर्णता स्थितीची (completion status) यादी करा."
INDIA_Economic_Census_Firms,Marathi,ca1147c3,0.7247363924980164,"List the names of the ULB, RLB, or villages located in the state of 'Andhra Pradesh', grouped and ordered alphabetically by the village name.","आंध्र प्रदेश राज्यात स्थित ULB, RLB किंवा गावांची नावांची यादी करा, गावाच्या नावानुसार वर्णमालेनुसार गटबद्ध आणि क्रमवारीत लावलेली."
INDIA_IHDS_2011_TRACKING_SURVEY,Marathi,775ee0a4,0.7249720096588135,"List the household ID, household number, and district code for all households where the new household split number is not zero and there is at least one household status ID recorded, ordered by the household ID in ascending order.","ज्या सर्व कुटुंबांसाठी नवीन कुटुंब विभाजन क्रमांक (household split number) शून्य नाही आणि किमान एक कुटुंब स्थिती आयडी (household status ID) नोंदवलेला आहे, अशा सर्व कुटुंबांचा कुटुंब आयडी (household ID), कुटुंब क्रमांक आणि जिल्हा कोड यांची यादी करा आणि ती कुटुंब आयडीनुसार चढत्या क्रमाने लावा."
INDIA_IHDS_2011_TRACKING_SURVEY,Marathi,7d516496,0.725153923034668,"List the district codes and the total count of household IDs for households where the new household split number is not zero, grouped by their district code and ordered by the count in descending order for the top 10 results.","ज्या कुटुंबांसाठी नवीन कुटुंब विभाजन क्रमांक (new household split number) शून्य नाही, अशा कुटुंबांच्या जिल्हा कोडची आणि एकूण कुटुंब आयडीच्या (household IDs) संख्येची यादी करा. ही माहिती जिल्हा कोडनुसार गटबद्ध (group) करा आणि पहिल्या १० निकालांसाठी ही संख्या उतरत्या क्रमाने लावा."
INDIA_NWMP_Water_Quality_Data,Marathi,f3dad7ad,0.7251572012901306,"List the station name, the type of water body, and the state for all records where the state is 'Assam', grouped by the station name, water body type, and state, and ordered by the state.","असम राज्यातील सर्व रेकॉर्डसाठी स्टेशनचे नाव, जलस्रोताचा प्रकार आणि राज्य सूचीबद्ध करा, स्टेशनचे नाव, जलस्रोताचा प्रकार आणि राज्यानुसार गटबद्ध करा, आणि राज्यानुसार क्रमवारीत करा."
INDIA_NWMP_Water_Quality_Data,Marathi,ab75799c,0.7253763675689697,"List the station name and station code for all stations, grouped by their name and code and ordered by station code, where either the water body type is 'TANK' or the state is 'Bihar'.","सर्व स्टेशनसाठी स्टेशन नाव आणि स्टेशन कोड सूचीबद्ध करा, त्यांच्या नाव आणि कोडनुसार गटबद्ध केले आणि स्टेशन कोडनुसार क्रमबद्ध केले, जेथे जलाशय प्रकार 'TANK' आहे किंवा राज्य 'Bihar' आहे."
INDIA_NWMP_Water_Quality_Data,Tamil,186341f7,0.7257013320922852,"Calculate the average of the maximum fecal streptococci MPN per 100ml values, where these maximums are first calculated for each type of water body in the state with ID 1, provided that the maximum value for that water body type is greater than 0.","மாநில ID 1 உடைய ஒவ்வொரு நீர்நிலை வகைக்கும் முதலில் அதிகபட்சம் கணக்கிடப்பட்ட, மலத்து ஸ்ட்ரெப்டோகோக்கி MPN ஒரு 100ml க்கு அதிகபட்ச மதிப்புகளின் சராசரியைக் கணக்கிடுங்கள், அந்த நீர்நிலை வகைக்கான அதிகபட்ச மதிப்பு 0 ஐ விட அதிகமாக இருந்தால் வழங்கப்பட்டுள்ளது."
INDIA_HMIS_Sub_District_Report_Rural_Urban,Hindi,ede0a331,0.725909948348999,"Rank the sub-districts by the total number of first-dose Vitamin A supplements administered during the year 2021, starting with the highest.","इस क्वेरी का अनुवाद करें:
सब-डिस्ट्रिक्ट्स को वर्ष 2021 के दौरान प्रशासित पहली खुराक विटामिन ए पूरक की कुल संख्या के आधार पर रैंक करें, सबसे उच्चतम से शुरू करते हुए।"
INDIA_IHDS_2005_HOUSEHOLD_SURVEY,Hindi,6493ceb6,0.7267934679985046,"Provide a list of household IDs for those categorized as OBC that have a recorded asset index, sorted by their ID.","इस प्रश्न का अनुवाद करें:
ओबीसी श्रेणी में आने वाले उन घरों की सूची प्रदान करें जिनका संपत्ति सूचकांक दर्ज है, उनके आईडी के अनुसार क्रमबद्ध करें।"
INDIA_ICRISAT_District_Level_Agricultural_Data,Telugu,4955e254,0.7269626259803772,"List the states and districts that recorded sunflower production, ordered chronologically by year.","సూర్యకాంతి ఉత్పత్తి నమోదు చేసిన రాష్ట్రాలు మరియు జిల్లాలను, సంవత్సరం వారీగా కాలక్రమంలో జాబితా చేయండి."
INDIA_NWMP_Water_Quality_Data,Telugu,5c1e0a60,0.7272917032241821,"For the year 2021, list the station name and the type of water body, along with the maximum nitrate N mg per L recorded, specifically for stations where the water body type is 'LAKE', ensuring the maximum nitrate value is not null and ordering the results from highest to lowest maximum nitrate concentration.","2021 సంవత్సరం కోసం, స্টेশన్ పేరు మరియు జల సంస్థ రకం, గరిష్ట నైట్రేట్ N mg ప్రతి L రికార్డ్ చేయబడిన విధంగా జాబితా చేయండి, ప్రత్యేకంగా జల సంస్థ రకం 'LAKE' ఉన్న స్టేషన్‌ల కోసం, గరిష్ట నైట్రేట్ విలువ null కాదని నిర్ధారించుకుని మరియు ఫలితాలను అత్యధిక నుండి అత్యల్ప గరిష్ట నైట్రేట్ సాంద్రతకు ఆదేశించండి."
INDIA_IHDS_2011_TRACKING_SURVEY,Tamil,e5fd94ac,0.7277780771255493,"List the household ID, the household number, and the same address indicator for all records where the new household split number is equal to 1.","புதிய வீட்டுக் கிளை எண் (new household split number) 1-க்கு சமமாக உள்ள அனைத்துப் பதிவுகளுக்கும், வீட்டு ஐடி (household ID), வீட்டு எண் (household number) மற்றும் ஒரே முகவரி காட்டி (same address indicator) ஆகியவற்றைப் பட்டியலிடவும்."
INDIA_HMIS_Sub_District_Report_Rural_Urban,Hindi,0387be49,0.7277858257293701,"List the outpatient IDs and their corresponding allopathic attendance counts for December 2022, focusing only on those with recorded visits, sorted from highest to lowest attendance.","डिसेंबर 2022 में आउटपेशेंट आईडी और उनके संबंधित एलोपैथिक उपस्थिति गणनाओं की सूची बनाएं, जो केवल दर्ज किए गए मुलाकातों पर ध्यान केंद्रित करते हैं, उपस्थिति के उच्चतम से निम्नतम तक सॉर्ट किए गए।"
INDIA_NWMP_Water_Quality_Data,Bengali,b34956c2,0.7299348711967468,"Show the average maximum fecal streptococci MPN per 100ml and the corresponding type of water body, grouped by the type of water body and ordered from the highest average concentration to the lowest.","জলের ধরন অনুযায়ী গড় করে সর্বোচ্চ মল স্ট্রেপ্টোকক্কাই এমপিএন প্রতি ১০০ মিলিলিটার এবং সংশ্লিষ্ট জলের ধরন প্রদর্শন করুন, জলের ধরন অনুযায়ী গ্রুপ করে সর্বোচ্চ গড় ঘনত্ব থেকে সর্বনিম্ন পর্যন্ত ক্রমানুসারে সাজান।"
INDIA_Village_Amenities_Directory_2001,Tamil,56a691a8,0.7304486036300659,List the sub-district names where the total rural population of scheduled tribes is greater than zero and the total rural population of scheduled castes is exactly zero.,"பட்டியலிடப்பட்ட பழங்குடியினரின் மொத்த கிராமப்புற மக்கள் தொகை பூஜ்ஜியத்தை விட அதிகமாகவும், பட்டியலிடப்பட்ட சாதியினரின் மொத்த கிராமப்புற மக்கள் தொகை சரியாக பூஜ்ஜியமாகவும் உள்ள துணை மாவட்டப் பெயர்களைப் பட்டியலிடுங்கள்."
INDIA_NWMP_Water_Quality_Data,Telugu,06fefe0b,0.7304652333259583,"For each state and water body type, list the state name, the type of water body, and the count of station names, specifically for water bodies categorized as either 'LAKE' or 'TANK', where the count is greater than zero, ordered alphabetically by state and then by water body type.","ప్రతి రాష్ట్రం మరియు జల సంస్థ రకం కోసం, రాష్ట్ర పేరు, జల సంస్థ రకం, మరియు స్టేషన్ పేర్ల గణనను జాబితా చేయండి, ప్రత్యేకంగా 'LAKE' లేదా 'TANK' గా వర్గీకరించిన జల సంస్థల కోసం, ఇక్కడ గణన సున్నా కంటే ఎక్కువ ఉంది, రాష్ట్రం ద్వారా అక్షర క్రమంలో ఆపై జల సంస్థ రకం ద్వారా ఆదేశించబడింది."
INDIA_ROAD_ACCIDENTS_DATASET_2001,Telugu,1640e576,0.7306196689605713,"For environments where the light conditions are 'Darkness - no lighting', list each environment ID and the total count of accident IDs, provided that the sum of the number of casualties for that environment ID is greater than 5.","'Darkness - no lighting' అనే కాంతి పరిస్థితులు ఉన్న పরిసరాల కోసం, ప్రతి పరిసర ID మరియు ప్రమాదం IDల యొక్క మొత్తం సంఖ్యను జాబితా చేయండి, ఆ పరిసర ID కోసం ప్రమాదస్థులు సంఖ్య యొక్క మొత్తం 5 కంటే ఎక్కువ ఉందని అందించారు."
INDIA_IHDS_2011_TRACKING_SURVEY,Telugu,baa4034d,0.7306616306304932,"List the geography IDs for households where the completion status is 'Located', specifically for those geography IDs that have a count of household split numbers greater than zero.","పూర్తయిన స్థితి (completion status) 'Located' గా ఉన్న గృహాలకు సంబంధించిన జియోగ్రఫీ ఐడిలను (geography IDs) జాబితా చేయండి, ప్రత్యేకంగా హౌస్‌హోల్డ్ స్ప్లిట్ నంబర్ల (household split numbers) కౌంట్ సున్నా కంటే ఎక్కువగా ఉన్న జియోగ్రఫీ ఐడిలను మాత్రమే చూపండి."
INDIA_IHDS_2011_TRACKING_SURVEY,Telugu,76cd9af1,0.7306985855102539,"List the top 10 district codes with the highest number of records, specifically for households where the new household split number is greater than zero, grouped by their district code.","కొత్త గృహ విభజన సంఖ్య (new household split number) సున్నా కంటే ఎక్కువగా ఉన్న గృహాల కోసం, అత్యధిక రికార్డులు కలిగిన మొదటి 10 జిల్లా కోడ్‌లను వాటి జిల్లా కోడ్ ఆధారంగా గ్రూప్ చేసి జాబితా చేయండి."
INDIA_HMIS_Sub_District_Report_Facility_wise,Hindi,00c83cbc,0.7307846546173096,Provide the total allopathic outpatient attendance for each district and area type recorded during the year 2022.,2022 में दर्ज प्रत्येक जिले और क्षेत्र प्रकार के लिए कुल एलोपैथिक आउटपेशेंट उपस्थिति प्रदान करें।
INDIA_HMIS_Sub_District_Report_Facility_wise,Tamil,3c44a602,0.7310127019882202,Which rural sub-districts reported at least one Rotavirus 1 dose but zero Vitamin A dose 1 administrations during the year 2020?,"2020 ஆம் ஆண்டில், எந்த கிராமப்புற துணை மாவட்டங்களில் குறைந்தது ஒரு ரோட்டா வைரஸ் 1 டோஸ் பதிவாகியுள்ளது, ஆனால் வைட்டமின் ஏ டோஸ் 1 நிர்வாகங்கள் பூஜ்ஜியமாக உள்ளன?"
INDIA_IHDS_2011_TRACKING_SURVEY,Tamil,6fc06dae,0.7313687205314636,"For the state of Maharashtra, list the PSU codes in ascending order for all locations where the completion status is 'Located', provided that there is at least one household with a split number equal to zero.","மகாராஷ்டிரா மாநிலத்தைப் பொறுத்தவரை, குறைந்தபட்சம் ஒரு வீட்டிலாவது பிளவு எண் (split number) பூஜ்ஜியத்திற்கு சமமாக இருக்கும் இடங்களில், நிறைவு நிலை (completion status) 'Located' என்று உள்ள அனைத்து இடங்களின் PSU குறியீடுகளை ஏறுவரிசையில் பட்டியலிடவும்."
INDIA_HMIS_Sub_District_Report_Rural_Urban,Telugu,0387be49,0.7315850853919983,"List the outpatient IDs and their corresponding allopathic attendance counts for December 2022, focusing only on those with recorded visits, sorted from highest to lowest attendance.","ఈ ప్రశ్నను అనువదించండి:
డిసెంబర్ 2022లో రికార్డ్ చేయబడిన సందర్శనలు మాత్రమే ఉన్న వారికి, అత్యధిక నుండి తక్కువ హాజరు వరుస క్రమంలో, అవుట్ పేషెంట్ ID లు మరియు వాటి సంబంధిత అల్లోపతి హాజరు గణనలను జాబితా చేయండి."
INDIA_HMIS_Sub_District_Report_Rural_Urban,Tamil,9a414d70,0.7316996455192566,"Identify the rural sub-districts that recorded allopathic outpatient attendance in 2022, excluding any sub-districts that also have urban areas with reported attendance for that same year.","2022-ல் அனைத்து மருந்துகளையும் கொண்டு வெளிப்புற நோயாளி வருகை பதிவு செய்யப்பட்ட கிராமப்புற துணை மாவட்டங்களை அடையாளம் காணவும், அதே ஆண்டில் அறிக்கை செய்யப்பட்ட வருகை கொண்ட நகர்ப்புற பகுதிகளும் உள்ள துணை மாவட்டங்களை விலக்கவும்."
INDIA_ROAD_ACCIDENTS_DATASET_2001,Telugu,0bb2c4d3,0.7324579954147339,"List the light conditions and weather conditions along with the total number of casualties for each combination, grouped by light and weather conditions and ordered by the total casualties in descending order.","ప్రకాశ పరిస్థితులు మరియు వాతావరణ పరిస్థితులను ప్రతి సమ్మేళనం కోసం మొత్తం ప్రాణనష్టాల సంఖ్య కలిసి జాబితా చేయండి, ప్రకాశ మరియు వాతావరణ పరిస్థితుల ద్వారా సమూహీకరించి మరియు మొత్తం ప్రాణనష్టాల ద్వారా అవరోహణ క్రమంలో ఆదేశించండి."
INDIA_ICRISAT_District_Level_Agricultural_Data,Hindi,d6f918f4,0.7325348854064941,Identify the districts in Chhattisgarh that recorded pearl millet production in 1970 but had no instances of finger millet production exceeding 200 tons.,"इस प्रश्न का अनुवाद करें:
छत्तीसगढ़ के उन जिलों की पहचान करें जिन्होंने 1970 में बाजरा उत्पादन दर्ज किया था लेकिन जहाँ 200 टन से अधिक रागी उत्पादन के कोई मामले नहीं थे।"
INDIA_IHDS_2011_TRACKING_SURVEY,Tamil,0360a402,0.7329035997390747,List the household IDs for all households where the same address indicator is marked as 'Yes'.,ஒரே முகவரி காட்டி (same address indicator) 'ஆம்' (Yes) எனக் குறிக்கப்பட்டுள்ள அனைத்து வீடுகளின் அடையாள எண்களைப் (household IDs) பட்டியலிடவும்.
INDIA_ICRISAT_District_Level_Agricultural_Data,Telugu,c8b55fc5,0.7335834503173828,Which districts produced both pearl millet and more than 200 tons of finger millet in 1970?,"ఈ ప్రశ్నను తెలుగులో అనువదించండి:
1970లో ఏ జిల్లాలు మొక్కజొన్న మరియు 200 టన్నులకు పైగా రాగులను ఉత్పత్తి చేశాయి?"
INDIA_ROAD_ACCIDENTS_DATASET_2001,Telugu,fd8870b7,0.7339051961898804,"List the sex of the casualty, the age band of the casualty, the work status of the casualty, and the casualty severity, along with the total count of accident IDs for each of these groups, where there is at least one accident, sorted by the casualty severity in descending order.","ప్రతిটి సమూహానికి కనీసం ఒక ప్రమాదం ఉన్న చోట, ప్రమాద IDs యొక్క మొత్తం గణనతో పాటు, ప్రమాద గంభీరతను అవరోహణ క్రమంలో క్రమబద్ధీకరించి, ఆకస్మిక ఘటన యొక్క లింగం, ఆకస్మిక ఘటన యొక్క వయస్సు బ్యాండ్, ఆకస్మిక ఘటన యొక్క పని స్థితి మరియు ఆకస్మిక ఘటన గంభీరతను జాబితా చేయండి."
INDIA_HMIS_Sub_District_Report_Facility_wise,Telugu,41f6ae2b,0.7343016266822815,"Identify the rural sub-districts that reported at least one first dose of the Rotavirus vaccine but zero first doses of Vitamin A in 2020, listed alphabetically.","ఈ ప్రశ్నను తెలుగులో అనువదించండి:
2020లో రోటావైరస్ వ్యాక్సిన్ యొక్క కనీసం ఒక మొదటి డోస్ నివేదించిన, కానీ విటమిన్ ఎ యొక్క సున్నా మొదటి డోస్లు నివేదించిన గ్రామీణ ఉప-జిల్లాలను అక్షర క్రమంలో జాబితా చేయండి."
INDIA_ROAD_ACCIDENTS_DATASET_2001,Hindi,94ebfb34,0.7343672513961792,"List the casualty class and the total count of bridge accident casualty IDs for records where the casualty severity is 2, specifically filtering for and showing only the 'Pedestrian' casualty class, ordered by the casualty class.","दुर्घटना की गंभीरता 2 वाले रिकॉर्ड के लिए हताहत वर्ग और पुल दुर्घटना हताहत आईडी की कुल गणना सूचीबद्ध करें, विशेष रूप से 'पैदल यात्री' हताहत वर्ग के लिए फ़िल्टर करें और केवल दिखाएं, हताहत वर्ग द्वारा क्रमबद्ध।"
INDIA_NWMP_Water_Quality_Data,Telugu,397844ea,0.734477162361145,List the station names for stations located in the state of 'Andhra Pradesh' where the maximum fecal streptococci MPN per 100ml is greater than 1.,"'Andhra Pradesh' రాష్ట్రంలో ఉన్న స్టేషన్‌ల పేర్లను జాబితా చేయండి, ఇక్కడ గరిష్ట ఫెకల్ స్ట్రెప్టోకోకాయ్ MPN 100ml కంటే ఎక్కువ 1."
INDIA_Economic_Census_Firms,Telugu,9e644c4d,0.7353581786155701,"For the census year 2013, considering only the record with the maximum time ID available, list the names of the ULB, RLB, or villages where the total sum of establishments owned by females is exactly zero.","2013 జనగణన సంవత్సరానికి, గరిష్ట సమయ ఐడి అందుబాటులో ఉన్న రికార్డును మాత్రమే పరిగణనలోకి తీసుకొని, మహిళల యాజమాన్యంలోని సంస్థల మొత్తం సంఖ్య సున్నాగా ఉన్న యుఎల్బి, ఆర్ఎల్బి లేదా గ్రామాల పేర్లను జాబితా చేయండి."
INDIA_NWMP_Water_Quality_Data,Hindi,c43050ae,0.7356235980987549,"For the year 2023, list each station code along with the maximum temperature in Celsius recorded, grouped by the station code and ordered from the highest to lowest maximum temperature.","2023 के वर्ष के लिए, प्रत्येक स्टेशन कोड को सर्वोच्च तापमान सेल्सियस में दर्ज किया गया है, स्टेशन कोड द्वारा समूहीकृत और सर्वोच्च से निम्नतम सर्वोच्च तापमान के क्रम में क्रमबद्ध।"
INDIA_IHDS_2011_TRACKING_SURVEY,Tamil,52c5188e,0.7361642122268677,"Show the education at migration codes and the total count of migrants for those whose activity status is 'Salaried' and whose married when migrated indicator is not null, grouped by their education at migration code and ordered by the count in descending order for the top 5 results.","இடம்பெயர்ந்த போது இருந்த கல்வித் தகுதிக்கான குறியீடுகள் (education at migration codes) மற்றும் இடம்பெயர்ந்தவர்களின் மொத்த எண்ணிக்கையைக் காட்டவும். இதில் செயல்பாட்டு நிலை (activity status) 'சம்பளம் பெறுபவர்' (Salaried) என்றும், இடம்பெயர்ந்த போது திருமணமானவர் என்பதற்கான குறிகாட்டி (married when migrated indicator) காலியாக இல்லாமலும் (not null) இருக்க வேண்டும். இவற்றை கல்வித் தகுதிக்கான குறியீட்டின் அடிப்படையில் குழுவாக்கி (grouped by), எண்ணிக்கையின் அடிப்படையில் இறங்கு வரிசையில் (descending order) முதல் 5 முடிவுகளை மட்டும் காட்டவும்."
INDIA_Economic_Census_Firms,Tamil,2ad8247d,0.7364166378974915,"List the sub-district names for the census year 2013 where the total number of establishments owned by Sikhs is greater than zero and the total number of establishments owned by Jains is exactly zero, grouped and ordered alphabetically by the sub-district name.","2013 மக்கள் தொகை கணக்கெடுப்பு ஆண்டிற்கான, சீக்கியர்களுக்கு சொந்தமான நிறுவனங்களின் மொத்த எண்ணிக்கை பூஜ்யத்தை விட அதிகமாகவும், ஜைனர்களுக்கு சொந்தமான நிறுவனங்களின் மொத்த எண்ணிக்கை சரியாக பூஜ்யமாகவும் உள்ள துணை-மாவட்ட பெயர்களை, துணை-மாவட்ட பெயரின் அகரவரிசைப்படி குழுவாக்கி வரிசைப்படுத்தவும்."
INDIA_ICRISAT_District_Level_Agricultural_Data,Bengali,b4ad1d2f,0.737445592880249,"Provide a list of states and districts that had active sunflower production, ordered by the most recent year.",সর্বশেষ বছরের ক্রমানুসারে সক্রিয় সূর্যমুখী উৎপাদনকারী রাজ্য ও জেলাগুলির একটি তালিকা প্রদান করুন।
INDIA_HMIS_Sub_District_Report_Rural_Urban,Telugu,0ae728bb,0.73774653673172,"Provide a breakdown of oral pill cycles and condoms distributed in 2021 by area type, ranked by the volume of pill distribution for areas with active distribution.","2021లో క్రియాశీల పంపిణీ ఉన్న ప్రాంతాల కోసం, గుళికల పంపిణీ పరిమాణం ఆధారంగా ర్యాంక్ చేయబడిన ప్రాంతాల రకం ద్వారా, నోటి గుళికల చక్రాలు మరియు పంపిణీ చేయబడిన కాండోమ్ల వివరణను అందించండి."
INDIA_IHDS_2011_TRACKING_SURVEY,Telugu,4a6525b0,0.7382075786590576,List the unique PSU codes in ascending order for households located in the state of Rajasthan where the completion status is 'Located' and the household split number is 0.,"రాజస్థాన్ రాష్ట్రంలో ఉండి, పూర్తిస్థాయి స్థితి (completion status) 'Located' గా మరియు హౌస్‌హోల్డ్ స్ప్లిట్ నంబర్ 0 గా ఉన్న గృహాలకు సంబంధించి, ప్రత్యేకమైన (unique) PSU కోడ్‌లను ఆరోహణ క్రమంలో జాబితా చేయండి."
INDIA_IHDS_2005_HOUSEHOLD_SURVEY,Hindi,a29f6fad,0.7385146617889404,Identify all households that either have an asset index of 27 or have a recorded date for the Gauna ceremony.,"इस क्वेरी का अनुवाद करें:
उन सभी घरों की पहचान करें जिनका परिसंपत्ति सूचकांक 27 है या जिनके पास गौना समारोह की दर्ज तिथि है।"
INDIA_NWMP_Water_Quality_Data,Tamil,397844ea,0.7387474775314331,List the station names for stations located in the state of 'Andhra Pradesh' where the maximum fecal streptococci MPN per 100ml is greater than 1.,"'Andhra Pradesh' மாநிலத்தில் அமைந்துள்ள நிலையங்களின் பெயர்களை பட்டியலிடுங்கள், அங்கு அதிகபட்ச மল স্ট്রെപ്টোകോக്കി MPN per 100ml 1 ஐ விட அதிகமாக உள்ளது."
INDIA_IHDS_2011_TRACKING_SURVEY,Telugu,59e39262,0.739098072052002,"For each activity status and education at migration code, what is the activity status, the education at migration code, and the total count of migrant IDs, including only those combinations with more than zero migrants, sorted by the count in descending order?","ప్రతి యాక్టివిటీ స్టేటస్ (activity status) మరియు వలస వెళ్ళే సమయానికి ఉన్న ఎడ్యుకేషన్ కోడ్ (education at migration code) ల వారీగా, ఆ యాక్టివిటీ స్టేటస్, ఎడ్యుకేషన్ కోడ్ మరియు మొత్తం మైగ్రెంట్ ఐడిల (migrant IDs) సంఖ్యను తెలపండి. ఇందులో సున్నా కంటే ఎక్కువ మైగ్రెంట్స్ ఉన్న కాంబినేషన్లను మాత్రమే చేర్చి, వాటిని గరిష్ట సంఖ్య నుండి కనిష్ట సంఖ్యకు (descending order) క్రమబద్ధీకరించండి."
INDIA_ROAD_ACCIDENTS_DATASET_2001,Telugu,946fede9,0.7397671341896057,List the casualty IDs for all casualties classified as pedestrians where the casualty severity level is 2.,పాదచారులుగా వర్గీకరించిన మరియు ఆపద తీవ్రత స్థరం 2 ఉన్న అన్ని ఆపదల కోసం ఆపద IDలను జాబితా చేయండి.
INDIA_HMIS_Sub_District_Report_Facility_wise,Hindi,c2377545,0.7398272156715393,List the unique sub-districts that either are classified as rural or recorded outpatient services during the year 2022.,"इस क्वेरी का अनुवाद करें:
उन अद्वितीय उप-जिलों की सूची बनाएं जो या तो ग्रामीण के रूप में वर्गीकृत हैं या वर्ष 2022 के दौरान आउटपेशेंट सेवाएं दर्ज की गई हैं।"
INDIA_IHDS_2011_TRACKING_SURVEY,Bengali,f3127d47,0.7399718761444092,"List the geography IDs, ordered ascending by geography ID, for households where either the completion status is 'Located' or the household split number is 1, grouped by their geography ID.","ভৌগোলিক আইডি (geography ID) অনুযায়ী ক্রমানুসারে সাজিয়ে সেইসব খানাগুলোর (households) ভৌগোলিক আইডির তালিকা তৈরি করুন, যেখানে হয় সম্পন্নের স্থিতি (completion status) 'Located' অথবা খানার বিভাজন সংখ্যা (household split number) ১।"
INDIA_Economic_Census_Firms,Tamil,c0d57f54,0.740062415599823,"List the state names and the total count of district IDs for each state in the country of 'India', only including states that have more than zero districts, and display the top 5 states with the highest number of districts.","'இந்தியா' நாட்டில் உள்ள ஒவ்வொரு மாநிலத்திற்கும் மாநில பெயர்கள் மற்றும் மாவட்ட ஐடிகளின் மொத்த எண்ணிக்கையை பட்டியலிடுங்கள், பூஜ்ஜியத்திற்கு மேல் மாவட்டங்கள் உள்ள மாநிலங்களை மட்டும் சேர்த்து, அதிக மாவட்டங்கள் கொண்ட முதல் 5 மாநிலங்களைக் காண்பியுங்கள்."
INDIA_Economic_Census_Firms,Telugu,fc696454,0.7404307126998901,List the sub-district names for the census year 2013 where the total number of establishments is greater than zero and the count of residential-commercial establishments is exactly zero.,"2013 జనగణన సంవత్సరానికి, మొత్తం సంస్థల సంఖ్య సున్నా కంటే ఎక్కువగా ఉండి, నివాస-వాణిజ్య సంస్థల సంఖ్య సరిగ్గా సున్నాగా ఉన్న ఉప-జిల్లా పేర్లను జాబితా చేయండి."
INDIA_IHDS_2011_TRACKING_SURVEY,Telugu,2227925d,0.7404815554618835,"List the activity status and the education at migration code, along with the count of migrant employment IDs, for groups where the count of migrant employment IDs is greater than one, and order the results by this count in descending order.","వలస ఉపాధి ఐడిల (migrant employment IDs) సంఖ్య ఒకటి కంటే ఎక్కువగా ఉన్న సమూహాల కోసం, యాక్టివిటీ స్టేటస్ (activity status), వలస సమయcode లోని విద్య (education at migration code) మరియు వలస ఉపాధి ఐడిల సంఖ్యను జాబితా చేయండి. ఫలితాలను ఈ సంఖ్య ఆధారంగా అవరోహణ క్రమంలో (descending order) అమర్చండి."
INDIA_IHDS_2005_HOUSEHOLD_SURVEY,Hindi,be907e24,0.7409682869911194,Identify the household IDs for Christian families that possess an asset index greater than 10 and are involved in business activity subtype 40.,"इस क्वेरी का अनुवाद करें:
उन घरेलू आईडी की पहचान करें जो ईसाई परिवारों के हैं, जिनका परिसंपत्ति सूचकांक 10 से अधिक है और जो व्यावसायिक गतिविधि उपप्रकार 40 में शामिल हैं।"
INDIA_ICRISAT_District_Level_Agricultural_Data,Telugu,d6f918f4,0.7412017583847046,Identify the districts in Chhattisgarh that recorded pearl millet production in 1970 but had no instances of finger millet production exceeding 200 tons.,"ఈ ప్రశ్నను తెలుగులో అనువదించండి:
1970లో చెట్టి మిల్లెట్ ఉత్పత్తి నమోదు చేసిన, కానీ 200 టన్నుల కంటే ఎక్కువ వేలు మిల్లెట్ ఉత్పత్తి ఉదాహరణలు లేని ఛత్తీస్గఢ్ జిల్లాలను గుర్తించండి."
INDIA_IHDS_2011_TRACKING_SURVEY,Telugu,775ee0a4,0.7417842149734497,"List the household ID, household number, and district code for all households where the new household split number is not zero and there is at least one household status ID recorded, ordered by the household ID in ascending order.","కొత్త హౌస్‌హోల్డ్ స్ప్లిట్ నంబర్ సున్నా కాకుండా ఉండి, కనీసం ఒక హౌస్‌హోల్డ్ స్టేటస్ ఐడి నమోదై ఉన్న అన్ని గృహాలకు సంబంధించి హౌస్‌హోల్డ్ ఐడి, హౌస్‌హోల్డ్ నంబర్ మరియు డిస్ట్రిక్ట్ కోడ్‌లను హౌస్‌హోల్డ్ ఐడి ఆధారంగా ఆరోహణ క్రమంలో జాబితా చేయండి."
INDIA_IHDS_2011_TRACKING_SURVEY,Tamil,7d516496,0.7418845891952515,"List the district codes and the total count of household IDs for households where the new household split number is not zero, grouped by their district code and ordered by the count in descending order for the top 10 results.","புதிய வீட்டுக் கிளை எண் (new household split number) பூஜ்ஜியமாக இல்லாத வீடுகளின் மாவட்டக் குறியீடுகள் மற்றும் மொத்த வீட்டுக் குறியீடுகளின் (household IDs) எண்ணிக்கையைப் பட்டியலிடவும். இவற்றை மாவட்டக் குறியீட்டின் அடிப்படையில் குழுவாக்கி, எண்ணிக்கையின் அடிப்படையில் இறங்கு வரிசையில் வரிசைப்படுத்தி முதல் 10 முடிவுகளைக் காட்டவும்."
INDIA_NWMP_Water_Quality_Data,Tamil,e2c56ea8,0.742255449295044,"For each state, list the state name, the average maximum temperature in Celsius, and the total count of unique station IDs, specifically for stations located near lakes, and order the results by the average maximum temperature in descending order.","ஒவ்வொரு மாநிலத்திற்கும், மாநிலத்தின் பெயர், சராசரி அதிகபட்ச வெப்பநிலை செல்சியஸில், மற்றும் தனித்துவமான நிலையங்கள் ஐடிகளின் மொத்த எண்ணிக்கை, குறிப்பாக ஏரிகளுக்கு அருகில் அமைந்த நிலையங்களுக்கு, மற்றும் ফলங்களை சராசரி அதிகபட்ச வெப்பநிலையின் அடிப்படையில் இறங்கு வரிசையில் வரிசைப்படுத்தவும்."
INDIA_ROAD_ACCIDENTS_DATASET_2001,Telugu,547dfb70,0.7424440383911133,"List the accident ID and the total sum of casualties for each accident where the light conditions were 'Darkness - no lighting' and the collision type was 'Vehicle with vehicle collision', specifically for those accidents where the total number of casualties is greater than 5, ordered from the highest number of casualties to the lowest.","ప్రతి ప్రమాదం కోసం ప్రమాద ID మరియు మొత్తం ప్రమాదాల సంఖ్యను జాబితా చేయండి, ఇక్కడ కాంతి పరిస్థితులు 'చీకటి - లైటింగ్ లేనిది' మరియు ఘర్షణ రకం 'వాహనం వాహనం ఘర్షణ', ప్రత్యేకంగా ఆ ప్రమాదాల కోసం ఇక్కడ మొత్తం ప్రమాదాల సంఖ్య 5 కంటే ఎక్కువ, అత్యధిక సంఖ్యలో ప్రమాదాల నుండి అత్యల్ప సంఖ్యకు ఆదేశించబడింది."
INDIA_NWMP_Water_Quality_Data,Telugu,dee6c9e8,0.742470383644104,"List the station name and the maximum conductivity in umhos per cm for the top 10 records from the year 2023, ordered by the maximum conductivity in descending order.","2023 సంవత్సరం నుండి టాప్ 10 రికార్డ్‌ల కోసం స్టేషన్ పేరు మరియు umhos per cm లో గరిష్ట విద్యుత్ సంచాలకత్వాన్ని జాబితా చేయండి, గరిష్ట విద్యుత్ సంచాలకత్వం ఆధారంగా అవరోహణ క్రమంలో ఆదేశించండి."
INDIA_ICRISAT_District_Level_Agricultural_Data,Bengali,16e7eeb8,0.7427128553390503,"Rank the states by their average rice yield in descending order, also showing the average wheat yield for each.","রাজ্যগুলিকে তাদের গড় ধান উৎপাদনের ভিত্তিতে অবতরণ ক্রমে ক্রমিত করুন, পাশাপাশি প্রতিটির গড় গম উৎপাদনও দেখান।"
INDIA_ROAD_ACCIDENTS_DATASET_2001,Tamil,cf18af22,0.7428431510925293,Show all columns from the casualty dimension for records where the casualty class is 'Pedestrian' and the fitness of the casualty is 'Normal'.,"காயப்பட்ட பரிமாணத்திலிருந்து அனைத்து நெடுவரிசைகளைக் காட்டவும், அங்கு காயப்பட்ட வகுப்பு 'பாதசாரி' மற்றும் காயப்பட்டவரின் ஆரோக்கியம் 'சாதாரணம்' ஆக இருக்கும் பதிவுகளுக்கு."
INDIA_HMIS_Sub_District_Report_Rural_Urban,Hindi,f7d961ca,0.7430643439292908,"Rank the sub-districts by the total number of first-dose Vitamin A supplements administered throughout the year 2021, starting with the highest.","उप-जिलों को वर्ष 2021 में प्रशासित पहली खुराक विटामिन ए पूरकों की कुल संख्या के आधार रैंक करें, सबसे अधिक से शुरू करते हुए।"
INDIA_NWMP_Water_Quality_Data,Hindi,3edd657b,0.7431981563568115,"For stations located in the state with ID 1, what is the average maximum fecal streptococci MPN per 100ml and the corresponding type of water body, grouped by the water body type and ordered from highest to lowest average?","राज्य ID 1 में स्थित स्टेशनों के लिए, जल निकाय के प्रकार के अनुसार समूहीकृत और उच्चतम से निम्नतम औसत के अनुसार क्रमबद्ध, औसत अधिकतम मल स्ट्रेप्टोकोकी MPN प्रति 100ml और संबंधित जल निकाय का प्रकार क्या है?"
INDIA_Economic_Census_Firms,Hindi,bc7a27e8,0.7436889410018921,"List the state name, the district name, and the ULB/RLB village name for locations in the states of Assam, Andhra Pradesh, or Bihar, excluding those in the Prakasam district, grouped by state, district, and village name and ordered alphabetically by village and district.","असम, आंध्र प्रदेश या बिहार राज्यों में स्थित स्थानों के लिए, प्रकाशम जिले को छोड़कर, राज्य, जिला और गाँव के नाम के अनुसार समूहीकृत करें और गाँव तथा जिले के नाम के अनुसार वर्णानुक्रम में क्रमबद्ध करें।"
INDIA_ICRISAT_District_Level_Agricultural_Data,Telugu,6c50ba29,0.7438265085220337,"List the districts in Chhattisgarh that produced exactly 200 tons of finger millet and at least some pearl millet during the year 1970, sorted alphabetically.","ఈ ప్రశ్నను తెలుగులో అనువదించండి:
1970 సంవత్సరంలో సరిగ్గా 200 టన్నుల వరకు రాగులు మరియు కనీసం కొంత సజ్జలను ఉత్పత్తి చేసిన ఛత్తీస్గఢ్ జిల్లాలను అక్షర క్రమంలో జాబితా చేయండి."
INDIA_HMIS_Sub_District_Report_Rural_Urban,Hindi,9a414d70,0.7443602681159973,"Identify the rural sub-districts that recorded allopathic outpatient attendance in 2022, excluding any sub-districts that also have urban areas with reported attendance for that same year.","इस क्वेरी का अनुवाद करें:
उन ग्रामीण उप-जिलों की पहचान करें जिन्होंने 2022 में एलोपैथिक आउटपेशेंट उपस्थिति दर्ज की, उन उप-जिलों को छोड़कर जिनमें शहरी क्षेत्र भी हैं और उसी वर्ष के लिए उपस्थिति दर्ज की गई है।"
INDIA_ROAD_ACCIDENTS_DATASET_2001,Telugu,71d5f8f4,0.7446647882461548,"List the distinct light conditions for accidents where the number of casualties is greater than two and the day of the week is not Sunday, ordered alphabetically by the light conditions.","ఆపాతాల కోసం విభిన్న కాంతి పరిస్థితులను జాబితా చేయండి, ఇక్కడ ప్రాణనష్టాల సంఖ్య రెండు కంటే ఎక్కువ మరియు వారం యొక్క రోజు ఆదివారం కాదు, కాంతి పరిస్థితుల ద్వారా అక్షర క్రమానికి ఆదేశించబడింది."
INDIA_Economic_Census_Firms,Telugu,9432abec,0.7448955178260803,"List the district name, the state name, and the country name for all entries, ordered alphabetically by the name of the district.","జిల్లా పేరు, రాష్ట్ర పేరు మరియు దేశ పేరును జిల్లా పేరు ఆధారంగా వర్ణమాల క్రమంలో జాబితా చేయండి."
INDIA_IHDS_2005_HOUSEHOLD_SURVEY,Hindi,82810052,0.7452587485313416,Identify the household IDs for families belonging to the OBC category who are in the highest asset index bracket.,"इस प्रश्न का अनुवाद करें:
ओबीसी श्रेणी से संबंधित परिवारों के लिए घरेलू आईडी की पहचान करें जो सर्वोच्च संपत्ति सूचकांक ब्रैकेट में हैं।"
INDIA_NWMP_Water_Quality_Data,Tamil,b34956c2,0.7456980347633362,"Show the average maximum fecal streptococci MPN per 100ml and the corresponding type of water body, grouped by the type of water body and ordered from the highest average concentration to the lowest.","நீர்நிலையின் வகையின் அடிப்படையில் குழுவாக்கப்பட்ட மற்றும் மிக உயர்ந்த சராசரி செறிவிலிருந்து மிகக் குறைந்த செறிவு வரை வரிசைப்படுத்தப்பட்ட, 100ml க்கு சராசரி அதிகபட்ச மল স্ট்রெப்டোகோக்கி MPN மற்றும் தொடர்புடைய நீர்நிலையின் வகையைக் காட்டவும்."
INDIA_HMIS_Sub_District_Report_Rural_Urban,Hindi,a8da6782,0.7458299398422241,"Provide a breakdown of the total oral pill cycles and condoms distributed in 2021, categorized by the type of area.","कुल मौखिक गोली चक्र और 2021 में वितरित कंडोम का विवरण प्रदान करें, क्षेत्र के प्रकार के अनुसार वर्गीकृत किया गया।"
INDIA_Economic_Census_Firms,Telugu,9a4faed8,0.7465838193893433,"For the census year 2013, list the sub-district names and the ULB/RLB village names for locations where the estimated livestock count is greater than zero, excluding any locations that also had an estimated residential-commercial count greater than zero in 2013, grouped by their sub-district and village names and ordered alphabetically by sub-district.","2013 జనగణన సంవత్సరానికి, అంచనా వేసిన పశుసంపద సంఖ్య సున్నా కంటే ఎక్కువగా ఉన్న ప్రాంతాల కోసం, 2013లో అంచనా వేసిన నివాస-వాణిజ్య సంఖ్య కూడా సున్నా కంటే ఎక్కువగా ఉన్న ప్రాంతాలను మినహాయించి, ఉప-జిల్లా మరియు గ్రామ పేర్ల ప్రకారం సమూహపరచి, ఉప-జిల్లా పేర్ల ప్రకారం అక్షర క్రమంలో అమర్చిన ఉప-జిల్లా పేర్లు మరియు ULB/RLB గ్రామ పేర్లను జాబితా చేయండి."
INDIA_NWMP_Water_Quality_Data,Telugu,b34956c2,0.7466241121292114,"Show the average maximum fecal streptococci MPN per 100ml and the corresponding type of water body, grouped by the type of water body and ordered from the highest average concentration to the lowest.","సగటు గరిష్ట ఫెకల్ స్ట్రెప్టోకోకాయ్ MPN ప్రతి 100ml మరియు సంబంధిత జల సంస్థ రకాన్ని చూపించండి, జల సంస్థ రకం ద్వారా సమూహీకరించి, అత్యధిక సగటు సాంద్రత నుండి అత్యల్ప సాంద్రత వరకు ఆర్డర్ చేయండి."
INDIA_ICRISAT_District_Level_Agricultural_Data,Telugu,5fd24b0e,0.7467964887619019,Identify the states and districts that recorded active sunflower production for each year.,"ఈ ప్రశ్నను తెలుగులో అనువదించండి:
ప్రతి సంవత్సరం క్రియాశీల సూర్యకాంతి ఉత్పత్తిని నమోదు చేసిన రాష్ట్రాలు మరియు జిల్లాలను గుర్తించండి."
INDIA_Economic_Census_Firms,Tamil,8ec520f2,0.7468816637992859,"For the state of 'Bihar', list each district name and the total count of distinct ULB/RLB village names, ensuring only districts with more than zero villages are included, and display the top 10 districts with the highest counts.","'பிகார்' மாநிலத்திற்கு, ஒவ்வொரு மாவட்டத்தின் பெயரையும், தனித்தனி ULB/RLB கிராமப் பெயர்களின் மொத்த எண்ணிக்கையையும் பட்டியலிடுங்கள், பூஜ்ஜியத்திற்கும் அதிகமான கிராமங்களைக் கொண்ட மாவட்டங்களை மட்டுமே சேர்த்து, அதிகபட்ச எண்ணிக்கையைக் கொண்ட முதல் 10 மாவட்டங்களைக் காண்பியுங்கள்."
INDIA_IHDS_2011_TRACKING_SURVEY,Telugu,237a1657,0.7469140887260437,"List the household IDs for households where all members are at least 22 years old, but specifically only those households where none of the members have a marital status code indicating they are married.","కుటుంబంలోని సభ్యులందరి వయస్సు కనీసం 22 ఏళ్లు ఉండి, మరియు ఆ కుటుంబంలోని సభ్యులెవరికీ వివాహం కాలేదని సూచించే వైవాహిక స్థితి కోడ్ (marital status code) ఉన్న గృహాల ఐడిల (household IDs) జాబితాను రూపొందించండి."
INDIA_IHDS_2005_HOUSEHOLD_SURVEY,Hindi,2fef3613,0.7470264434814453,"Identify all households that have at least five animal care workers and an asset index of 17, sorted by their ID.","इस क्वेरी का अनुवाद करें:
उन सभी घरों की पहचान करें जिनमें कम से कम पाँच पशु देखभाल कर्मी हैं और 17 का संपत्ति सूचकांक है, उनके आईडी के अनुसार क्रमबद्ध किया गया।"
INDIA_Village_Amenities_Directory_2001,Tamil,b6cebcdb,0.7478548288345337,"List the district names and sub-district names for all districts and sub-districts that have a total number of Ayurvedic dispensaries and a total number of Homeopathic dispensaries of at least zero, ordered alphabetically by district name.","குறைந்தது பூஜ்ஜியம் ஆயுர்வேத மருந்தகங்கள் மற்றும் ஹோமியோபதி மருந்தகங்களைக் கொண்டுள்ள அனைத்து மாவட்டங்கள் மற்றும் துணை மாவட்டங்களின் பெயர்களை, மாவட்டப் பெயர்களின் அகரவரிசைப்படி பட்டியலிடவும்."
INDIA_IHDS_2011_TRACKING_SURVEY,Bengali,4a6525b0,0.7481234669685364,List the unique PSU codes in ascending order for households located in the state of Rajasthan where the completion status is 'Located' and the household split number is 0.,রাজস্থান রাজ্যে অবস্থিত সেইসব খানাগুলোর (households) জন্য অনন্য পিএসইউ (PSU) কোডগুলো আরোহী ক্রমে তালিকাভুক্ত করুন যেখানে সমাপ্তির স্থিতি (completion status) 'Located' এবং খানার বিভাজন সংখ্যা (household split number) ০।
INDIA_Village_Amenities_Directory_2001,Tamil,70932f22,0.7482101917266846,"List the district name and sub-district name, along with the total number of ayurvedic dispensaries and the total number of allopathic hospitals for each sub-district, filtering for those that have more than zero homeopathic dispensaries, and order the results by district name.","ஒவ்வொரு துணை மாவட்டத்திற்கும் மாவட்டப் பெயர் மற்றும் துணை மாவட்டப் பெயருடன், மொத்த ஆயுர்வேத மருந்தகங்களின் எண்ணிக்கை மற்றும் மொத்த அலோபதி மருத்துவமனைகளின் எண்ணிக்கையைப் பட்டியலிடவும்; இதில் பூஜ்ஜியத்திற்கும் அதிகமான ஹோமியோபதி மருந்தகங்களைக் கொண்டுள்ளவற்றை மட்டும் வடிகட்டி, முடிவுகளை மாவட்டப் பெயரின் அடிப்படையில் வரிசைப்படுத்தவும்."
INDIA_Economic_Census_Firms,Telugu,db9784c3,0.7483909726142883,"List the names of the ULB, RLB, or villages, sorted alphabetically, that have a total sum of livestock establishments greater than zero, specifically filtering for locations where individual livestock establishment counts are greater than zero and the count of residential-commercial establishments is exactly zero.","పశుసంపద సంస్థల మొత్తం సంఖ్య సున్నా కంటే ఎక్కువగా ఉన్న, వ్యక్తిగత పశుసంపద సంస్థల సంఖ్య సున్నా కంటే ఎక్కువగా ఉన్న మరియు నివాస-వాణిజ్య సంస్థల సంఖ్య సరిగ్గా సున్నాగా ఉన్న ప్రదేశాలను మాత్రమే ఫిల్టర్ చేస్తూ, ULB, RLB లేదా గ్రామాల పేర్లను అక్షర క్రమంలో జాబితా చేయండి."
INDIA_HMIS_Sub_District_Report_Rural_Urban,Hindi,e24c7b37,0.7487163543701172,"Rank the sub-districts by the total number of children over 10 and 16 years old who received adolescent immunizations in 2021, excluding those with no records.","इस प्रश्न का अनुवाद करें:
उन उप-जिलों को रैंक करें जहां 2021 में किशोर टीकाकरण प्राप्त करने वाले 10 और 16 वर्ष से अधिक आयु के बच्चों की कुल संख्या है, बिना किसी रिकॉर्ड वाले को छोड़कर।"
INDIA_HMIS_Sub_District_Report_Facility_wise,Hindi,1b1775cf,0.7489533424377441,"Provide a yearly breakdown by state of the total first doses administered for Vitamin A and Measles-Rubella (9-11 months), excluding any records with no Vitamin A data and sorting by the most recent years.","इस प्रश्न का अनुवाद करें:
राज्यवार वार्षिक विवरण प्रदान करें कि विटामिन ए और खसरा-रूबेला (9-11 महीने) की कुल पहली खुराकें कितनी प्रशासित की गईं, बिना विटामिन ए डेटा वाले किसी भी रिकॉर्ड को छोड़कर और सबसे हाल के वर्षों के अनुसार क्रमबद्ध करें।"
INDIA_HMIS_Sub_District_Report_Rural_Urban,Telugu,99eb0b3c,0.7492281794548035,"Identify the months that either belong to the year 2022 or recorded more than 5,000 allopathic outpatient visits, sorted alphabetically.","ఈ ప్రశ్నను అనువదించండి:
2022 సంవత్సరానికి చెందిన లేదా 5,000 కంటే ఎక్కువ ఆలోపతి బయటి రోగుల సందర్శనలను నమోదు చేసిన నెలలను గుర్తించండి, వర్ణమాల క్రమంలో క్రమబద్ధీకరించబడింది."
INDIA_ROAD_ACCIDENTS_DATASET_2001,Tamil,d3c43b0a,0.7492426633834839,Show all columns and details from the driver dimension for those drivers who have between 1-2 years of driving experience or whose educational level is junior high school.,"ड्राइवर डाइमेंशन से सभी कॉलम और विवरण दिखाएं उन ड्राइवरों के लिए जिनके पास 1-2 साल का ड्राइविंग अनुभव है या जिनका शैक्षणिक स्तर जूनियर हाई स्कूल है।

ড্রাইভার ডাইমেনশন থেকে সমস্ত কলাম এবং বিবরণ দেখান যে ড্রাইভারদের জন্য যাদের 1-2 বছরের ড্রাইভিং অভিজ্ঞতা রয়েছে বা যাদের শিক্ষাগত স্তর জুনিয়র হাই স্কুল।

ড्राइवर डाइमेंशन से सभी कॉलम और विवरण दिखाएं उन ड्राइवरों के लिए जिनके पास 1-2 साल का ड्राइविंग अनुभव है या जिनका शैक्षणिक स्तर जूनियर हाई स्कूल है।

ড्রাইভার ডাইমেনশন থেকে সমস্ত কলাম এবং বিবরণ দেখান যে ড্রাইভারদের জন্য যাদের 1-2 বছরের ড্রাইভিং অভিজ্ঞতা রয়েছে বা যাদের শিক্ষাগত স্তর জুনিয়র হাই স্কুল।

ড्राइवर डाइमेंशन से सभी कॉलम और विवरण दिखाएं उन ड्राइवरों के लिए जिनके पास 1-2 साल का ड्राइविंग अनुभव है या जिनका शैक्षणिक स्तर जूनियर हाई स्कूल है।

ড्रাইভার ডাইমেনশন থেকে সমস্ত কলাম এবং বিবরণ দেখান যে ড्रাइভারদের জন्য যাদের 1-2 বছরের ড्राइভিং অভিজ्ঞতা রয়েছে বা যাদের শিক্ষাগত স্তর জুনিয়র হাই স্কুল।

ড्राइवर डाइमेंशन से सभी कॉलम और विवरण दिखाएं उन ड्राइवरों के लिए जिनके पास 1-2 साल का ड्राइविंग अनुभव है या जिनका शैक्षणिक स्तर जूनियर हाई स्कूल है।

ড्राইভার ডাইमেনশন থেকে সমস্ত কলাম এবং বিবরণ দেখান যে ড्रাइভারদের জন्য যাদের 1-2 বছরের ড्রাइভিং অভিজ্ঞতা রয়েছে বা যাদের শিক্ষাগত স্তর জুনিয়র হাই স্কুল।

ড्राइवर डाइमेंशन से सभी क"
INDIA_NWMP_Water_Quality_Data,Telugu,3edd657b,0.7492474913597107,"For stations located in the state with ID 1, what is the average maximum fecal streptococci MPN per 100ml and the corresponding type of water body, grouped by the water body type and ordered from highest to lowest average?","ID 1 గల రాష్ట్రంలో ఉన్న స్టేషన్‌ల కోసం, సగటు గరిష్ట ఫెకల్ స్ట్రెప్టోకోకై MPN 100ml కు ఎంత మరియు సంబంధిత జల సంస్థ రకం ఏమిటి, జల సంస్థ రకం ద్వారా సమూహీకరించి, అత్యధికం నుండి అత్యల్పం వరకు సగటు ఆధారంగా ఆర్డర్ చేయండి?"
INDIA_NWMP_Water_Quality_Data,Telugu,69f98fc6,0.7492693662643433,List the station names for stations located in the state of Assam where the maximum fecal streptococci MPN per 100ml is greater than 1.,"అస్సాం రాష్ట్రంలో ఉన్న స్టేషన్‌ల పేర్లను జాబితా చేయండి, ఇక్కడ గరిష్ట ఫెకల్ స్ట్రెప్టోకోకి MPN 100ml కంటే 1 కంటే ఎక్కువ ఉంది."
INDIA_ROAD_ACCIDENTS_DATASET_2001,Telugu,9f67d6f2,0.750140368938446,"List the areas where accidents occurred for incidents involving more than one vehicle on a Sunday, specifically for those areas where no accidents occurred on a Monday.","ఒక సप్తాహం రోజున్న ఆదివారం రోజున ఒకటికంటే ఎక్కువ వాహనాలు ఉన్న ఘటనలలో ప్రమాదాలు సంభవించిన ప్రాంతాలను జాబితా చేయండి, ప్రత్యేకించి సోమవారం రోజున ఎటువంటి ప్రమాదాలు సంభవించని ప్రాంతాలకు."
INDIA_IHDS_2011_TRACKING_SURVEY,Telugu,619aaf85,0.7502106428146362,"List the migrant ID, the education at migration code, and the marital status at migration code for all individuals whose marital status at migration code is 'Married'.","వలస సమయంలో వైవాహిక స్థితి 'Married' (వివాహితులు) గా ఉన్న వ్యక్తులందరి యొక్క వలస ఐడి (migrant ID), వలస నాటి విద్యా కోడ్ (education at migration code) మరియు వలస నాటి వైవాహిక స్థితి కోడ్ (marital status at migration code) జాబితా చేయండి."
INDIA_HMIS_Sub_District_Report_Facility_wise,Telugu,e6011e7c,0.7502492666244507,Which sub-districts held immunization sessions in 2021 but did not distribute any combined oral pill cycles?,"2021లో ఏ ఉప-జిల్లాలు ఇమ్యూనైజేషన్ సెషన్లు నిర్వహించాయి, కానీ ఏ కలిపి ఓరల్ పిల్ చక్రాలు విస్తరించలేదు?"
INDIA_IHDS_2005_HOUSEHOLD_SURVEY,Telugu,962070d7,0.7507091760635376,Identify the households that have an asset index of 27 and include children whose school enrollment status is currently unrecorded or missing.,ఆ పరిస్థితిని గుర్తించండి: ఆస్తి సూచిక 27 ఉన్న గృహాలను గుర్తించండి మరియు వారి పిల్లల పాఠశాల నమోదు స్థితి ప్రస్తుతం రికార్డ్ చేయబడని లేదా లేని పిల్లలను కలిగి ఉన్న గృహాలను గుర్తించండి.
INDIA_IHDS_2005_HOUSEHOLD_SURVEY,Hindi,b88f6a77,0.7507134079933167,"Provide the caste or religious group, household asset index, and social network contact types for all households where the Gauna ceremony has taken place, sorted by their asset index.","इस क्वेरी का अनुवाद करें:
उन सभी घरों के लिए जाति या धार्मिक समूह, घरेलू संपत्ति सूचकांक और सामाजिक नेटवर्क संपर्क प्रकार प्रदान करें जहां गौना समारोह हुआ है, उनके संपत्ति सूचकांक के अनुसार क्रमबद्ध किया गया है।"
INDIA_NWMP_Water_Quality_Data,Tamil,ab75799c,0.7507312297821045,"List the station name and station code for all stations, grouped by their name and code and ordered by station code, where either the water body type is 'TANK' or the state is 'Bihar'.","அனைத்து நிலையங்களுக்கான நிலைய பெயர் மற்றும் நிலைய குறியீட்டை பட்டியலிடுங்கள், அவற்றின் பெயர் மற்றும் குறியீட்டால் தொகுக்கப்பட்டு நிலைய குறியீட்டால் வரிசைப்படுத்தப்பட்டு, நீர் உடல் வகை 'TANK' அல்லது மாநிலம் 'Bihar' ஆக இருக்கும் இடங்களில்."
INDIA_IHDS_2005_INDIVIDUAL_SURVEY,Hindi,e493cc36,0.7508540153503418,Identify the states and districts that contain households either belonging to the Brahmin group or ranking 21 on the household assets index.,"इस क्वेरी का अनुवाद करें:
उन राज्यों और जिलों की पहचान करें जिनमें ब्राह्मण समूह से संबंधित या घरेलू संपत्ति सूचकांक पर 21वें स्थान पर रैंक वाले घर हैं।"
INDIA_NWMP_Water_Quality_Data,Telugu,50f7e30a,0.7511240839958191,"List the station name and station code for all stations where the water body type is 'TANK' or for stations that, in the year 2023, recorded a maximum temperature greater than 29.0, ordered alphabetically by their station code.","అన్ని స్టేషన్‌ల కోసం స్టేషన్ పేరు మరియు స్టేషన్ కోడ్‌ను జాబితా చేయండి, ఇక్కడ నీటి శరీర రకం 'TANK' లేదా 2023 సంవత్సరంలో గరిష్ట ఉష్ణోగ్రత 29.0 కంటే ఎక్కువగా నమోదు చేసిన స్టేషన్‌ల కోసం, వాటి స్టేషన్ కోడ్ ద్వారా అక్షర క్రమంలో ఆదేశించబడింది."
INDIA_ROAD_ACCIDENTS_DATASET_2001,Tamil,7048add7,0.7512441873550415,"List the casualty ID and the sex of the casualty for all individuals classified as pedestrians whose fitness was recorded as normal, ordered alphabetically by their sex.","பாதசாரிகளாக வகைப்படுத்தப்பட்ட அனைத்து நபர்களுக்கு, அவர்களின் ஆரோக்கியம் சாதாரணமாக பதிவுசெய்யப்பட்டவர்களுக்கு, சாவு நபரின் ID மற்றும் பாலினத்தை பட்டியலிடுங்கள், அவர்களின் பாலினத்தின் அடிப்படையில் அகரவரிசையில் வரிசைப்படுத்தப்பட்டது."
INDIA_HMIS_Sub_District_Report_Facility_wise,Hindi,b6a7b81b,0.7514834403991699,"List the names of rural sub-districts or those with records from 2022 that have reported at least some allopathic outpatient attendance, sorted alphabetically.","इस क्वेरी का अनुवाद करें:
ग्रामीण उप-जिलों या 2022 के रिकॉर्ड वाले उन उप-जिलों के नाम सूचीबद्ध करें, जिन्होंने कम से कम कुछ एलोपैथिक आउटपेशेंट उपस्थिति की सूचना दी है, वर्णानुक्रम में क्रमबद्ध।"
INDIA_IHDS_2011_TRACKING_SURVEY,Telugu,a69a9d96,0.7521064281463623,"List the occupation description and the education at death code for all records where the education at death code is 'Illiterate', grouped by both the occupation description and the education code, and ordered alphabetically by occupation description.","మరణ సమయ విద్యా అర్హత కోడ్ 'Illiterate' (నిరక్షరాస్యులు) గా ఉన్న అన్ని రికార్డుల యొక్క వృత్తి వివరణ మరియు విద్యా అర్హత కోడ్‌లను జాబితా చేయండి; వీటిని వృత్తి వివరణ మరియు విద్యా అర్హత కోడ్ రెండింటి ద్వారా సమూహపరిచి (grouped), వృత్తి వివరణ ప్రకారం అక్షర క్రమంలో అమర్చండి."
INDIA_IHDS_2011_TRACKING_SURVEY,Tamil,1d056553,0.75248783826828,"List the state code and district code along with the total count of household IDs for each combination, filtering for households where the new household split number is greater than one and only including groups with a count greater than zero.","ஒவ்வொரு சேர்க்கைக்கும் (combination) மாநிலக் குறியீடு, மாவட்டக் குறியீடு மற்றும் மொத்த வீட்டுக் குறியீடுகளின் (household IDs) எண்ணிக்கையைப் பட்டியலிடவும்; இதில் புதிய வீட்டுப் பிரிவு எண் (new household split number) ஒன்றை விட அதிகமாக உள்ள வீடுகளை மட்டும் வடிகட்டவும் மற்றும் எண்ணிக்கை பூஜ்ஜியத்தை விட அதிகமாக உள்ள குழுக்களை மட்டும் சேர்க்கவும்."
INDIA_Economic_Census_Firms,Tamil,fc696454,0.7526872158050537,List the sub-district names for the census year 2013 where the total number of establishments is greater than zero and the count of residential-commercial establishments is exactly zero.,"2013 ஆம் ஆண்டு மக்கள் தொகை கணக்கெடுப்பின்படி, மொத்த நிறுவனங்களின் எண்ணிக்கை பூஜ்யத்தை விட அதிகமாகவும், குடியிருப்பு-வணிக நிறுவனங்களின் எண்ணிக்கை சரியாக பூஜ்யமாகவும் உள்ள துணை மாவட்டங்களின் பெயர்களை பட்டியலிடுக."
INDIA_IHDS_2011_TRACKING_SURVEY,Telugu,2a4c7bb0,0.7533276081085205,"List the person ID, the marital status at migration code, and the employment type for migrants who moved because they were married, yet their married when migrated indicator is recorded as 'No', grouped by these three attributes and ordered by person ID.","వివాహం కారణంగా వలస వెళ్ళినప్పటికీ, వలస వెళ్ళే సమయానికి వివాహితులు కాదని ('No') నమోదైన వలసదారుల యొక్క పర్సన్ ఐడి (person ID), వలస వెళ్ళే నాటి వైవాహిక స్థితి కోడ్ (marital status at migration code) మరియు ఉపాధి రకాన్ని (employment type) జాబితా చేయండి. వీటిని ఈ మూడు లక్షణాల ఆధారంగా సమూహపరిచి (grouped), పర్సన్ ఐడి క్రమంలో అమర్చండి."
INDIA_ROAD_ACCIDENTS_DATASET_2001,Telugu,4a7c38dd,0.7534776926040649,"Show the casualty class for all records where the casualty class is 'Pedestrian' and the casualty severity is level 2, grouped and ordered by the casualty class.","అన్ని రికార్డుల కోసం ఆపాతకర వర్గాన్ని చూపించండి, ఇక్కడ ఆపాతకర వర్గం 'పాదచారి' మరియు ఆపాతకర తీవ్రత స్థాయి 2, ఆపాతకర వర్గం ద్వారా సమూహీకరించబడి మరియు ఆదేశించబడింది."
INDIA_ROAD_ACCIDENTS_DATASET_2001,Bengali,4958cea5,0.7534838318824768,"List the driver ID and the age band of the driver for all records where the driving experience is '1-2yr' or the educational level is 'Junior high school', ordered by the driver ID.","চালকের আইডি এবং চালকের বয়স ব্যান্ড তালিকাভুক্ত করুন সমস্ত রেকর্ডের জন্য যেখানে ড্রাইভিং অভিজ্ঞতা '1-2yr' বা শিক্ষাগত স্তর 'জুনিয়র হাই স্কুল', চালক আইডি দ্বারা অর্ডার করা।"
INDIA_Economic_Census_Firms,Tamil,18a2fb3f,0.753532886505127,"List the state name, the country ID, the district name, and the ULB/RLB village name for all locations, ordered by the village name and then by the district name.","அனைத்து இடங்களுக்கும் மாநில பெயர், நாடு ஐடி, மாவட்ட பெயர் மற்றும் நகராட்சி/கிராம பஞ்சாயத்து கிராம பெயர் ஆகியவற்றை பட்டியலிடுங்கள், கிராம பெயர் பின்னர் மாவட்ட பெயர் வரிசையில் அமைக்கப்பட்டது."
INDIA_NWMP_Water_Quality_Data,Telugu,1d59fcf1,0.754442572593689,"For the year 2021, list the station name and the type of water body for all stations where the maximum conductivity in umhos per cm recorded is greater than 3950, and sort the results by that maximum conductivity in descending order.","2021 సంవత్సరానికి, గరిష్ట విద్యుత్ సంచాలకత్వం umhos per cm లో 3950 కంటే ఎక్కువ ఉన్న అన్ని స్టేషన్‌ల కోసం స్టేషన్ పేరు మరియు జల సంస్థ రకాన్ని జాబితా చేయండి, మరియు ఫలితాలను ఆ గరిష్ట విద్యుత్ సంచాలకత్వం ఆరోహణ క్రమంలో క్రమబద్ధీకరించండి."
INDIA_HMIS_Sub_District_Report_Rural_Urban,Hindi,0a861189,0.754509449005127,"Rank the sub-districts and their area types by the total number of allopathic outpatient visits recorded throughout 2021, starting with the highest attendance.","इस क्वेरी का अनुवाद करें:
उप-जिलों और उनके क्षेत्र प्रकारों को 2021 के दौरान दर्ज किए गए एलोपैथिक आउटपेशेंट दौरों की कुल संख्या के आधार पर रैंक करें, सबसे अधिक उपस्थिति से शुरू करते हुए।"
INDIA_IHDS_2011_TRACKING_SURVEY,Telugu,9b748ad4,0.7546678781509399,"List the migrant IDs, ordered ascending, for individuals who either had an education level of '8th class' at the time of migration or whose current employment activity status is 'Student'.",వలస సమయంలో '8వ తరగతి' విద్యార్హత కలిగిన వారు లేదా ప్రస్తుతం 'విద్యార్థి'గా ఉన్న వ్యక్తుల యొక్క వలసదారుల ఐడిల (migrant IDs) జాబితాను ఆరోహణ క్రమంలో (ascending order) చూపండి.
INDIA_IHDS_2005_HOUSEHOLD_SURVEY,Telugu,be907e24,0.7547587752342224,Identify the household IDs for Christian families that possess an asset index greater than 10 and are involved in business activity subtype 40.,"క్రైస్తవ కుటుంబాల గుర్తింపు సంఖ్యలను గుర్తించండి, వారి ఆస్తి సూచిక 10 కంటే ఎక్కువ ఉండి, వ్యాపార కార్యకలాపాల ఉపవిభాగం 40లో నిమగ్నమై ఉన్నవారు."
INDIA_IHDS_2011_TRACKING_SURVEY,Telugu,8ef9221e,0.7550917863845825,"List the PSU codes from the geography hierarchy for households in the state of 'Rajasthan' where the completion status is 'Located', grouped by their PSU code, such that the total sum of their household split numbers is exactly zero, and order the results by PSU code in ascending order.","'రాజస్థాన్' రాష్ట్రంలోని గృహాల కోసం భౌగోళిక సోపానక్రమం (geography hierarchy) నుండి PSU కోడ్‌లను జాబితా చేయండి, ఇక్కడ పూర్తి స్థితి (completion status) 'Located' అని ఉండాలి, వాటి PSU కోడ్ ద్వారా సమూహపరచబడి (grouped), వాటి గృహ విభజన సంఖ్యల (household split numbers) మొత్తం ఖచ్చితంగా సున్నా అయి ఉండాలి మరియు ఫలితాలను PSU కోడ్ ఆధారంగా ఆరోహణ క్రమంలో అమర్చండి."
INDIA_IHDS_2011_TRACKING_SURVEY,Telugu,1a3483e5,0.7551892995834351,"List the household IDs for households where every member is at least 46 years old, specifically filtering for households that do not contain any individuals with a marital status code of 'Married'.","ప్రతి సభ్యుని వయస్సు కనీసం 46 ఏళ్లు ఉండి, మరియు 'వివాహితులు' (Married) అనే వైవాహిక స్థితి కలిగిన వ్యక్తులు ఎవరూ లేని గృహాల యొక్క ఐడి (ID)లను జాబితా చేయండి."
INDIA_NWMP_Water_Quality_Data,Tamil,ae832838,0.7552003264427185,"For each state, list the state name, the average maximum temperature in Celsius, and the total count of distinct station IDs, including only those states that have more than zero stations, and order the results by the average maximum temperature in descending order.","ஒவ்வொரு மாநிலத்திற்கும், மாநிலத்தின் பெயர், சராசரி அதிகபட்ச வெப்பநிலை செல்சியஸில், மற்றும் வெவ்வேறு நிலையங்கள் ஐடির மொத்த எண்ணிக்கையை பட்டியலிடவும், பூஜ்ஜியத்தை விட அதிகமான நிலையங்களைக் கொண்ட மாநிலங்களை மட்டுமே சேர்த்து, சராசரி அதிகபட்ச வெப்பநிலையின் அடிப்படையில் இறங்கு வரிசையில் முடிவுகளை வரிசைப்படுத்தவும்."
INDIA_HMIS_Sub_District_Report_Rural_Urban,Hindi,ac40dd45,0.7554861903190613,Provide an alphabetical list of rural sub-districts along with their associated district IDs.,"इस क्वेरी का अनुवाद करें:
ग्रामीण उप-जिलों की एक वर्णानुक्रमिक सूची उनके संबंधित जिला आईडी के साथ प्रदान करें।"
INDIA_NWMP_Water_Quality_Data,Telugu,2843d6e4,0.75566565990448,"For the year 2021, list the station name and the type of water body for all stations where the maximum conductivity in umhos per cm exceeded 1662, and order the results by that maximum conductivity in descending order.","2021 సంవత్సరానికి, గరిష్ట విద్యుత్ సంచాలకత umhos per cm లో 1662 ను అధిగమించిన అన్ని స్టేషన్‌ల కోసం స్టేషన్ పేరు మరియు జల సంస్థ రకాన్ని జాబితా చేయండి, మరియు ఫలితాలను ఆ గరిష్ట విద్యుత్ సంచాలకత ఆరోహణ క్రమంలో ఆదేశించండి."
INDIA_NWMP_Water_Quality_Data,Telugu,9794ffc0,0.7556815147399902,"List the station IDs for the year 2022, ordered by their maximum conductivity in micromhos per centimeter in descending order, and show only the top 10 results.","2022 సంవత్సరానికి స్టేషన్ IDలను జాబితా చేయండి, వాటి గరిష్ట విద్యుత్ సంచాలకత్వ ద్వారా మైక్రోమోస్ పర్ సెంటీమీటర్‌లో అవరోహణ క্రమంలో ఆదేశించండి, మరియు అగ్ర 10 ఫలితాలను మాత్రమే చూపించండి."
INDIA_Village_Amenities_Directory_2001,Telugu,21140397,0.7565053701400757,"List the sub-district names for the sub-districts of Diglipur, Mayabunder, Ferrargunj, Great Nicobar, and Rangat, where the total number of registered private medical practitioners is at least zero and the total number of community health workers is exactly zero.","డిగ్లీపూర్, మాయాబందర్, ఫెర్రార్‌గంజ్, గ్రేట్ నికోబార్ మరియు రంగత్ ఉప జిల్లాలలో, నమోదిత ప్రైవేట్ వైద్య ప్రాక్టీషనర్ల మొత్తం సంఖ్య కనీసం సున్నా మరియు కమ్యూనిటీ హెల్త్ వర్కర్ల మొత్తం సంఖ్య ఖచ్చితంగా సున్నా ఉన్న ఉప జిల్లాల పేర్లను జాబితా చేయండి."
INDIA_ROAD_ACCIDENTS_DATASET_2001,Telugu,a3527c36,0.7566578388214111,"Show the casualty class and the average casualty severity for each casualty class, ordered by the average severity from highest to lowest, and list only the top 10 results.","ప్రతి ఆపద్ వర్గానికి ఆపద్ వర్గం మరియు సగటు ఆపద్ తీవ్రతను చూపించండి, సగటు తీవ్రత ఆధారంగా అత్యధికం నుండి అత్యల్పం వరకు ఆర్డర్ చేయండి మరియు టాప్ 10 ఫలితాలను మాత్రమే జాబితా చేయండి."
INDIA_IHDS_2011_TRACKING_SURVEY,Telugu,081954f8,0.7567241191864014,"For each person ID, count the number of migrant IDs and display the person ID for those who were not married when they migrated, grouped and ordered by their person ID.","ప్రతి పర్సన్ ఐడి (person ID) కి, వలస వెళ్ళిన ఐడిల (migrant IDs) సంఖ్యను లెక్కించండి. వలస వెళ్ళే సమయంలో వివాహం కాని వారి పర్సన్ ఐడిలను ప్రదర్శించండి, వీటిని పర్సన్ ఐడి ఆధారంగా గ్రూప్ (group) మరియు ఆర్డర్ (order) చేయండి."
INDIA_ROAD_ACCIDENTS_DATASET_2001,Bengali,b09b770f,0.7568364143371582,"Grouped by the age band of the driver, what is the age band, the average number of casualties, and the total count of unique accident IDs for those drivers involved in more than one accident, ordered by the average number of casualties in descending order?","চালকের বয়স ব্যান্ড অনুযায়ী গ্রুপ করে, বয়স ব্যান্ড, গড় হতাহতের সংখ্যা এবং একাধিক দুর্ঘটনায় জড়িত চালকদের জন্য অনন্য দুর্ঘটনা আইডির মোট সংখ্যা কত, গড় হতাহতের সংখ্যা অনুযায়ী অবরোহী ক্রমে সাজানো?"
INDIA_HMIS_Sub_District_Report_Rural_Urban,Telugu,26170385,0.756973385810852,Provide the annual total for allopathic outpatient attendance across all recorded years.,అన్ని నమోదైన సంవత్సరాలలో అలోపతి బయటి రోగుల హాజరు సంవత్సరానికి మొత్తాన్ని అందించండి.
INDIA_IHDS_2005_HOUSEHOLD_SURVEY,Telugu,b88f6a77,0.7570821642875671,"Provide the caste or religious group, household asset index, and social network contact types for all households where the Gauna ceremony has taken place, sorted by their asset index.","ఈ ప్రశ్నను తెలుగులో అనువదించంధ:
గౌనా వేడుక జరిగిన అన్ని గృహాల కోసం, వారి ఆస్తి సూచిక ప్రకారం క్రమబద్ధీకరించి, కులం లేదా మత సమూహం, గృహ ఆస్తి సూచిక మరియు సామాజిక నెట్వర్క్ సంప్రదింపు రకాలను అందించండి."
INDIA_HMIS_Sub_District_Report_Facility_wise,Hindi,2b2b7b33,0.7571045160293579,Identify the sub-districts that have recorded allopathic outpatient attendance but have not reported any BCG vaccinations.,"इस प्रश्न का अनुवाद करें:
उन उप-जिलों की पहचान करें जिन्होंने एलोपैथिक आउटपेशेंट उपस्थिति दर्ज की है लेकिन जिन्होंने किसी भी बीसीजी टीकाकरण की रिपोर्ट नहीं की है।"
INDIA_IHDS_2005_HOUSEHOLD_SURVEY,Hindi,d34f7175,0.7574459910392761,Provide the household IDs and monthly non-food expenditure amounts for rural households located in Maharashtra.,"यह क्वेरी अनुवादित करें:
महाराष्ट्र में स्थित ग्रामीण परिवारों के लिए परिवार आईडी और मासिक गैर-खाद्य व्यय की राशि प्रदान करें।"
INDIA_ROAD_ACCIDENTS_DATASET_2001,Tamil,c589abbd,0.7575299739837646,"List the distinct light conditions and weather conditions for all environments that have at least one accident recorded, and sort the results alphabetically by the light conditions.","வாழ்க்கைச் சூழ்நிலைகள் மற்றும் வானிலை நிலைகளின் தனித்துவமான பட்டியலை அனைத்து சூழ்நிலைகளுக்கும் பட்டியலிடவும், குறைந்தபட்சம் ஒரு விபத்து பதிவு செய்யப்பட்ட சூழ்நிலைகளுக்கு, மேலும் ফলங்களை ஒளி நிலைகளின் மூலம் அகரவரிசைப்படி வரிசைப்படுத்தவும்."
INDIA_NWMP_Water_Quality_Data,Telugu,3d81663e,0.7575644254684448,"List the station code and the maximum conductivity in micromhos per centimeter for the top 10 records where the type of water body is a lake, ordered by the maximum conductivity from highest to lowest.","సరస్సు రకమైన జల సంస్థల కోసం టాప్ 10 రికార్డ్‌ల కోసం స్టేషన్ కోడ్ మరియు మైక్రోమోస్ పర్ సెంటీమీటర్‌లో గరిష్ట విద్యుత్ సంచालకతను జాబితా చేయండి, గరిష్ట విద్యుత్ సంచालకత ఆధారంగా అత్యధికం నుండి అత్యల్పం వరకు ఆర్డర్ చేయబడింది."
INDIA_ICRISAT_District_Level_Agricultural_Data,Bengali,5fd24b0e,0.7576436400413513,Identify the states and districts that recorded active sunflower production for each year.,প্রতি বছরের জন্য সক্রিয় সূর্যমুখী উৎপাদন রেকর্ড করা রাজ্য এবং জেলাগুলি চিহ্নিত করুন।
INDIA_IHDS_2011_TRACKING_SURVEY,Telugu,a2855db8,0.7577774524688721,List the household ID and the new household split number for all records where the household status ID is 1 and the same address indicator is 'Yes'.,కుటుంబ స్థితి (household status) ID 1 మరియు ఒకే చిరునామా సూచిక (same address indicator) 'Yes' అని ఉన్న అన్ని రికార్డుల యొక్క కుటుంబ ID (household ID) మరియు కొత్త కుటుంబ విభజన సంఖ్యను (new household split number) జాబితా చేయండి.
INDIA_IHDS_2011_TRACKING_SURVEY,Telugu,f7a63cb8,0.7577948570251465,"List the education at migration codes for migrants whose activity status is recorded as 'Salaried', grouped by their education code and ordered by the count of migrants in descending order, showing only the top 5 codes that have at least one migrant.","కార్యకలాప స్థితి (activity status) 'Salaried' గా నమోదైన వలసదారుల విద్య కోడ్‌లను (education at migration codes) జాబితా చేయండి. వీటిని వారి విద్య కోడ్ ఆధారంగా సమూహపరిచి (grouped), వలసదారుల సంఖ్య ఆధారంగా అవరోహణ క్రమంలో అమర్చండి. కనీసం ఒక్క వలసదారుడైనా ఉన్న మొదటి 5 కోడ్‌లను మాత్రమే చూపండి."
INDIA_IHDS_2005_HOUSEHOLD_SURVEY,Hindi,a1d8e0fc,0.7579420804977417,"Provide the asset index and secondary social network contact types for households from the OBC category that have recorded utility consumption, sorted by their wealth status.","इस प्रश्न का अनुवाद करें:
ओबीसी श्रेणी के उन घरों के लिए संपत्ति सूचकांक और द्वितीयक सामाजिक नेटवर्क संपर्क प्रकार प्रदान करें जिन्होंने उपयोगिता खपत दर्ज की है, उनकी संपदा स्थिति के अनुसार क्रमबद्ध किया गया।"
INDIA_IHDS_2011_TRACKING_SURVEY,Bengali,60c55872,0.7580170035362244,"List the household ID, the state code, and the district code for households where the new household split number is 1 and the completion status is 'Moved out'.","সেইসব খানাগুলোর (household) আইডি, রাজ্য কোড এবং জেলা কোডের তালিকা তৈরি করুন যেখানে নতুন খানা বিভাজন নম্বর (household split number) ১ এবং সমাপ্তির স্থিতি (completion status) 'Moved out'।"
INDIA_HMIS_Sub_District_Report_Rural_Urban,Hindi,6629c430,0.7581052780151367,Identify the sub-districts that recorded allopathic outpatient attendance in 2022 but had no such attendance in 2021.,"इस क्वेरी का अनुवाद करें:
उन उप-जिलों की पहचान करें जिन्होंने 2022 में एलोपैथिक आउटपेशेंट उपस्थिति दर्ज की, लेकिन 2021 में ऐसी कोई उपस्थिति नहीं थी।"
INDIA_Village_Amenities_Directory_2001,Telugu,c2f60fd2,0.7583884000778198,"List the sub-district name and district name, along with the total number of ayurvedic dispensaries and the total number of allopathic hospitals for each sub-district and district combination where the total number of homeopathic dispensaries is greater than zero.","హోమియోపతి డిస్పెన్సరీల మొత్తం సంఖ్య సున్నా కంటే ఎక్కువగా ఉన్న ప్రతి ఉప-జిల్లా మరియు జిల్లా కలయిక కోసం, ఉప-జిల్లా పేరు మరియు జిల్లా పేరుతో పాటు, ఆయుర్వేద డిస్పెన్సరీల మొత్తం సంఖ్యను మరియు అల్లోపతి ఆసుపత్రుల మొత్తం సంఖ్యను జాబితా చేయండి."
INDIA_HMIS_Sub_District_Report_Facility_wise,Telugu,9436b588,0.7585724592208862,Provide the BCG and OPV birth dose vaccination figures for rural sub-districts in the Andaman and Nicobar Islands.,అండమాన్ మరియు నికోబార్ దీవులలోని గ్రామీణ ఉప-జిల్లాలకు BCG మరియు OPV జనన డోస్ టీకాల ఆకృతులను అందించండి.
INDIA_ROAD_ACCIDENTS_DATASET_2001,Hindi,cf18af22,0.7586884498596191,Show all columns from the casualty dimension for records where the casualty class is 'Pedestrian' and the fitness of the casualty is 'Normal'.,हताहत आयाम से सभी कॉलम दिखाएं जहां हताहत वर्ग 'पैदल यात्री' है और हताहत की फिटनेस 'सामान्य' है।
INDIA_NWMP_Water_Quality_Data,Telugu,6260f6db,0.7587952017784119,"List the station name and the station code for the first 10 stations located in the country of India, ordered alphabetically by their type of water body.","భారతదేశంలో ఉన్న మొదటి 10 స్టేషన్‌ల కోసం స్టేషన్ పేరు మరియు స్టేషన్ కోడ్‌ను జాబితా చేయండి, వాటి జల సంస్థల రకం ద్వారా వర్ణక్రమానికి ఆధారంగా ఆదేశించండి."
INDIA_Village_Amenities_Directory_2001,Telugu,2c9a0aca,0.7591125965118408,"List the district names located in the state of 'Andaman And Nicobar Islands' that have a district ID count greater than zero, and display the top 5 results ordered by the count of district IDs in descending order.","'అండమాన్ మరియు నికోబార్ దీవులు' (Andaman And Nicobar Islands) రాష్ట్రంలో ఉండి, సున్నా కంటే ఎక్కువ జిల్లా ఐడి (district ID) కౌంట్ కలిగి ఉన్న జిల్లాల పేర్లను జాబితా చేయండి మరియు జిల్లా ఐడిల కౌంట్ ఆధారంగా మొదటి 5 ఫలితాలను అవరోహణ క్రమంలో (descending order) ప్రదర్శించండి."
INDIA_Economic_Census_Firms,Tamil,0783bd49,0.7592750191688538,"For the census year 2013, list each sub-district name and ULB/RLB village name along with the total number of establishments owned by females, including only those locations where the female ownership count is greater than zero, and order the results from highest to lowest total ownership.","2013 ஆம் ஆண்டின் மக்கள் தொகை கணக்கெடுப்பிற்காக, பெண்களுக்கு சொந்தமான நிறுவனங்களின் மொத்த எண்ணிக்கை பூஜ்ஜியத்திற்கு மேல் உள்ள இடங்களை மட்டும் சேர்த்து, ஒவ்வொரு துணை-மாவட்ட பெயர் மற்றும் நகர்ப்புற/கிராமப்புற உள்ளாட்சி அமைப்பு கிராமத்தின் பெயரை பட்டியலிட்டு, முடிவுகளை அதிகபட்சத்திலிருந்து குறைந்தபட்ச மொத்த உரிமை வரிசையில் வரிசைப்படுத்தவும்."
INDIA_IHDS_2011_TRACKING_SURVEY,Tamil,775ee0a4,0.7595934867858887,"List the household ID, household number, and district code for all households where the new household split number is not zero and there is at least one household status ID recorded, ordered by the household ID in ascending order.","புதிய வீட்டுக் கிளை எண் (household split number) பூஜ்ஜியமாக இல்லாமலும், குறைந்தபட்சம் ஒரு வீட்டு நிலை ஐடி (household status ID) பதிவு செய்யப்பட்டும் உள்ள அனைத்து வீடுகளின் வீட்டு ஐடி (household ID), வீட்டு எண் மற்றும் மாவட்டக் குறியீட்டைப் பட்டியலிடவும். இதனை வீட்டு ஐடியின் ஏறுவரிசையில் வரிசைப்படுத்தவும்."
INDIA_HMIS_Sub_District_Report_Rural_Urban,Hindi,7b7a0b0d,0.7597478628158569,Identify the rural sub-districts that had maternal ANC registrations in 2022 but did not record any in 2021.,"इस क्वेरी का अनुवाद करें:
उन ग्रामीण उप-जिलों की पहचान करें जिनमें 2022 में मातृ एएनसी पंजीकरण हुए थे लेकिन 2021 में कोई रिकॉर्ड नहीं था।"
INDIA_IHDS_2011_TRACKING_SURVEY,Tamil,619aaf85,0.760053277015686,"List the migrant ID, the education at migration code, and the marital status at migration code for all individuals whose marital status at migration code is 'Married'.","புலம்பெயர்ந்த போது திருமண நிலை 'Married' (திருமணமானவர்) என்று உள்ள அனைத்து நபர்களின் புலம்பெயர்ந்த அடையாள எண் (migrant ID), புலம்பெயர்ந்த போதிருந்த கல்வித் தகுதி குறியீடு (education at migration code) மற்றும் புலம்பெயர்ந்த போதிருந்த திருமண நிலை குறியீடு (marital status at migration code) ஆகியவற்றைப் பட்டியலிடவும்."
INDIA_NWMP_Water_Quality_Data,Telugu,ac6c977b,0.7605079412460327,List the station name and the station code for all stations where the type of water body is a lake or the state is Chandigarh.,"అన్ని స్టేషన్‌ల కోసం స్టేషన్ పేరు మరియు స్టేషన్ కోడ్‌ను జాబితా చేయండి, ఇక్కడ నీటి సంస్థ యొక్క రకం సరస్సు లేదా రాష్ట్రం చండీగఢ్."
INDIA_IHDS_2005_HOUSEHOLD_SURVEY,Hindi,5ecd9202,0.7605481147766113,Identify the household IDs for families categorized as OBC who fall under the 17th asset index group.,"इस क्वेरी का अनुवाद करें:
ओबीसी श्रेणी में आने वाले परिवारों के लिए घरेलू आईडी की पहचान करें जो 17वें संपत्ति सूचकांक समूह के अंतर्गत आते हैं।"
INDIA_IHDS_2011_TRACKING_SURVEY,Telugu,7d516496,0.7608852386474609,"List the district codes and the total count of household IDs for households where the new household split number is not zero, grouped by their district code and ordered by the count in descending order for the top 10 results.","కొత్త హౌస్‌హోల్డ్ స్ప్లిట్ నంబర్ సున్నా కాని గృహాల కోసం, జిల్లా కోడ్‌లు మరియు హౌస్‌హోల్డ్ ఐడిల మొత్తం సంఖ్యను జాబితా చేయండి. వీటిని జిల్లా కోడ్ ఆధారంగా గ్రూప్ చేసి, అత్యధిక సంఖ్య ఉన్న మొదటి 10 ఫలితాలను అవరోహణ క్రమంలో చూపండి."
INDIA_IHDS_2011_TRACKING_SURVEY,Telugu,d6b359a0,0.761271059513092,List the household ID and the household split number for all records where the same address indicator is marked as 'Yes'.,ఒకే చిరునామా సూచిక (same address indicator) 'Yes' అని గుర్తించబడిన అన్ని రికార్డుల యొక్క హౌస్‌హోల్డ్ ఐడి (household ID) మరియు హౌస్‌హోల్డ్ స్ప్లిట్ నంబర్‌లను (household split number) జాబితా చేయండి.
INDIA_Village_Amenities_Directory_2001,Tamil,f8205c9f,0.7613261938095093,"List the sub-district names located in the 'South Andamans' district, ordered by the total sum of their ayurvedic, unani, and homeopathic dispensaries in descending order, for those sub-districts where this combined sum is zero or greater, and show only the top 5 results.","'தெற்கு அந்தமான்' (South Andamans) மாவட்டத்தில் உள்ள துணை மாவட்டங்களின் பெயர்களைப் பட்டியலிடுங்கள்; அவற்றின் ஆயுர்வேத, யுனானி மற்றும் ஹோமியோபதி மருந்தகங்களின் மொத்த எண்ணிக்கையின் அடிப்படையில் இறங்கு வரிசையில் வரிசைப்படுத்தவும்; இந்த மொத்தக் கூடுதல் பூஜ்ஜியம் அல்லது அதற்கு மேல் இருக்கும் துணை மாவட்டங்களை மட்டும் கருத்தில் கொண்டு, முதல் 5 முடிவுகளை மட்டும் காட்டவும்."
INDIA_IHDS_2005_INDIVIDUAL_SURVEY,Hindi,fe4ecb82,0.7614306211471558,Identify the IDs of individuals who have completed more than ten years of education but have never held a job.,"इस प्रश्न का अनुवाद करें:
व्यक्तियों की पहचान करें जिन्होंने दस से अधिक वर्षों की शिक्षा पूरी की है लेकिन कभी काम नहीं किया है।"
INDIA_ROAD_ACCIDENTS_DATASET_2001,Telugu,5e66cfee,0.76165771484375,"List the distinct light conditions and weather conditions recorded for accidents, ordered alphabetically by the light conditions.","ప్రమాదాల కోసం రికార్డ్ చేయబడిన విభిన్న కాంతి పరిస్థితులు మరియు వాతావరణ పరిస్థితులను జాబితా చేయండి, కాంతి పరిస్థితుల ద్వారా అక్షర క్రమానికి ఆదేశించండి."
INDIA_HMIS_Sub_District_Report_Rural_Urban,Hindi,8bf6dcf9,0.761658787727356,"Identify the sub-districts that, in 2021, reported either more than 15 Rotavirus 1 immunizations in rural areas or more than 1 Vitamin A first dose administrations in urban areas, listed alphabetically.","इस प्रश्न का अनुवाद करें:
उन उप-जिलों की पहचान करें जिन्होंने 2021 में, या तो ग्रामीण क्षेत्रों में 15 से अधिक रोटावायरस 1 टीकाकरण या शहरी क्षेत्रों में 1 से अधिक विटामिन ए पहली खुराक प्रशासन की सूचना दी, वर्णानुक्रम में सूचीबद्ध।"
INDIA_ROAD_ACCIDENTS_DATASET_2001,Telugu,8d7cf5db,0.7617834210395813,"For casualties classified as pedestrians, list each sex of casualty and the corresponding average casualty severity, grouped by the sex of casualty.","పాదచారులుగా వర్గీకరించిన ప్రమాదాల కోసం, ప్రతి ప్రమాద లింగం మరియు సంబంధిత సగటు ప్రమాద తీవ్రతను జాబితా చేయండి, ప్రమాద లింగం ద్వారా సమూహీకరించబడింది."
INDIA_PRIMARY_POPULATION_CENSUS_1991,Tamil,4f5a5f50,0.7618073225021362,"For the census year 1991 in the state of 'Andaman And Nicobar Islands', list the districts and the total number of male main workers who are cultivators, specifically for districts where this sum is greater than zero, and display the top 10 districts sorted by the total number of male main workers who are cultivators in descending order.","1991 ஆம் ஆண்டு மக்கள் தொகை கணக்கெடுப்பின்படி, 'அந்தமான் மற்றும் நிக்கோபார் தீவுகள்' மாநிலத்தில், ஆண் முக்கிய தொழிலாளர்களில் விவசாயிகளின் மொத்த எண்ணிக்கை பூஜ்யத்தை விட அதிகமாக உள்ள மாவட்டங்களை பட்டியலிட்டு, அவற்றில் ஆண் முக்கிய விவசாய தொழிலாளர்களின் மொத்த எண்ணிக்கையின் அடிப்படையில் இறங்கு வரிசையில் முதல் 10 மாவட்டங்களைக் காண்பிக்கவும்."
INDIA_ROAD_ACCIDENTS_DATASET_2001,Hindi,4958cea5,0.761894702911377,"List the driver ID and the age band of the driver for all records where the driving experience is '1-2yr' or the educational level is 'Junior high school', ordered by the driver ID.","ड्राइवर आईडी और ड्राइवर की आयु वर्ग सूचीबद्ध करें सभी रिकॉर्ड के लिए जहां ड्राइविंग अनुभव '1-2yr' है या शैक्षणिक स्तर 'Junior high school' है, ड्राइवर आईडी के अनुसार क्रमबद्ध।"
INDIA_ROAD_ACCIDENTS_DATASET_2001,Bengali,4a7c38dd,0.7621042132377625,"Show the casualty class for all records where the casualty class is 'Pedestrian' and the casualty severity is level 2, grouped and ordered by the casualty class.","সমস্ত রেকর্ড প্রদর্শন করুন যেখানে ক্ষতিগ্রস্ত শ্রেণী 'পথচারী' এবং ক্ষতিগ্রস্ত গুরুত্ব স্তর ২, ক্ষতিগ্রস্ত শ্রেণী দ্বারা গ্রুপ করা এবং সাজানো।"
INDIA_IHDS_2011_TRACKING_SURVEY,Telugu,0360a402,0.7623385190963745,List the household IDs for all households where the same address indicator is marked as 'Yes'.,అదే చిరునామా సూచిక (same address indicator) 'Yes' అని గుర్తించబడిన అన్ని గృహాల యొక్క ఐడి (ID)లను జాబితా చేయండి.
INDIA_ROAD_ACCIDENTS_DATASET_2001,Telugu,7265cf38,0.7623467445373535,"For casualties classified as pedestrians, list each sex of casualty and their corresponding average casualty severity, filtering for groups where the average severity is greater than 1, and order the results by the sex of the casualty.","పాదచారులుగా వర్గీకరించిన ప్రమాదాల కోసం, ప్రతి సెక్స్ కాసువల్టీ మరియు వాటి సంబంధిత సగటు కాసువల్టీ తీవ్రతను జాబితా చేయండి, సగటు తీవ్రత 1 కంటే ఎక్కువ ఉన్న సమూహాల కోసం ఫిల్టర్ చేయండి మరియు ఫలితాలను కాసువల్టీ యొక్క సెక్స్ ద్వారా ఆర్డర్ చేయండి."
INDIA_NWMP_Water_Quality_Data,Bengali,9794ffc0,0.7624126672744751,"List the station IDs for the year 2022, ordered by their maximum conductivity in micromhos per centimeter in descending order, and show only the top 10 results.","২০২২ সালের জন্য স্টেশন আইডিগুলি তালিকাভুক্ত করুন, তাদের সর্বোচ্চ পরিবাহিতা মাইক্রোমোস প্রতি সেন্টিমিটারে অবরোহী ক্রমে সাজিয়ে, এবং শুধুমাত্র শীর্ষ ১০ ফলাফল দেখান।"
INDIA_IHDS_2005_INDIVIDUAL_SURVEY,Telugu,1ede09f3,0.7627126574516296,Identify the household IDs in rural Uttar Pradesh that are currently classified as being above the poverty line.,గ్రామీణ ఉత్తర ప్రదేశ్లో ప్రస్తుతం పేదరేఖకు పైన ఉన్న గృహ సంఖ్యలను గుర్తించండి.
INDIA_HMIS_Sub_District_Report_Rural_Urban,Hindi,26170385,0.762723445892334,Provide the annual total for allopathic outpatient attendance across all recorded years.,सभी दर्ज वर्षों में एलोपैथिक आउटपेशेंट उपस्थिति का वार्षिक कुल प्रदान करें।
INDIA_HMIS_Sub_District_Report_Rural_Urban,Telugu,3b902ac4,0.7628019452095032,"List the sub-districts, in alphabetical order, that have distributed more than 5,000 oral pill cycles or over 10,000 condoms.","ఈ ప్రశ్నను తెలుగులో అనువదించండి:
అక్షర క్రమంలో, 5,000 కంటే ఎక్కువ నోటి గుళిక చక్రాలు లేదా 10,000 కంటే ఎక్కువ కాండోమ్లు పంపిణీ చేసిన ఉప జిల్లాలను జాబితా చేయండి."
INDIA_NWMP_Water_Quality_Data,Telugu,5535f693,0.763006329536438,"Calculate the average of the maximum fecal streptococci MPN per 100ml values, where these maximums are first determined for each type of water body for the year 2023.","2023 సంవత్సరానికి ప్రతి రకమైన జల సంస్థానికి గరిష్ట విలువలను మొదట నిర్ణయించిన తర్వాత, ఈ గరిష్ట విలువల యొక్క ఫెకల్ స్ట్రెప్టోకోకీ MPN ప్రతి 100ml సగటును లెక్కించండి."
INDIA_NWMP_Water_Quality_Data,Telugu,feae8f22,0.7631552219390869,List the station name and the station code for all stations where the type of water body is a lake or the state is Assam.,"అన్ని స్టేషన్‌ల కోసం స్టేషన్ పేరు మరియు స్టేషన్ కోడ్‌ను జాబితా చేయండి, ఇక్కడ నీటి శరీరం యొక్క రకం సరస్సు లేదా రాష్ట్రం అస్సాం."
INDIA_IHDS_2005_HOUSEHOLD_SURVEY,Hindi,93782300,0.7634705901145935,"Identify the IDs of rural villages that have both a school and a health facility, and have recorded at least one household consumption entry, sorted numerically.","इस क्वेरी का अनुवाद करें:
ग्रामीण गांवों के आईडी की पहचान करें जिनमें एक स्कूल और एक स्वास्थ्य सुविधा दोनों हैं, और जिन्होंने कम से कम एक घरेलू उपभोग प्रविष्टि दर्ज की है, संख्यात्मक रूप से क्रमबद्ध।"
INDIA_HMIS_Sub_District_Report_Facility_wise,Hindi,60f65c76,0.7634989619255066,Which rural sub-districts reported at least some Rotavirus 1 vaccinations in 2022 but had zero recorded Vitamin A first doses?,"इस प्रश्न का अनुवाद करें:
कौन से ग्रामीण उप-जिलों में 2022 में कुछ रोटावायरस 1 टीकाकरण दर्ज किए गए थे, लेकिन विटामिन ए की पहली खुराक का रिकॉर्ड शून्य था?"
INDIA_NWMP_Water_Quality_Data,Telugu,d0870017,0.7636075019836426,"List the station name and station code for all stations where the water body type is 'LAKE' or for stations that recorded a maximum temperature greater than 30 degrees Celsius during the year 2023, ordered alphabetically by their station code.","నీటి శరీర రకం 'LAKE' ఉన్న అన్ని స్టేషన్‌ల కోసం లేదా 2023 సంవత్సరంలో 30 డిగ్రీల సెల్సియస్‌కు ఎక్కువ గరిష్ట ఉష్ణోగ్రతను రికార్డ్ చేసిన స్టేషన్‌ల కోసం స్టేషన్ పేరు మరియు స్టేషన్ కోడ్‌ను జాబితా చేయండి, వాటి స్టేషన్ కోడ్ ద్వారా వర్ణక్రమానికి సంబంధించి ఆదేశించండి."
INDIA_HMIS_Sub_District_Report_Facility_wise,Bengali,7f34598b,0.7640219926834106,Which rural sub-districts reported active allopathic outpatient attendance during the year 2022?,২০২২ সালে কোন কোন গ্রামীণ উপজেলায় সক্রিয় অ্যালোপ্যাথিক বহির্বিভাগীয় উপস্থিতি রিপোর্ট করা হয়েছিল?
INDIA_HMIS_Sub_District_Report_Facility_wise,Hindi,c651817a,0.7647432088851929,"List the names of rural sub-districts, in alphabetical order, that recorded at least one Vitamin A first dose administration during the year 2022.","इस क्वेरी का अनुवाद करें:
वर्ष 2022 के दौरान कम से कम एक विटामिन ए की पहली खुराक प्रशासन दर्ज करने वाले ग्रामीण उप-जिलों के नाम, वर्णानुक्रम में सूचीबद्ध करें।"
INDIA_IHDS_2005_INDIVIDUAL_SURVEY,Hindi,a8435008,0.7651757001876831,"Provide a breakdown by gender of the average years of education completed and the total number of individuals for all employed persons, ordered from highest to lowest average education level.","इस प्रश्न का अनुवाद करें:
सभी कार्यरत व्यक्तियों के लिए औसत शिक्षा वर्ष पूर्ण और व्यक्तियों की कुल संख्या का लिंग के अनुसार विवरण प्रदान करें, जिसे उच्चतम से निम्नतम औसत शिक्षा स्तर के क्रम में व्यवस्थित किया गया हो।"
INDIA_IHDS_2011_TRACKING_SURVEY,Hindi,baa4034d,0.7658016681671143,"List the geography IDs for households where the completion status is 'Located', specifically for those geography IDs that have a count of household split numbers greater than zero.","उन घरों के लिए भूगोल आईडी (geography IDs) की सूची बनाएं जहां पूर्णता की स्थिति (completion status) 'Located' है, विशेष रूप से उन भूगोल आईडी के लिए जिनमें घरेलू विभाजन संख्या (household split numbers) की गणना शून्य से अधिक है।"
INDIA_ROAD_ACCIDENTS_DATASET_2001,Telugu,cddd642a,0.7658371925354004,"Show the light conditions, the weather conditions, and the total number of casualties, grouped by both light and weather conditions, and ordered from the highest to the lowest sum of casualties.","కాంతి పరిస్థితులు, వాతావరణ పరిస్థితులు మరియు మొత్తం ప్రాణనష్టాల సంఖ్యను చూపించండి, కాంతి మరియు వాతావరణ పరిస్థితుల ద్వారా సమూహీకరించి, ప్రాణనష్టాల మొత్తం నుండి అత్యధికం నుండి అత్యల్పం వరకు ఆదేశించండి."
INDIA_NWMP_Water_Quality_Data,Bengali,9c6c7800,0.7658446431159973,"List the station name and the maximum conductivity in umhos per cm for the station with ID 1, ordered by the maximum conductivity in descending order, and show only the top 10 results.","স্টেশন আইডি ১ এর জন্য স্টেশনের নাম এবং সর্বোচ্চ পরিবাহিতা (umhos প্রতি সেমিতে) তালিকাভুক্ত করুন, সর্বোচ্চ পরিবাহিতা অনুযায়ী অবরোহী ক্রমে সাজিয়ে, এবং শুধুমাত্র শীর্ষ ১০ ফলাফল দেখান।"
INDIA_NWMP_Water_Quality_Data,Telugu,ce1fb70a,0.7661064863204956,"List the station name and the station code for the first ten stations located in the country with ID 1, ordered by the type of water body.",ID 1 ఉన్న దేశంలో ఉన్న మొదటి పది స্टేషన్‌ల కోసం స్టేషన్ పేరు మరియు స్టేషన్ కోడ్‌ను జలాశయ రకం ద్వారా ఆర్డర్ చేసి జాబితా చేయండి.
INDIA_ROAD_ACCIDENTS_DATASET_2001,Telugu,4958cea5,0.7662038803100586,"List the driver ID and the age band of the driver for all records where the driving experience is '1-2yr' or the educational level is 'Junior high school', ordered by the driver ID.","డ్రైవర్ ID మరియు డ్రైవర్ యొక్క వయస్సు బ్యాండ్‌ను జాబితా చేయండి, డ్రైవింగ్ అనుభవం '1-2yr' లేదా విద్యా స్థరం 'జూనియర్ హైస్కూల్' అయిన అన్ని రికార్డ్‌ల కోసం, డ్రైవర్ ID ద్వారా ఆర్డర్ చేయబడింది."
INDIA_ICRISAT_District_Level_Agricultural_Data,Telugu,8d022825,0.7665237188339233,Which districts in Chhattisgarh produced more than 200 tons of either finger millet or pearl millet in 1970?,ఛత్తీస్గఢ్లో 1970లో ఏ జిల్లాలు 200 టన్నుల కంటే ఎక్కువ రాగులు లేదా సజ్జలను ఉత్పత్తి చేశాయి?
INDIA_HMIS_Sub_District_Report_Rural_Urban,Hindi,01d39f0e,0.7665685415267944,"Provide a breakdown of the number of sub-districts by area type for each state, sorted alphabetically by state name and then by the highest count.","इस क्वेरी का अनुवाद करें:
प्रत्येक राज्य के लिए क्षेत्र प्रकार के आधार पर उप-जिलों की संख्या का विवरण प्रदान करें, राज्य के नाम के वर्णानुक्रम में और फिर उच्चतम गणना के अनुसार क्रमबद्ध किया गया।"
INDIA_IHDS_2005_HOUSEHOLD_SURVEY,Bengali,962070d7,0.7665785551071167,Identify the households that have an asset index of 27 and include children whose school enrollment status is currently unrecorded or missing.,"যে পরিবারগুলির সম্পদ সূচক ২৭ এবং যাদের শিশুদের বিদ্যালয়ে ভর্তির অবস্থা বর্তমানে অর্পিত বা অনুপস্থিত, তাদের চিহ্নিত করুন।"
INDIA_IHDS_2005_HOUSEHOLD_SURVEY,Hindi,565304fa,0.7668519020080566,Identify the household IDs for families ranked at asset index 17 that have children with an unknown or unspecified school enrollment status.,"इस क्वेरी का अनुवाद करें:
उन परिवारों के घरेलू आईडी की पहचान करें जो संपत्ति सूचकांक 17 पर हैं और जिनके बच्चों का स्कूल नामांकन स्थिति अज्ञात या अनिर्दिष्ट है।"
INDIA_NWMP_Water_Quality_Data,Telugu,ae832838,0.7668556571006775,"For each state, list the state name, the average maximum temperature in Celsius, and the total count of distinct station IDs, including only those states that have more than zero stations, and order the results by the average maximum temperature in descending order.","ప్రతి రాష్ట్రానికి, రాష్ట్ర పేరు, సెల్సియస్‌లో సగటు గరిష్ట ఉష్ణోగ్రత, మరియు విభిన్న స్టేషన్ IDల మొత్తం సంఖ్యను జాబితా చేయండి, సున్నా కంటే ఎక్కువ స్టేషన్‌లను కలిగి ఉన్న రాష్ట్రాలను మాత్రమే చేర్చండి, మరియు ఫలితాలను సగటు గరిష్ట ఉష్ణోగ్రత ఆధారంగా అవరోహణ క్రమంలో ఆర్డర్ చేయండి."
INDIA_ROAD_ACCIDENTS_DATASET_2001,Telugu,7768a6de,0.7669241428375244,"For each age band of the driver, list the age band itself, the average number of casualties, and the total count of accident IDs.","డ్రైవర్ యొక్క ప్రతి వయస్సు బ్యాండ్ కోసం, వయస్సు బ్యాండ్ కూడా, సగటు ప్రమాదాల సంఖ్య మరియు ప్రమాద IDల మొత్తం గణనను జాబితా చేయండి."
INDIA_IHDS_2005_INDIVIDUAL_SURVEY,Hindi,2bb5b6b1,0.7670367360115051,Provide an alphabetized list of districts that are either classified as urban or contain households that participated in re-interview surveys.,"इस क्वेरी का अनुवाद करें:
शहरी वर्गीकृत जिलों या ऐसे जिलों की वर्णानुक्रमित सूची प्रदान करें जिनमें पुनः साक्षात्कार सर्वेक्षणों में भाग लेने वाले परिवार शामिल हैं।"
INDIA_NWMP_Water_Quality_Data,Hindi,5535f693,0.7670855522155762,"Calculate the average of the maximum fecal streptococci MPN per 100ml values, where these maximums are first determined for each type of water body for the year 2023.","2023 के लिए जल निकाय के प्रत्येक प्रकार के लिए पहले अधिकतम निर्धारित किए गए, मल स्ट्रेप्टोकोकी एमपीएन प्रति 100ml के अधिकतम मानों का औसत परिकलित करें।"
INDIA_Economic_Census_Firms,Tamil,e591a0fb,0.7671440243721008,"List the sub-district names from the 2013 census year where there is at least one establishment owned by Sikhs, but the total sum of establishments owned by Jains in that sub-district is exactly zero.","2013 ஆம் ஆண்டு மக்கள் தொகை கணக்கெடுப்பில், சீக்கியர்களுக்கு சொந்தமான குறைந்தது ஒரு நிறுவனம் உள்ள ஆனால் ஜைனர்களுக்கு சொந்தமான நிறுவனங்களின் மொத்த எண்ணிக்கை சரியாக பூஜ்ஜியமாக உள்ள உட்பிரிவுகளின் பெயர்களை பட்டியலிடுக."
INDIA_IHDS_2011_TRACKING_SURVEY,Telugu,51da6a4b,0.7673351168632507,"List the state code and the district code for all areas where the household completion status is 'Located' and the household split number is not 0, specifically for those state and district combinations that have more than one household record, ordered by state code in ascending order.","గృహాల పూర్తి స్థితి (household completion status) 'Located' గా ఉండి, గృహ విభజన సంఖ్య (household split number) 0 కాని అన్ని ప్రాంతాలకు సంబంధించి, ఒకటి కంటే ఎక్కువ గృహ రికార్డులు ఉన్న రాష్ట్ర కోడ్ మరియు జిల్లా కోడ్‌లను జాబితా చేయండి. వీటిని రాష్ట్ర కోడ్ ఆధారంగా ఆరోహణ క్రమంలో (ascending order) అమర్చండి."
INDIA_IHDS_2005_INDIVIDUAL_SURVEY,Hindi,52475ed3,0.7674226760864258,"Identify the IDs of geographic areas where there is at least one re-interviewed household containing three or more youths aged 15 to 21, sorted numerically.","इस क्वेरी का अनुवाद करें:
उन भौगोलिक क्षेत्रों के आईडी पहचानें जहां कम से कम एक पुनः साक्षात्कारित परिवार है जिसमें 15 से 21 वर्ष की आयु के तीन या अधिक युवा हैं, संख्यात्मक रूप से क्रमबद्ध किया गया।"
INDIA_NWMP_Water_Quality_Data,Telugu,61d4713c,0.7674654722213745,"For the year 2023, list each station name along with the maximum conductivity in umhos per cm, ensuring the maximum conductivity is not null, and order the results from highest to lowest maximum conductivity.","2023 సంవత్సరానికి, ప్రతి స్టేషన్ పేరును గరిష్ట విద్యుత్ సంచాలకత umhos per cm తో జాబితా చేయండి, గరిష్ట విద్యుత్ సంచాలకత null కాదని నిশ్చితం చేసుకుని, ఫలితాలను అత్యధిక నుండి అత్యల్ప గరిష్ట విద్యుత్ సంచాలకత వరకు ఆర్డర్ చేయండి."
INDIA_NWMP_Water_Quality_Data,Telugu,da2f2237,0.7674790620803833,"What is the type of water body and the average maximum temperature in Celsius for stations where the water body type is a lake, grouped by the type of water body?","నీటి సంస్థ యొక్క రకం ఏమిటి మరియు నీటి సంస్థ రకం సరస్సు అయిన స్టేషన్‌ల కోసం సెల్సియస్‌లో సగటు గరిష్ట ఉష్ణోగ్రత ఎంత, నీటి సంస్థ రకం ద్వారా సమూహీకరించబడింది?"
INDIA_IHDS_2005_HOUSEHOLD_SURVEY,Hindi,705af9c7,0.7674803137779236,"List the household IDs and their corresponding caste or religious categories, ordered by their asset index.","इस क्वेरी का अनुवाद करें:
परिवार के आईडी और उनकी संबंधित जाति या धार्मिक श्रेणियों को उनके संपत्ति सूचकांक के आधार पर क्रमबद्ध करके सूचीबद्ध करें।"
INDIA_Economic_Census_Firms,Telugu,c0d57f54,0.7674964070320129,"List the state names and the total count of district IDs for each state in the country of 'India', only including states that have more than zero districts, and display the top 5 states with the highest number of districts.","'భారతదేశం' దేశంలో ప్రతి రాష్ట్రానికి రాష్ట్ర పేర్లు మరియు జిల్లా ఐడీల మొత్తం సంఖ్యను జాబితా చేయండి, సున్నా కంటే ఎక్కువ జిల్లాలు ఉన్న రాష్ట్రాలను మాత్రమే చేర్చి, అత్యధిక జిల్లాల సంఖ్య కలిగిన టాప్ 5 రాష్ట్రాలను ప్రదర్శించండి."
INDIA_IHDS_2005_HOUSEHOLD_SURVEY,Hindi,1cbbf0d2,0.767643928527832,Identify the household IDs for families that have a household assets index of 27 and have recorded a Gauna ceremony date.,"इस क्वेरी का अनुवाद करें:
उन परिवारों के घरेलू आईडी की पहचान करें जिनका घरेलू संपत्ति सूचकांक 27 है और जिन्होंने गौना समारोह की तारीख दर्ज की है।"
INDIA_IHDS_2005_INDIVIDUAL_SURVEY,Hindi,5e624438,0.7676684856414795,"Identify the IDs of unemployed individuals who have completed more than ten years of education and have held exactly one job in the past, sorted by their ID.","इस क्वेरी का अनुवाद करें:
बेरोजगार व्यक्तियों के आईडी की पहचान करें जिन्होंने दस वर्ष से अधिक की शिक्षा पूरी की है और अतीत में ठीक एक नौकरी रख चुके हैं, उनके आईडी के अनुसार क्रमबद्ध किया गया।"
INDIA_ICRISAT_District_Level_Agricultural_Data,Bengali,a8aa84a1,0.7676810026168823,Provide the pearl millet yields for districts in Chhattisgarh between 1966 and 1970.,ছত্তিশগড়ের জেলাগুলিতে ১৯৬৬ থেকে ১৯৭০ সালের মধ্যে বাজরা উৎপাদনের পরিমাণ প্রদান করুন।
INDIA_IHDS_2011_TRACKING_SURVEY,Tamil,f75274c7,0.7681688070297241,"For each education at migration code and activity status, provide the education at migration code, the activity status, and the total count of migrant IDs, grouped by these two categories and ordered by the education code in ascending order.","ஒவ்வொரு புலம்பெயர்வு கல்வி குறியீடு (education at migration code) மற்றும் செயல்பாட்டு நிலைக்கும் (activity status), புலம்பெயர்வு கல்வி குறியீடு, செயல்பாட்டு நிலை மற்றும் புலம்பெயர்ந்தோர் ஐடிகளின் (migrant IDs) மொத்த எண்ணிக்கையை வழங்கவும். இவை இந்த இரண்டு வகைகளின் அடிப்படையில் குழுவாக்கப்பட்டு (grouped), கல்வி குறியீட்டின் ஏறுவரிசையில் (ascending order) வரிசைப்படுத்தப்பட வேண்டும்."
INDIA_ICRISAT_District_Level_Agricultural_Data,Hindi,0cf76c9b,0.7682982087135315,Provide the chickpea and pigeon pea yields for each district and state recorded during the year 1970.,"इस प्रश्न का अनुवाद करें:
वर्ष 1970 के दौरान दर्ज किए गए प्रत्येक जिले और राज्य के लिए चना और अरहर की पैदावार प्रदान करें।"
INDIA_IHDS_2011_TRACKING_SURVEY,Hindi,52c5188e,0.7683285474777222,"Show the education at migration codes and the total count of migrants for those whose activity status is 'Salaried' and whose married when migrated indicator is not null, grouped by their education at migration code and ordered by the count in descending order for the top 5 results.","उन लोगों के लिए माइग्रेशन कोड पर शिक्षा और प्रवासियों की कुल संख्या दिखाएं जिनकी गतिविधि की स्थिति 'सैलरीड' है और जिनके माइग्रेशन के समय विवाहित होने का संकेतक रिक्त (not null) नहीं है, उन्हें उनके माइग्रेशन कोड पर शिक्षा के आधार पर समूहित करें और शीर्ष 5 परिणामों के लिए संख्या के घटते क्रम में व्यवस्थित करें।"
INDIA_IHDS_2005_INDIVIDUAL_SURVEY,Hindi,fe91dc7f,0.768369734287262,Identify the household IDs and corresponding village or neighborhood codes for rural households in Rajasthan that have more than two married women.,"इस प्रश्न का अनुवाद करें:
राजस्थान के ग्रामीण परिवारों के लिए घरेलू आईडी और संबंधित गाँव या पड़ोस कोड की पहचान करें जिनमें दो से अधिक विवाहित महिलाएँ हैं।"
INDIA_IHDS_2011_TRACKING_SURVEY,Tamil,2a4c7bb0,0.7685818672180176,"List the person ID, the marital status at migration code, and the employment type for migrants who moved because they were married, yet their married when migrated indicator is recorded as 'No', grouped by these three attributes and ordered by person ID.","திருமணம் செய்துகொண்ட காரணத்திற்காக இடம் பெயர்ந்தும், இடம் பெயர்ந்த போது திருமணமானவர் என்பதற்கான குறியீடு 'இல்லை' (No) என்று பதிவு செய்யப்பட்டுள்ள புலம் பெயர்ந்தவர்களின் நபர் ஐடி (person ID), இடம் பெயர்ந்த போது இருந்த திருமண நிலை குறியீடு (marital status at migration code) மற்றும் வேலைவாய்ப்பு வகை (employment type) ஆகியவற்றை பட்டியலிடவும். இவற்றை இந்த மூன்று பண்புகளின் அடிப்படையில் குழுவாக்கி (grouped), நபர் ஐடியின் வரிசைப்படி வரிசைப்படுத்தவும்."
INDIA_IHDS_2005_HOUSEHOLD_SURVEY,Telugu,a15d93e7,0.7686499357223511,"Provide a breakdown by caste and religion group showing the average household income, total outstanding loans, and the count of animal care workers for each group.","ఈ ప్రశ్నను తెలుగులో అనువదించండి:
ప్రతి కులం మరియు మత సమూహం కోసం సగటు గృహ ఆదాయం, మొత్తం గృహ ఆదాయం మరియు జంతువుల సంరక్షణ కార్మికుల సంఖ్యను చూపించే వివరణను అందించండి."
INDIA_IHDS_2011_TRACKING_SURVEY,Telugu,5f5e0e52,0.7688146829605103,"List the household number and the completion status for all records where the new household split number is greater than 1, ordered by the household number.","కొత్త హౌస్‌హోల్డ్ స్ప్లిట్ నంబర్ (new household split number) 1 కంటే ఎక్కువగా ఉన్న అన్ని రికార్డుల యొక్క హౌస్‌హోల్డ్ నంబర్ మరియు పూర్తి చేసిన స్థితిని (completion status) జాబితా చేయండి, వీటిని హౌస్‌హోల్డ్ నంబర్ ఆధారంగా క్రమబద్ధీకరించండి."
INDIA_HMIS_Sub_District_Report_Rural_Urban,Bengali,6629c430,0.7693820595741272,Identify the sub-districts that recorded allopathic outpatient attendance in 2022 but had no such attendance in 2021.,"এই প্রশ্নটি অনুবাদ করুন:
২০২২ সালে অ্যালোপ্যাথিক বহির্বিভাগে উপস্থিতি রেকর্ড করা কিন্তু ২০২১ সালে এমন কোন উপস্থিতি ছিল না এমন উপ-জেলাগুলি চিহ্নিত করুন।"
INDIA_IHDS_2011_TRACKING_SURVEY,Telugu,5684f110,0.7694451808929443,"List the district codes and the total count of household IDs for each district, filtering for households where the new household split number is greater than zero, and show the top 10 districts with the highest household counts.","ప్రతి జిల్లాలోని జిల్లా కోడ్‌లు మరియు మొత్తం గృహ ఐడిల (household IDs) సంఖ్యను జాబితా చేయండి, ఇందులో కొత్త గృహ విభజన సంఖ్య (household split number) సున్నా కంటే ఎక్కువగా ఉన్న గృహాలను మాత్రమే పరిగణనలోకి తీసుకోండి మరియు అత్యధిక గృహాల సంఖ్య కలిగిన మొదటి 10 జిల్లాలను చూపండి."
INDIA_IHDS_2005_HOUSEHOLD_SURVEY,Hindi,8934e8ac,0.7696033716201782,List the household IDs and their monthly non-food expenditures for rural areas in the state of Maharashtra.,"इस प्रश्न का अनुवाद करें:
महाराष्ट्र राज्य के ग्रामीण क्षेत्रों में घरों के आईडी और उनके मासिक गैर-खाद्य व्यय की सूची बनाएं।"
INDIA_Economic_Census_Firms,Tamil,77a4e2c5,0.770175576210022,"List the sub-district names, ordered alphabetically, that had a total number of establishments greater than zero but zero residential or commercial establishments during the 2013 census year.","2013 ஆம் ஆண்டு மக்கள்தொகை கணக்கெடுப்பின்படி, மொத்த நிறுவனங்களின் எண்ணிக்கை பூஜ்யத்தை விட அதிகமாக இருந்தும், குடியிருப்பு அல்லது வணிக நிறுவனங்கள் பூஜ்யமாக இருந்த துணை-மாவட்டங்களின் பெயர்களை அகரவரிசைப்படி பட்டியலிடுக."
INDIA_IHDS_2011_TRACKING_SURVEY,Telugu,7f3b380d,0.7703241109848022,"List the household ID, the household number, the household split number, and the state code for all records where the household split number is 1, ordered by the household ID.","హౌస్‌హోల్డ్ స్ప్లిట్ నంబర్ 1 గా ఉన్న అన్ని రికార్డుల యొక్క హౌస్‌హోల్డ్ ఐడి (household ID), హౌస్‌హోల్డ్ నంబర్ (household number), హౌస్‌హోల్డ్ స్ప్లిట్ నంబర్ (household split number) మరియు స్టేట్ కోడ్ (state code)లను హౌస్‌హోల్డ్ ఐడి క్రమంలో జాబితా చేయండి."
INDIA_ICRISAT_District_Level_Agricultural_Data,Telugu,0d48eac5,0.7703969478607178,"Rank the districts in Chhattisgarh by their chickpea yield for the year 1970, from highest to lowest.",ఛత్తీస్గఢ్ రాష్ట్రంలో 1970 సంవత్సరంలో చిక్పీ (చిక్పీ) ఉత్పత్తి ప్రకారం జిల్లాలను అత్యధికం నుండి అత్యల్పం వరుస క్రమంలో రేట్ చేయండి.
INDIA_NWMP_Water_Quality_Data,Telugu,ab75799c,0.7705957889556885,"List the station name and station code for all stations, grouped by their name and code and ordered by station code, where either the water body type is 'TANK' or the state is 'Bihar'.","అన్ని స్టేషన్‌ల కోసం స్టేషన్ పేరు మరియు స్టేషన్ కోడ్‌ను జాబితా చేయండి, వాటి పేరు మరియు కోడ్ ద్వారా సమూహీకరించి స్టేషన్ కోడ్ ద్వారా ఆర్డర్ చేయండి, ఇక్కడ నీటి శరీర రకం 'TANK' లేదా రాష్ట్రం 'బిహార్'."
INDIA_Economic_Census_Firms,Tamil,a994e9a8,0.7705966234207153,"For the census year 2013, list each sub-district name and the ULB/RLB village name, along with the total sum of establishments owned by Sikhs, where that sum is at least zero, and sort the results by the total sum in descending order.","2013 மக்கள் தொகை கணக்கெடுப்பு ஆண்டிற்கு, ஒவ்வொரு உட்பிரிவு பெயர் மற்றும் ULB/RLB கிராம பெயர், சீக்கியர்களுக்கு சொந்தமான நிறுவனங்களின் மொத்த கூட்டுத்தொகையுடன், அந்த கூட்டுத்தொகை குறைந்தது பூஜ்யமாவது இருக்கும் இடங்களில், முடிவுகளை மொத்த கூட்டுத்தொகையின் இறங்கு வரிசையில் வரிசைப்படுத்தவும்."
INDIA_ROAD_ACCIDENTS_DATASET_2001,Telugu,2376f2ec,0.77064049243927,"List the educational level, the driving experience, and the average number of casualties for each combination of educational level and driving experience, ordered by the average number of casualties.","ప్రతి విద్యాసంబంధమైన స్థితి మరియు డ్రైవింగ్ అనుభవం యొక్క సమ్మేళనం కోసం విద్యాసంబంధమైన స్థితి, డ్రైవింగ్ అనుభవం మరియు సగటు ప్రాణనష్టాల సంఖ్యను జాబితా చేయండి, సగటు ప్రాణనష్టాల సంఖ్య ద్వారా ఆదేశించబడింది."
INDIA_ROAD_ACCIDENTS_DATASET_2001,Hindi,7768a6de,0.7706751227378845,"For each age band of the driver, list the age band itself, the average number of casualties, and the total count of accident IDs.","प्रत्येक ड्राइवर की आयु वर्ग के लिए, आयु वर्ग को सूचीबद्ध करें, हताहतों की औसत संख्या, और दुर्घटना आईडी की कुल गणना।"
INDIA_IHDS_2005_HOUSEHOLD_SURVEY,Telugu,bda085ac,0.7706799507141113,"Provide a list of household IDs for Muslim families that have a recorded asset index, ordered by their ID.","ముస్లిం కుటుంబాలకు చెందిన గృహ ఐడీల జాబితాను అందించండి, వారికి నమోదైన ఆస్తి సూచిక ఉన్నవారు మరియు వారి ఐడీ ప్రకారం క్రమబద్ధీకరించబడినది."
INDIA_ICRISAT_District_Level_Agricultural_Data,Hindi,a8aa84a1,0.7707561254501343,Provide the pearl millet yields for districts in Chhattisgarh between 1966 and 1970.,छत्तीसगढ़ के जिलों के लिए 1966 और 1970 के बीच बाजरा की पैदावार प्रदान करें।
INDIA_HMIS_Sub_District_Report_Rural_Urban,Hindi,30643449,0.7708712816238403,"Rank the sub-districts and their area types by the total volume of allopathic outpatient attendance recorded throughout the year 2021, starting with the highest.","इस प्रश्न का अनुवाद करें:
उप-जिलों और उनके क्षेत्र प्रकारों को वर्ष 2021 में दर्ज की गई एलोपैथिक आउटपेशेंट उपस्थिति के कुल आयतन के आधार पर रैंक करें, सबसे उच्चतम से शुरू करते हुए।"
INDIA_HMIS_Sub_District_Report_Facility_wise,Hindi,1ffd35d6,0.770933210849762,"Rank the urban sub-districts by their allopathic outpatient attendance for the year 2022, starting with the highest.","इस प्रश्न का अनुवाद करें:
शहरी उप-जिलों को वर्ष 2022 के लिए उनके एलोपैथिक आउटपेशेंट उपस्थिति के आधार पर रैंक करें, सबसे उच्च से शुरू करते हुए।"
INDIA_ICRISAT_District_Level_Agricultural_Data,Hindi,f91a0a83,0.7709571123123169,"Provide the pearl millet yields for districts in Chhattisgarh between 1966 and 1970, ordered chronologically.","चत्तीसगढ़ के जिलों में 1966 से 1970 के बीच बाजरा की उपज प्रदान करें, क्रमिक तरीके से व्यवस्थित करें।"
INDIA_Village_Amenities_Directory_2001,Tamil,0bedf9d4,0.7709815502166748,"List the district names located in the state of 'Assam', grouped by their name, where the count of district IDs is greater than zero, and display the top 5 districts with the highest count of district IDs.","'அசாம்' (Assam) மாநிலத்தில் உள்ள மாவட்டங்களின் பெயர்களைப் பட்டியலிடவும், அவற்றை அவற்றின் பெயரின் அடிப்படையில் குழுவாக்கவும் (group by), மாவட்ட ஐடிகளின் (district IDs) எண்ணிக்கை பூஜ்ஜியத்தை விட அதிகமாக இருக்க வேண்டும், மேலும் அதிக மாவட்ட ஐடிகளைக் கொண்ட முதல் 5 மாவட்டங்களைக் காட்டவும்."
INDIA_HMIS_Sub_District_Report_Facility_wise,Hindi,ad3d03d6,0.7711498737335205,"Identify the sub-districts that consistently reported allopathic outpatient attendance in both 2021 and 2022, listed in alphabetical order.","इस क्वेरी का अनुवाद करें:
उन उप-जिलों की पहचान करें जिन्होंने 2021 और 2022 दोनों वर्षों में लगातार एलोपैथिक आउटपेशेंट उपस्थिति दर्ज की, जिन्हें वर्णानुक्रम में सूचीबद्ध किया गया है।"
INDIA_HMIS_Sub_District_Report_Facility_wise,Hindi,a7dacca2,0.7711883783340454,Which sub-districts recorded more than 500 doses each of Vitamin A and the first Measles-Rubella vaccine in 2022?,कौन से उप-जिलों ने 2022 में विटामिन ए और पहली खसरा-रूबेला वैक्सीन की 500 से अधिक खुराक दर्ज की?
INDIA_IHDS_2005_HOUSEHOLD_SURVEY,Hindi,8253a6c1,0.7713688611984253,"List the household IDs and their corresponding caste or religious group categories, ordered from highest to lowest household asset index.","इस प्रश्न का अनुवाद करें:
घरों के आईडी और उनकी संबंधित जाति या धार्मिक समूह श्रेणियों को सूचीबद्ध करें, जो उच्चतम से निम्नतम घरेलू संपत्ति सूचकांक के क्रम में हों।"
INDIA_HMIS_Sub_District_Report_Facility_wise,Hindi,e95e91d7,0.7714842557907104,Provide an alphabetical list of sub-districts that either recorded outpatient services in 2022 or are classified as rural areas.,"इस प्रश्न का अनुवाद करें:
2022 में आउटपेशेंट सेवाएं दर्ज करने वाले या ग्रामीण क्षेत्रों के रूप में वर्गीकृत उप-जिलों की एक वर्णानुक्रमिक सूची प्रदान करें।"
INDIA_IHDS_2011_TRACKING_SURVEY,Telugu,2f099f0a,0.7716754674911499,List the person IDs for individuals who are 46 years of age or older and have a marital status code of 'Widowed'.,"46 ఏళ్లు లేదా అంతకంటే ఎక్కువ వయస్సు ఉండి, వైవాహిక స్థితి కోడ్ 'విధవ' (Widowed) గా ఉన్న వ్యక్తుల యొక్క పర్సన్ ఐడి (person IDs) లను జాబితా చేయండి."
INDIA_IHDS_2011_TRACKING_SURVEY,Telugu,b88e6e6c,0.7718089818954468,"List the geography IDs, grouped and ordered by geography ID, for households where either the completion status is 'Located' or the new household split number is greater than 1.","పూర్తి చేసిన స్థితి (completion status) 'Located' గా ఉన్న లేదా కొత్త గృహ విభజన సంఖ్య (new household split number) 1 కంటే ఎక్కువగా ఉన్న గృహాలకు సంబంధించి, జియోగ్రఫీ ఐడి (geography ID) ల వారీగా సమూహపరిచిన (grouped) మరియు క్రమబద్ధీకరించిన (ordered) జియోగ్రఫీ ఐడిల జాబితాను చూపండి."
INDIA_PRIMARY_POPULATION_CENSUS_1991,Telugu,417ef626,0.7719117403030396,"For districts where the number of households exceeds the number of occupied residential houses, list each district along with the total number of male main workers in mining and quarrying and the total number of female main workers in mining and quarrying.","గృహాల సంఖ్య ఆక్రమించిన నివాస గృహాల సంఖ్యను మించిన జిల్లాల కోసం, ప్రతి జిల్లాను మరియు గనులు మరియు క్వారీలలో పురుష ప్రధాన కార్మికుల మొత్తం సంఖ్య మరియు గనులు మరియు క్వారీలలో స్త్రీ ప్రధాన కార్మికుల మొత్తం సంఖ్యను జాబితా చేయండి."
INDIA_HMIS_Sub_District_Report_Facility_wise,Hindi,7414d9e6,0.7719981074333191,Provide a breakdown by state and area type showing the total BCG vaccinations and the average coverage for the first dose of Pentavalent.,"इस क्वेरी का अनुवाद करें:
राज्य और क्षेत्र प्रकार के अनुसार एक विवरण प्रदान करें जो कुल बीसीजी टीकाकरण और पेंटावैलेंट की पहली खुराक के औसत कवरेज को दर्शाता हो।"
INDIA_IHDS_2005_INDIVIDUAL_SURVEY,Hindi,a2974222,0.7720338106155396,"Rank the states by the average number of children aged 0 to 14 per household, including only those states with more than one recorded household.","इस प्रश्न का अनुवाद करें:
उन राज्यों को औसत बच्चों (0 से 14 वर्ष) की संख्या के आधार पर क्रमबद्ध करें, जिनमें केवल उन राज्यों को शामिल किया जाए जहाँ एक से अधिक दर्ज परिवार हैं।"
INDIA_IHDS_2011_TRACKING_SURVEY,Telugu,76f2400a,0.7721764445304871,"List the district codes for the state of Rajasthan, grouped by district code, where the count of new household split numbers is greater than one, ordered by this count in descending order, and limited to the top 10 results.","రాజస్థాన్ రాష్ట్రానికి సంబంధించి, కొత్త హౌస్‌హోల్డ్ స్ప్లిట్ నంబర్ల (new household split numbers) సంఖ్య ఒకటి కంటే ఎక్కువగా ఉన్న జిల్లా కోడ్‌లను, ఆ సంఖ్య ఆధారంగా అవరోహణ క్రమంలో (descending order) అమర్చి, మొదటి 10 ఫలితాలను జిల్లా కోడ్ వారీగా జాబితా చేయండి."
INDIA_IHDS_2005_HOUSEHOLD_SURVEY,Hindi,6abea354,0.7722928524017334,"Identify households with an asset index of 27 and a specific type of social network contact, ranked by their total monthly consumption expenditure.","इस क्वेरी का अनुवाद करें:
27 के परिसंपत्ति सूचकांक और एक विशिष्ट प्रकार के सामाजिक नेटवर्क संपर्क वाले परिवारों की पहचान करें, उनके कुल मासिक उपभोग व्यय के आधार पर क्रमबद्ध करें।"
INDIA_HMIS_Sub_District_Report_Facility_wise,Hindi,eb782162,0.7723267674446106,"Identify the sub-districts that recorded more than 5,000 allopathic outpatient visits and administered over 1,000 BCG vaccines.","इस क्वेरी का अनुवाद करें:
उन उप-जिलों की पहचान करें जहाँ 5,000 से अधिक एलोपैथिक आउटपेशेंट दौरे दर्ज किए गए और 1,000 से अधिक बीसीजी टीके लगाए गए।"
INDIA_HMIS_Sub_District_Report_Rural_Urban,Hindi,3b902ac4,0.7723495960235596,"List the sub-districts, in alphabetical order, that have distributed more than 5,000 oral pill cycles or over 10,000 condoms.","इस क्वेरी का अनुवाद करें:
उन उप-जिलों की सूची बनाएं, वर्णानुक्रम में, जिन्होंने 5,000 से अधिक मौखिक गोली चक्र या 10,000 से अधिक कंडोम वितरित किए हैं।"
INDIA_ICRISAT_District_Level_Agricultural_Data,Bengali,6c50ba29,0.7724399566650391,"List the districts in Chhattisgarh that produced exactly 200 tons of finger millet and at least some pearl millet during the year 1970, sorted alphabetically.","নিচের প্রশ্নটি অনুবাদ করুন:
১৯৭০ সালে যেসব জেলায় ঠিক ২০০ টন আঙুলের বাজরা এবং অন্তত কিছু মুক্তার বাজরা উৎপাদিত হয়েছিল, তাদের বর্ণানুক্রমিকভাবে সাজিয়ে তালিকা দিন।"
INDIA_NWMP_Water_Quality_Data,Telugu,325ea3bb,0.7725018262863159,"List the station codes for stations that either recorded a maximum temperature in Celsius greater than 29 during the year 2023 or are located near a water body type of 'TANK', grouped by their station code.","2023 సంవత్సరంలో సెల్సియస్‌లో 29 కంటే ఎక్కువ గరిష్ట ఉష్ణోగ్రతను రికార్డ్ చేసిన లేదా 'TANK' నీటి సంస్థ రకం సమీపంలో ఉన్న స్టేషన్‌ల కోసం స్టేషన్ కోడ్‌లను జాబితా చేయండి, వాటి స్టేషన్ కోడ్ ద్వారా సమూహీకరించబడింది."
INDIA_HMIS_Sub_District_Report_Rural_Urban,Hindi,49345135,0.7725737690925598,"Rank the sub-districts and their area types by the total number of allopathic outpatient visits recorded throughout 2021, starting with the highest attendance.","इस प्रश्न का अनुवाद करें:
सभी उप-जिलों और उनके क्षेत्र प्रकारों को 2021 में दर्ज की गई एलोपैथिक आउटपेशेंट यात्राओं की कुल संख्या के आधार पर रैंक करें, सबसे अधिक उपस्थिति से शुरू करते हुए।"
INDIA_Village_Amenities_Directory_2001,Tamil,4f455c18,0.7726868391036987,List the sub-district names for areas where the number of registered private medical practitioners is greater than zero or the number of community health workers is greater than zero.,பதிவுசெய்யப்பட்ட தனியார் மருத்துவப் பயிற்சியாளர்களின் எண்ணிக்கை பூஜ்ஜியத்தை விட அதிகமாக உள்ள அல்லது சமூக சுகாதாரப் பணியாளர்களின் எண்ணிக்கை பூஜ்ஜியத்தை விட அதிகமாக உள்ள பகுதிகளின் துணை மாவட்டப் பெயர்களைப் பட்டியலிடவும்.
INDIA_NWMP_Water_Quality_Data,Telugu,ced30a55,0.7728368639945984,"For the year 2023, list the station name and the type of water body for all stations where the maximum conductivity in umhos per cm was greater than 2000, grouped by both the station name and the water body type.","2023 సంవత్సరానికి, గరిష్ట విద్యుత్ సంచాలకత్వం 2000 umhos per cm కంటే ఎక్కువగా ఉన్న అన్ని స్టేషన్‌ల కోసం స్టేషన్ పేరు మరియు జల సంస్థ రకాన్ని జాబితా చేయండి, స్టేషన్ పేరు మరియు జల సంస్థ రకం రెండింటిచే సమూహీకరించండి."
INDIA_IHDS_2005_INDIVIDUAL_SURVEY,Hindi,c60fb866,0.7728414535522461,Identify all districts that either are classified as urban areas or have conducted household re-interviews.,"इस क्वेरी का अनुवाद करें:
उन सभी जिलों की पहचान करें जो या तो शहरी क्षेत्रों के रूप में वर्गीकृत हैं या जिन्होंने घरेलू पुनः साक्षात्कार आयोजित किए हैं।"
INDIA_ROAD_ACCIDENTS_DATASET_2001,Tamil,4958cea5,0.7729308009147644,"List the driver ID and the age band of the driver for all records where the driving experience is '1-2yr' or the educational level is 'Junior high school', ordered by the driver ID.","ஓட்டுநர் ID மற்றும் ஓட்டுநரின் வயது வரம்பை பட்டியலிடுங்கள், அனைத்து பதிவுகளுக்கு இதில் ஓட்டுநர் அভিজ்ஞதை '1-2yr' அல்லது கல்வி நிலை 'Junior high school' ஆகும், ஓட்டுநர் ID ஆல் வரிசைப்படுத்தப்பட்டது."
INDIA_IHDS_2005_HOUSEHOLD_SURVEY,Hindi,db637eb6,0.7730334997177124,"Provide the household ID, asset index, and secondary social network contact type for all households belonging to the OBC category.","इस प्रश्न का अनुवाद करें:
ओबीसी श्रेणी के सभी परिवारों के लिए घरेलू आईडी, संपत्ति सूचकांक और द्वितीयक सामाजिक नेटवर्क संपर्क प्रकार प्रदान करें।"
INDIA_Village_Amenities_Directory_2001,Telugu,4f455c18,0.7731497883796692,List the sub-district names for areas where the number of registered private medical practitioners is greater than zero or the number of community health workers is greater than zero.,నమోదిత ప్రైవేట్ వైద్య ప్రాక్టీషనర్ల సంఖ్య సున్నా కంటే ఎక్కువగా ఉన్న లేదా కమ్యూనిటీ హెల్త్ వర్కర్ల సంఖ్య సున్నా కంటే ఎక్కువగా ఉన్న ప్రాంతాల యొక్క ఉప-జిల్లా పేర్లను జాబితా చేయండి.
INDIA_IHDS_2011_TRACKING_SURVEY,Tamil,baa4034d,0.7732641696929932,"List the geography IDs for households where the completion status is 'Located', specifically for those geography IDs that have a count of household split numbers greater than zero.","பூர்த்தி செய்யப்பட்ட நிலை (completion status) 'Located' என்று இருக்கும் குடும்பங்களின் புவியியல் அடையாளங்களை (geography IDs) பட்டியலிடவும், குறிப்பாக குடும்பப் பிரிவு எண்களின் (household split numbers) எண்ணிக்கை பூஜ்ஜியத்தை விட அதிகமாக உள்ள புவியியல் அடையாளங்களை மட்டும் பட்டியலிடவும்."
INDIA_Village_Amenities_Directory_2001,Telugu,cf39f51b,0.7732976675033569,"List the sub-district names located in the 'North And Middle Andaman' district, ordered by the total sum of ayurvedic, unani, and homeopathic dispensaries in descending order, showing only the top 5 results where this combined sum is at least zero.","'నార్త్ అండ్ మిడిల్ అండమాన్' జిల్లాలోని ఉప-జిల్లాల పేర్లను, ఆయుర్వేద, యునాని మరియు హోమియోపతి డిస్పెన్సరీల మొత్తం సంఖ్య ఆధారంగా అవరోహణ క్రమంలో అమర్చి, ఈ మొత్తం కనీసం సున్నా లేదా అంతకంటే ఎక్కువ ఉన్న మొదటి 5 ఫలితాలను జాబితా చేయండి."
INDIA_HMIS_Sub_District_Report_Facility_wise,Telugu,00c83cbc,0.7733017802238464,Provide the total allopathic outpatient attendance for each district and area type recorded during the year 2022.,"ఈ ప్రశ్నను తెలుగులో అనువదించండి:
2022 సంవత్సరంలో నమోదు చేయబడిన ప్రతి జిల్లా మరియు ప్రాంత రకానికి మొత్తం అలోపతి బయటి రోగుల హాజరును అందించండి."
INDIA_ROAD_ACCIDENTS_DATASET_2001,Hindi,38a1b6a9,0.7733441591262817,List the light conditions and the weather conditions for each unique combination of these two factors that is associated with at least one accident.,प्रत्येक अद्वितीय संयोजन के लिए प्रकाश की स्थितियों और मौसम की स्थितियों की सूची बनाएं जो कम से कम एक दुर्घटना से जुड़ा हो।
INDIA_HMIS_Sub_District_Report_Rural_Urban,Hindi,f3579a90,0.773489773273468,"Which rural sub-districts recorded a total allopathic outpatient attendance of more than 5,000 during the year 2021?","कौन से ग्रामीण उप-जिलों ने वर्ष 2021 के दौरान 5,000 से अधिक एलोपैथिक आउटपेशेंट उपस्थिति दर्ज की?"
INDIA_IHDS_2011_TRACKING_SURVEY,Tamil,081954f8,0.7738082408905029,"For each person ID, count the number of migrant IDs and display the person ID for those who were not married when they migrated, grouped and ordered by their person ID.","ஒவ்வொரு நபர் ஐடிக்கும் (person ID), புலம்பெயர்ந்த ஐடிகளின் (migrant IDs) எண்ணிக்கையைக் கணக்கிடவும்; மேலும் புலம்பெயர்ந்த போது திருமணம் ஆகாதவர்களின் நபர் ஐடியைக் காண்பிக்கவும். இவை நபர் ஐடி வாரியாகக் குழுவாக்கப்பட்டு (grouped) வரிசைப்படுத்தப்பட (ordered) வேண்டும்."
INDIA_NWMP_Water_Quality_Data,Hindi,eeb06305,0.773854672908783,"List the station names for stations located in the state of 'Andhra Pradesh' where the maximum recorded fecal streptococci MPN per 100ml is greater than 1, grouped by the station name.","अंध्र प्रदेश राज्य में स्थित स्टेशनों के लिए स्टेशन के नाम सूचीबद्ध करें जहां अधिकतम दर्ज मल स्ट्रेप्टोकोकी एमपीएन प्रति 100 मिली 1 से अधिक है, स्टेशन के नाम से समूहीकृत।"
INDIA_HMIS_Sub_District_Report_Facility_wise,Hindi,d151bc24,0.7739109396934509,"Identify the rural sub-districts where fewer than half of the planned immunization sessions were actually held, listed in alphabetical order.","इस क्वेरी का अनुवाद करें:
उन ग्रामीण उप-जिलों की पहचान करें जहाँ नियोजित टीकाकरण सत्रों में से आधे से भी कम सत्र वास्तव में आयोजित किए गए थे, वर्णानुक्रम में सूचीबद्ध।"
INDIA_IHDS_2011_TRACKING_SURVEY,Tamil,a69a9d96,0.7739741206169128,"List the occupation description and the education at death code for all records where the education at death code is 'Illiterate', grouped by both the occupation description and the education code, and ordered alphabetically by occupation description.","கல்வித் தகுதி 'Illiterate' என்று இருக்கும் அனைத்துப் பதிவுகளுக்கும், தொழில் விவரம் (occupation description) மற்றும் மரணத்தின் போதான கல்வித் தகுதி குறியீடு (education at death code) ஆகியவற்றைப் பட்டியலிடவும். இவற்றைத் தொழில் விவரம் மற்றும் கல்வித் தகுதி குறியீடு ஆகிய இரண்டின் அடிப்படையில் குழுவாக்கி (grouped), தொழில் விவரத்தின் அகரவரிசைப்படி வரிசைப்படுத்தவும்."
INDIA_IHDS_2011_TRACKING_SURVEY,Hindi,60c55872,0.7739781141281128,"List the household ID, the state code, and the district code for households where the new household split number is 1 and the completion status is 'Moved out'.","उन घरों के लिए हाउसहोल्ड आईडी (household ID), राज्य कोड (state code) और जिला कोड (district code) की सूची बनाएं जहां नया हाउसहोल्ड स्प्लिट नंबर (household split number) 1 है और पूर्णता की स्थिति (completion status) 'Moved out' है।"
INDIA_Village_Amenities_Directory_2001,Tamil,6b0ee279,0.7741219997406006,"List each district name and the total sum of registered private medical practitioners and community health workers, including only those districts where this combined total is greater than zero, and order the results from the highest to the lowest total sum.","ஒவ்வொரு மாவட்டத்தின் பெயரையும், அங்கு பதிவுசெய்யப்பட்ட தனியார் மருத்துவப் பயிற்சியாளர்கள் மற்றும் சமூக சுகாதாரப் பணியாளர்களின் மொத்த எண்ணிக்கையையும் பட்டியலிடவும். இந்த மொத்த எண்ணிக்கை பூஜ்ஜியத்தை விட அதிகமாக உள்ள மாவட்டங்களை மட்டும் சேர்த்து, முடிவுகளை அதிகபட்ச எண்ணிக்கையிலிருந்து குறைந்தபட்ச எண்ணிக்கை வரை வரிசைப்படுத்தவும்."
INDIA_IHDS_2011_TRACKING_SURVEY,Telugu,0b850dad,0.7743730545043945,"List the district codes and the count of new household split numbers for households with a completion status of 'Moved out', grouped by their district code, and show only the top 5 districts with the highest counts.","పూర్తి చేసిన స్థితి (completion status) 'Moved out' గా ఉన్న గృహాల కోసం, జిల్లా కోడ్‌లు మరియు కొత్త హౌస్‌హోల్డ్ స్ప్లిట్ నంబర్‌ల గణనను వాటి జిల్లా కోడ్ ఆధారంగా గ్రూప్ చేసి జాబితా చేయండి మరియు అత్యధిక గణనలు కలిగిన మొదటి 5 జిల్లాలను మాత్రమే చూపండి."
INDIA_ROAD_ACCIDENTS_DATASET_2001,Bengali,428302b5,0.774517297744751,"List the sex, age band, and work status of each casualty, along with their casualty severity, sorted by the severity of the casualty in descending order.","প্রতিটি হতাহতের লিঙ্গ, বয়স গ্রুপ এবং কর্মসংস্থান অবস্থা তাদের হতাহতের গুরুত্ব সহ তালিকাভুক্ত করুন, হতাহতের গুরুত্ব অনুযায়ী অবরোহী ক্রমে সাজানো।"
INDIA_ICRISAT_District_Level_Agricultural_Data,Tamil,3901af2f,0.7745457291603088,"For the state of Chhattisgarh, what was the average yield and total production of sunflowers during the late 1960s?","சத்தீஸ்கர் மாநிலத்தில், 1960களின் பிற்பகுதியில் சூரியகாந்தியின் சராசரி மகசூல் மற்றும் மொத்த உற்பத்தி என்ன?"
INDIA_HMIS_Sub_District_Report_Facility_wise,Tamil,2b2b7b33,0.7745974063873291,Identify the sub-districts that have recorded allopathic outpatient attendance but have not reported any BCG vaccinations.,"அனைத்து மருத்துவமனை வெளிநோயாளர் வருகைகளை பதிவு செய்துள்ள, ஆனால் எந்த பிசிஜி தடுப்பூசிகளையும் புகாரளிக்காத துணை மாவட்டங்களை அடையாளம் காணவும்."
INDIA_Village_Amenities_Directory_2001,Telugu,c9220b41,0.7746059894561768,"List each district name along with the total sum of agricultural credit societies and other credit societies, ensuring the sum is greater than zero and sorted in descending order by that total.","ప్రతి జిల్లా పేరుతో పాటు వ్యవసాయ పరపతి సంఘాలు మరియు ఇతర పరపతి సంఘాల మొత్తం సంఖ్యను జాబితా చేయండి, ఆ మొత్తం సున్నా కంటే ఎక్కువగా ఉండేలా చూసుకోండి మరియు ఆ మొత్తం ఆధారంగా అవరోహణ క్రమంలో అమర్చండి."
INDIA_IHDS_2005_INDIVIDUAL_SURVEY,Hindi,4504b0b7,0.7746995091438293,"For individuals who have held a job, what is the average number of years of education completed and the total person count, broken down by gender?","नौकरी कर चुके व्यक्तियों के लिए, शिक्षा के औसत वर्षों की संख्या और कुल व्यक्ति गणना, लिंग के अनुसार विभाजित क्या है?"
INDIA_ROAD_ACCIDENTS_DATASET_2001,Telugu,b09b770f,0.7747470140457153,"Grouped by the age band of the driver, what is the age band, the average number of casualties, and the total count of unique accident IDs for those drivers involved in more than one accident, ordered by the average number of casualties in descending order?","డ్రైవర్ యొక్క వయస్సు బ్యాండ్ ద్వారా గ్రూప్ చేయబడినప్పుడు, ఒకటి కంటే ఎక్కువ ప్రమాదాలలో ఉన్న డ్రైవర్ల కోసం వయస్సు బ్యాండ్, సగటు ప్రమాద సంఖ్య మరియు ప్రత్యేక ప్రమాద IDల మొత్తం సంఖ్య ఎంత, సగటు ప్రమాద సంఖ్య ఆధారంగా అవరోహణ క్రమంలో ఆర్డర్ చేయబడినది?"
INDIA_IHDS_2011_TRACKING_SURVEY,Hindi,22fdd09e,0.7750968933105469,"List the district codes and the total count of household split numbers for households with a completion status of 'Moved out', grouped by their district code, and show only the top 5 districts with the highest counts.","उन जिला कोडों और घरेलू विभाजन संख्याओं (household split numbers) की कुल संख्या की सूची बनाएं जिनके लिए पूर्णता की स्थिति (completion status) 'बाहर चले गए' (Moved out) है, उन्हें उनके जिला कोड के अनुसार समूहित (group) करें, और केवल उच्चतम संख्या वाले शीर्ष 5 जिले दिखाएं।"
INDIA_NWMP_Water_Quality_Data,Tamil,06fefe0b,0.7751325368881226,"For each state and water body type, list the state name, the type of water body, and the count of station names, specifically for water bodies categorized as either 'LAKE' or 'TANK', where the count is greater than zero, ordered alphabetically by state and then by water body type.","ஒவ்வொரு மாநிலத்திற்கும் நீர்நிலை வகைக்கும், மாநிலத்தின் பெயர், நீர்நிலை வகை, மற்றும் நிலையங்களின் பெயர்களின் எண்ணிக்கையை பட்டியலிடுக, குறிப்பாக 'LAKE' அல்லது 'TANK' என வகைப்படுத்தப்பட்ட நீர்நிலைகளுக்கு, எண்ணிக்கை பூஜ்ஜியத்தை விட அதிகமாக இருக்கும் இடங்களில், மாநிலத்தின் அடிப்படையில் அகரவரிசைப்படி வரிசைப்படுத்தப்பட்ட பிறகு நீர்நிலை வகையின் அடிப்படையில் வரிசைப்படுத்துக."
INDIA_ROAD_ACCIDENTS_DATASET_2001,Telugu,e504e82d,0.775499701499939,"Show the sex of casualty and the average casualty severity for casualties who are either a driver, rider, or pedestrian and fall within the age bands of 18-30 or 31-50, grouped by their sex, where the average severity is greater than 1, and order the results by the average casualty severity in descending order.","గాయపడిన వ్యక్తి యొక్క లింగం మరియు సగటు గాయపడిన తీవ్రతను చూపించండి, వారు డ్రైవర్, రైడర్ లేదా పాదచారి మరియు 18-30 లేదా 31-50 వయస్సు బ్యాండ్‌లలో ఉన్న గాయపడిన వ్యక్తుల కోసం, వారి లింగం ద్వారా సమూహీకరించబడింది, ఇక్కడ సగటు తీవ్రత 1 కంటే ఎక్కువ, మరియు ఫలితాలను సగటు గాయపడిన తీవ్రత ఆధారంగా అవరోహణ క్రమంలో ఆర్డర్ చేయండి."
INDIA_IHDS_2005_HOUSEHOLD_SURVEY,Bengali,906dc566,0.7755590081214905,Identify all households that either fall into the highest asset index category or have children whose school enrollment status is currently unrecorded.,সকল সেইসব পরিবার চিহ্নিত করুন যারা হয় সর্বোচ্চ সম্পদ সূচক বিভাগে পড়ে অথবা যাদের শিশুদের বিদ্যালয়ে ভর্তির অবস্থা বর্তমানে অদলবদল করা হয়নি।
INDIA_HMIS_Sub_District_Report_Rural_Urban,Bengali,74ebd19a,0.7759044170379639,Which five rural sub-districts had the highest total allopathic outpatient attendance in 2021?,২০২১ সালে কোন পাঁচটি গ্রামীণ উপজেলায় সর্বোচ্চ অ্যালোপ্যাথিক বহির্বিভাগীয় উপস্থিতি ছিল?
INDIA_IHDS_2005_HOUSEHOLD_SURVEY,Hindi,3b1c9aff,0.7760002017021179,Identify the geography IDs for rural villages that have both school and health facility access.,"इस क्वेरी का अनुवाद करें:
उन ग्रामीण गांवों के भूगोल आईडी की पहचान करें जिनके पास स्कूल और स्वास्थ्य सुविधा दोनों की पहुंच है।"
INDIA_IHDS_2005_INDIVIDUAL_SURVEY,Tamil,3f4b07ab,0.7760648131370544,Identify the household IDs for all rural households that are currently living above the poverty line.,கிராமப்புற வீடுகளில் வறுமைக் கோட்டிற்கு மேல் தற்போது வாழும் அனைத்து வீட்டு அடையாளங்களை அடையாளம் காணவும்.
INDIA_NWMP_Water_Quality_Data,Telugu,949911f4,0.7760666012763977,"List the station name and the station code for the first ten stations located in India, ordered by their type of water body.","భారతదేశంలో ఉన్న మొదటి పది స্టేషన్‌ల కోసం స్టేషన్ పేరు మరియు స్టేషన్ కోడ్‌ను జాబితా చేయండి, వాటి జల సంస్థ రకం ద్వారా ఆర్డర్ చేయబడింది."
INDIA_ROAD_ACCIDENTS_DATASET_2001,Telugu,8567458b,0.776430070400238,"List the age band of the driver, the average number of casualties, and the total sum of casualty severity for the top 5 driver age bands with more than one accident, ordered by the average number of casualties in descending order.","డ్రైవర్ వయస్సు బ్యాండ్‌ను, సగటు ప్రమాదాల సంఖ్యను, మరియు ఒకటి కంటే ఎక్కువ ప్రమాదాలు ఉన్న టాప్ 5 డ్రైవర్ వయస్సు బ్యాండ్‌ల కోసం ప్రమాద తీవ్రత యొక్క మొత్తం సమ్మతిని జాబితా చేయండి, సగటు ప్రమాదాల సంఖ్య ఆధారంగా అవరోహణ క్రమంలో ఆదేశించబడింది."
INDIA_ICRISAT_District_Level_Agricultural_Data,Tamil,5fd24b0e,0.7765027284622192,Identify the states and districts that recorded active sunflower production for each year.,ஒவ்வொரு ஆண்டும் சூரியகாந்தி உற்பத்தியில் செயல்பாட்டில் இருந்த மாநிலங்களையும் மாவட்டங்களையும் கண்டறியவும்.
INDIA_IHDS_2005_HOUSEHOLD_SURVEY,Hindi,f21079ed,0.7765599489212036,Provide the number of animal care workers and the Gauna dates for all Christian households.,"इस क्वेरी का अनुवाद करें:
सभी ईसाई परिवारों के लिए पशु देखभाल कर्मियों की संख्या और गौना तिथियाँ प्रदान करें।"
INDIA_IHDS_2011_TRACKING_SURVEY,Telugu,5abc3fbe,0.7769674062728882,List the occupation IDs in ascending order for deceased individuals who were married at the time of their death and were not employed at the time of death.,"మరణించే సమయానికి వివాహితులై ఉండి, ఎటువంటి ఉద్యోగం చేయని వ్యక్తుల యొక్క వృత్తి ఐడిలను (occupation IDs) ఆరోహణ క్రమంలో జాబితా చేయండి."
INDIA_IHDS_2011_TRACKING_SURVEY,Hindi,2227925d,0.7770026922225952,"List the activity status and the education at migration code, along with the count of migrant employment IDs, for groups where the count of migrant employment IDs is greater than one, and order the results by this count in descending order.","उन समूहों के लिए गतिविधि की स्थिति (activity status) और प्रवासन के समय शिक्षा कोड (education at migration code) के साथ प्रवासी रोजगार आईडी (migrant employment IDs) की संख्या सूचीबद्ध करें, जहाँ प्रवासी रोजगार आईडी की संख्या एक से अधिक है, और परिणामों को इस संख्या के अवरोही क्रम (descending order) में व्यवस्थित करें।"
INDIA_HMIS_Sub_District_Report_Rural_Urban,Hindi,170b0d9f,0.7770326733589172,Rank the months of 2022 from highest to lowest based on the total number of allopathic outpatient visits.,"इस प्रश्न का अनुवाद करें:
2022 के महीनों को सभी आयुर्वेदिक आउटपेशेंट दौरों की कुल संख्या के आधार पर उच्चतम से निम्नतम तक क्रमबद्ध करें।"
INDIA_IHDS_2005_INDIVIDUAL_SURVEY,Hindi,4b1a5490,0.7770563364028931,"Identify the rural districts that contain households living above the poverty line, excluding any urban districts that also have households above the poverty line.","इस प्रश्न का अनुवाद करें:
गरीबी रेखा से ऊपर रहने वाले घरों वाले ग्रामीण जिलों की पहचान करें, उन शहरी जिलों को छोड़कर जिनमें गरीबी रेखा से ऊपर रहने वाले घर भी हैं।"
INDIA_Economic_Census_Firms,Tamil,a457d390,0.7770898342132568,"For the most recent census year available, list each ULB/RLB village name along with the total estimated government financial assistance and the total estimated finance from borrowing institutions, grouped by village name and ordered by the total government assistance in descending order.","கிடைக்கும் மிகச் சமீபத்திய மக்கள்தொகை கணக்கெடுப்பு ஆண்டிற்கு, ஒவ்வொரு ஊராட்சி/கிராம ஊராட்சி கிராமத்தின் பெயரை, மொத்த மதிப்பிடப்பட்ட அரசு நிதி உதவி மற்றும் கடன் வழங்கும் நிறுவனங்களிடமிருந்து மொத்த மதிப்பிடப்பட்ட நிதி ஆகியவற்றுடன், கிராமப் பெயர் வாரியாக குழுவாக்கி, மொத்த அரசு உதவியின் அடிப்படையில் இறங்கு வரிசையில் பட்டியலிடுக."
INDIA_IHDS_2005_INDIVIDUAL_SURVEY,Hindi,6d449523,0.777107298374176,Identify the geography IDs for households that contain at least three youths aged 15 to 21 and were part of a re-interview survey.,उन घरों के भूगोल आईडी पहचानें जो कम से कम तीन युवाओं (15 से 21 वर्ष की आयु) वाले हैं और पुनः साक्षात्कार सर्वेक्षण का हिस्सा थे।
INDIA_Economic_Census_Firms,Telugu,4b45c0d6,0.7772666215896606,"For the most recent census year available, list each ULB RLB village name along with the total sum of human health and social establishments, sorted by the total sum in descending order.","అందుబాటులో ఉన్న తాజా జనగణన సంవత్సరం కోసం, ప్రతి ULB RLB గ్రామ పేరును మానవ ఆరోగ్యం మరియు సామాజిక సంస్థల మొత్తం మొత్తంతో పాటు, మొత్తం మొత్తం అవరోహణ క్రమంలో జాబితా చేయండి."
INDIA_IHDS_2005_INDIVIDUAL_SURVEY,Hindi,682a8146,0.777351975440979,Identify the urban districts where no households were selected for a re-interview during the survey.,"इस क्वेरी का अनुवाद करें:
सर्वेक्षण के दौरान पुनः साक्षात्कार के लिए जिन शहरी जिलों में कोई भी घर चयनित नहीं किया गया था, उनकी पहचान करें।"
INDIA_IHDS_2005_INDIVIDUAL_SURVEY,Hindi,3f4b07ab,0.777582049369812,Identify the household IDs for all rural households that are currently living above the poverty line.,"इस प्रश्न का अनुवाद करें:
उन सभी ग्रामीण परिवारों के घरेलू आईडी की पहचान करें जो वर्तमान में गरीबी रेखा से ऊपर रह रहे हैं।"
INDIA_HMIS_Sub_District_Report_Facility_wise,Tamil,60f65c76,0.7775939702987671,Which rural sub-districts reported at least some Rotavirus 1 vaccinations in 2022 but had zero recorded Vitamin A first doses?,"2022-ல் ரோட்டா வைரஸ் 1 தடுப்பூசி குறைந்தபட்சம் சில பதிவுகளைப் பெற்றிருக்கும், ஆனால் வைட்டமின் ஏ முதல் டோஸ் பூஜ்ஜியமாக பதிவு செய்யப்பட்டுள்ள கிராமப்புற துணை மாவட்டங்கள் எவை?"
INDIA_NWMP_Water_Quality_Data,Bengali,b0475f67,0.7777061462402344,List the station codes for water bodies categorized as 'TANK' where the maximum nitrate N in milligrams per liter is greater than 18.6.,জল সংস্থাগুলির জন্য স্টেশন কোডগুলি তালিকাভুক্ত করুন যা 'ট্যাঙ্ক' হিসাবে শ্রেণীবদ্ধ যেখানে মিলিগ্রাম প্রতি লিটারে সর্বাধিক নাইট্রেট N 18.6 এর চেয়ে বেশি।
INDIA_HMIS_Sub_District_Report_Facility_wise,Hindi,3c44a602,0.7778721451759338,Which rural sub-districts reported at least one Rotavirus 1 dose but zero Vitamin A dose 1 administrations during the year 2020?,"किन ग्रामीण उप-जिलों ने वर्ष 2020 के दौरान कम से कम एक रोटावायरस खुराक 1 की सूचना दी, लेकिन विटामिन ए खुराक 1 का प्रशासन शून्य रहा?"
INDIA_IHDS_2011_TRACKING_SURVEY,Bengali,775ee0a4,0.7779796123504639,"List the household ID, household number, and district code for all households where the new household split number is not zero and there is at least one household status ID recorded, ordered by the household ID in ascending order.","সেই সমস্ত খানাগুলোর (household) আইডি, খানা নম্বর এবং জেলা কোড তালিকাভুক্ত করুন যেখানে নতুন খানা বিভাজন নম্বর (household split number) শূন্য নয় এবং অন্তত একটি খানার স্ট্যাটাস আইডি রেকর্ড করা আছে, এবং ফলাফলগুলো খানা আইডি অনুযায়ী আরোহী ক্রমে (ascending order) সাজান।"
INDIA_HMIS_Sub_District_Report_Rural_Urban,Bengali,9a414d70,0.778040885925293,"Identify the rural sub-districts that recorded allopathic outpatient attendance in 2022, excluding any sub-districts that also have urban areas with reported attendance for that same year.","২০২২ সালে এলোপ্যাথিক বহির্বিভাগীয় উপস্থিতি নথিভুক্ত করা গ্রামীণ উপজেলাগুলি চিহ্নিত করুন, সেইসব উপজেলাগুলি বাদ দিয়ে যেগুলিতে একই বছরে নথিভুক্ত উপস্থিতি সহ শহুরে এলাকাও রয়েছে।"
INDIA_HMIS_Sub_District_Report_Facility_wise,Bengali,1421ebed,0.7780516147613525,"Rank the urban sub-districts by their total allopathic outpatient attendance for the year 2022, starting with the highest.",২০২২ সালের জন্য মোট অ্যালোপ্যাথিক বহির্বিভাগীয় উপস্থিতি অনুসারে শহুরে উপজেলাগুলোকে সর্বোচ্চ থেকে শুরু করে ক্রমানুসারে সাজান।
INDIA_IHDS_2011_TRACKING_SURVEY,Telugu,f4ba945e,0.7785156965255737,"List the district codes and the total count of household split numbers for households with a completion status of 'Moved out', grouped by their district code, and show the top 5 districts with the highest counts.","పూర్తి చేసిన స్థితి (completion status) 'Moved out' గా ఉన్న గృహాలకు సంబంధించి, జిల్లా కోడ్‌లు మరియు హౌస్‌హోల్డ్ స్ప్లిట్ నంబర్ల మొత్తం సంఖ్యను జాబితా చేయండి. వీటిని జిల్లా కోడ్ ఆధారంగా గ్రూప్ చేసి, అత్యధిక సంఖ్య కలిగిన మొదటి 5 జిల్లాలను చూపండి."
INDIA_Economic_Census_Firms,Telugu,a29de23a,0.7789422869682312,List the sub-district names in alphabetical order for the 2013 census year where the estimated transport storage and estimated accommodation food values are both greater than zero.,"2013 జనగణన సంవత్సరంలో, అంచనా రవాణా నిల్వ మరియు అంచనా వసతి ఆహార విలువలు రెండూ సున్నా కంటే ఎక్కువగా ఉన్న ఉప-జిల్లా పేరలను వర్ణక్రమంలో జాబితా చేయండి."
INDIA_IHDS_2011_TRACKING_SURVEY,Bengali,f6d79b0f,0.7790180444717407,List the geography IDs for households where the completion status is 'Located' and the household split number is equal to 1.,সেইসব খানাগুলোর (households) জিওগ্রাফি আইডি (geography IDs) তালিকাভুক্ত করুন যেখানে সমাপ্তির স্থিতি (completion status) 'Located' এবং খানা বিভাজন সংখ্যা (household split number) ১-এর সমান।
INDIA_IHDS_2011_TRACKING_SURVEY,Hindi,a45e1f13,0.7791094779968262,List the distinct geography IDs for households where either the household split number is 1 or the completion status is 'Located'.,उन घरों के लिए विशिष्ट भूगोल आईडी (geography IDs) सूचीबद्ध करें जहाँ या तो घरेलू विभाजन संख्या (household split number) 1 है या पूर्णता स्थिति (completion status) 'Located' है।
INDIA_HMIS_Sub_District_Report_Rural_Urban,Telugu,069ec4a6,0.7791261672973633,Which sub-districts recorded outpatient services in both 2021 and 2022?,"ఈ ప్రశ్నను తెలుగులోకి అనువదించండి:
2021 మరియు 2022లో ఏ ఉపజిల్లాలు రెండు సంవత్సరాల్లోనూ బయటి రోగుల సేవలను నమోదు చేశాయి?"
INDIA_HMIS_Sub_District_Report_Facility_wise,Bengali,1ffd35d6,0.7791672945022583,"Rank the urban sub-districts by their allopathic outpatient attendance for the year 2022, starting with the highest.",২০২২ সালের জন্য এলোপ্যাথিক বহির্বিভাগীয় উপস্থিতি অনুযায়ী শহুরে উপজেলাগুলোকে সর্বোচ্চ থেকে শুরু করে ক্রমবিন্যাস করুন।
INDIA_IHDS_2005_INDIVIDUAL_SURVEY,Hindi,f28e2a1a,0.7791808843612671,"List the household IDs and their corresponding asset indices for Dalit households located in rural areas of Uttar Pradesh, ordered by their asset index.","इस क्वेरी का अनुवाद करें:
उत्तर प्रदेश के ग्रामीण क्षेत्रों में स्थित दलित परिवारों के लिए घरेलू आईडी और उनके संबंधित संपत्ति सूचकांकों को उनके संपत्ति सूचकांक के अनुसार क्रमबद्ध करके सूचीबद्ध करें।"
INDIA_Economic_Census_Firms,Telugu,579e0a14,0.7793790698051453,"List the sub-district names from the 2013 census year that had a total estimated transport and storage value greater than zero, but specifically excluding any sub-districts that also reported an estimated accommodation and food value greater than zero during that same year, and order the results alphabetically by sub-district name.","2013 జనగణన సంవత్సరంలో మొత్తం అంచనా రవాణా మరియు నిల్వ విలువ సున్నా కంటే ఎక్కువగా ఉన్న ఉప-జిల్లా పేర్లను జాబితా చేయండి, కానీ అదే సంవత్సరంలో అంచనా వేసిన వసతి మరియు ఆహార విలువ కూడా సున్నా కంటే ఎక్కువగా నివేదించిన ఏవైనా ఉప-జిల్లాలను ప్రత్యేకంగా మినహాయించి, ఫలితాలను ఉప-జిల్లా పేరు ప్రకారం అక్షర క్రమంలో అమర్చండి."
INDIA_NWMP_Water_Quality_Data,Tamil,eeb06305,0.7794442176818848,"List the station names for stations located in the state of 'Andhra Pradesh' where the maximum recorded fecal streptococci MPN per 100ml is greater than 1, grouped by the station name.","'ஆந்திர பிரதேசம்' மாநிலத்தில் அமைந்துள்ள நிலையங்களுக்கான நிலைய பெயர்களை பட்டியலிடுங்கள், அங்கு பதிவுசெய்யப்பட்ட அதிகபட்ச மল স்ট்ரெப்டோகோக்கி MPN 100ml க்கு 1 ஐ விட அதிகமாக உள்ளது, நிலைய பெயரின் அடிப்படையில் தொகுக்கப்பட்டுள்ளது."
INDIA_ROAD_ACCIDENTS_DATASET_2001,Telugu,d3c43b0a,0.7796964645385742,Show all columns and details from the driver dimension for those drivers who have between 1-2 years of driving experience or whose educational level is junior high school.,"డ్రైవర్ డైమెన్షన్ నుండి అన్ని కాలమ్‌లు మరియు వివరాలను చూపించండి, వీరిలో 1-2 సంవత్సరాల డ్రైవింగ్ అనుభవం ఉన్న డ్రైవర్‌లకు లేదా వారి విద్యా స్థాయి జూనియర్ హైస్కూల్ ఉన్న వారికి."
INDIA_IHDS_2005_INDIVIDUAL_SURVEY,Telugu,d391687d,0.7800483107566833,"Identify all rural households that have more than three children aged 14 or younger, listed in ascending order of their ID.","ఈ ప్రశ్నను తెలుగులో అనువదించండి:
మూడు కంటే ఎక్కువ 14 సంవత్సరాలు లేదా అంతకంటే తక్కువ వయస్సు గల పిల్లలు ఉన్న అన్ని గ్రామీణ గృహాలను గుర్తించండి, వారి ఐడీ ఆధారంగా ఆరోహణ క్రమంలో జాబితా చేయండి."
INDIA_IHDS_2005_HOUSEHOLD_SURVEY,Tamil,565304fa,0.7801203727722168,Identify the household IDs for families ranked at asset index 17 that have children with an unknown or unspecified school enrollment status.,"சொத்து குறியீட்டு 17 இல் உள்ள குடும்பங்களின் வீட்டு அடையாளங்களை அடையாளம் காணவும், அவர்களின் குழந்தைகள் பள்ளியில் சேர்க்கை நிலை தெரியாத அல்லது குறிப்பிடப்படாதவை."
INDIA_IHDS_2011_TRACKING_SURVEY,Telugu,60c55872,0.7802037596702576,"List the household ID, the state code, and the district code for households where the new household split number is 1 and the completion status is 'Moved out'.","కొత్త గృహ విభజన సంఖ్య (new household split number) 1 మరియు పూర్తి స్థితి (completion status) 'Moved out' గా ఉన్న గృహాలకు సంబంధించి, గృహ ఐడి (household ID), రాష్ట్ర కోడ్ (state code) మరియు జిల్లా కోడ్ (district code) జాబితా చేయండి."
INDIA_HMIS_Sub_District_Report_Facility_wise,Bengali,c2377545,0.7803316116333008,List the unique sub-districts that either are classified as rural or recorded outpatient services during the year 2022.,"এই প্রশ্নটি অনুবাদ করুন:
তালিকা তৈরি করুন সেই অনন্য উপজেলাগুলির যেগুলি হয় গ্রামীণ হিসাবে শ্রেণীবদ্ধ অথবা ২০২২ সালে বহির্বিভাগীয় সেবা রেকর্ড করেছে।"
INDIA_ROAD_ACCIDENTS_DATASET_2001,Tamil,6036219b,0.7803449034690857,"List the areas where accidents occurred for those locations that have experienced at least one accident with more than five casualties or at least one accident occurring on a Sunday or Monday, and sort the results alphabetically by the area name.","விபத்துகள் நிகழ்ந்த பகுதிகளை பட்டியலிடுங்கள், அந்த இடங்களுக்கு ஐந்துக்கு மேற்பட்ட உயிரிழப்புகள் கொண்ட குறைந்தபட்சம் ஒரு விபத்து அல்லது ஞாயிற்றுக்கிழமை அல்லது திங்கட்கிழமையில் நிகழ்ந்த குறைந்தபட்சம் ஒரு விபத்து இருந்தவை, மற்றும் பகுதி பெயரின் அடிப்படையில் முடிவுகளை அகரவரிசையில் வரிசைப்படுத்துங்கள்."
INDIA_Village_Amenities_Directory_2001,Telugu,51db4207,0.7803547382354736,"List the district names located in the state of 'Assam', grouped and ordered alphabetically by district name.","'అస్సాం' రాష్ట్రంలోని జిల్లాల పేర్లను జాబితా చేయండి, వాటిని సమూహపరిచి (grouped) మరియు అక్షర క్రమంలో అమర్చండి."
INDIA_IHDS_2005_HOUSEHOLD_SURVEY,Telugu,7f1d4779,0.7806754112243652,"List the household IDs and their respective caste or religious group categories, ranked from highest to lowest based on their asset index.","ఈ ప్రశ్నను తెలుగులో అనువదించండి:
గృహ సంఖ్యలు మరియు వాటి సంబంధిత కులం లేదా మత సమూహాల వర్గాలను, వారి ఆస్తి సూచిక ఆధారంగా అత్యున్నతం నుండి అత్యల్పం వరకు ర్యాంక్ చేయండి."
INDIA_IHDS_2011_TRACKING_SURVEY,Telugu,725d9099,0.7808942794799805,"List the household ID, the household number, the new household split number, and the completion status for all records where the household split number is 1, ordered by the household ID.","హౌస్‌హోల్డ్ స్ప్లిట్ నంబర్ 1 గా ఉన్న అన్ని రికార్డులకు సంబంధించి హౌస్‌హోల్డ్ ఐడి (ID), హౌస్‌హోల్డ్ నంబర్, కొత్త హౌస్‌హోల్డ్ స్ప్లిట్ నంబర్ మరియు పూర్తి చేసిన స్థితిని (completion status) హౌస్‌హోల్డ్ ఐడి ఆధారంగా క్రమబద్ధీకరించి జాబితా చేయండి."
INDIA_NWMP_Water_Quality_Data,Telugu,af925f92,0.781161904335022,"For the year 2021, list the station name, the type of water body, and the maximum nitrate N mg per L recorded, ensuring that only records with a non-null maximum nitrate value are included, and order the results by the maximum nitrate value in descending order.","2021 సంవత్సరానికి, స্टేশన్ పేరు, జల సంస్థ యొక్క రకం, మరియు రికార్డ్ చేయబడిన గరిష్ట నైట్రేట్ N mg ప్రతి L ను జాబితా చేయండి, గరిష్ట నైట్రేట్ విలువ ఖాళీ కానిది అయిన రికార్డ్‌లు మాత్రమే చేర్చబడ్డాయని నిশ్చితం చేసుకోండి, మరియు ఫలితాలను గరిష్ట నైట్రేట్ విలువ ద్వారా అవరోహణ క్రమంలో ఆర్డర్ చేయండి."
INDIA_IHDS_2005_HOUSEHOLD_SURVEY,Hindi,76dd0073,0.7812941074371338,"Identify all households that are either identified as Christian or have a recorded Gauna date, sorted by their household ID.","इस क्वेरी का अनुवाद करें:
उन सभी परिवारों की पहचान करें जो या तो ईसाई के रूप में पहचाने जाते हैं या जिनकी गौना तिथि दर्ज है, उन्हें उनके परिवार आईडी के अनुसार क्रमबद्ध करें।"
INDIA_HMIS_Sub_District_Report_Facility_wise,Bengali,003ab41d,0.7813287377357483,"List all rural sub-districts that reported at least some allopathic outpatient attendance during the year 2022, sorted alphabetically.","২০২২ সালে যেসব গ্রামীণ উপজেলায় কিছু অ্যালোপ্যাথিক বহির্বিভাগীয় উপস্থিতি রিপোর্ট করা হয়েছে, তাদের বর্ণানুক্রমিকভাবে তালিকা করুন।"
INDIA_IHDS_2011_TRACKING_SURVEY,Telugu,cd91f0bd,0.7814774513244629,"List the unique PSU codes in ascending order for households where the completion status is 'Located', the household split number is 0, and the new household split number is 1.","పూర్తిస్థాయి స్థితి (completion status) 'Located' గా ఉండి, గృహ విభజన సంఖ్య (household split number) 0 మరియు కొత్త గృహ విభజన సంఖ్య (new household split number) 1 గా ఉన్న గృహాలకు సంబంధించిన ప్రత్యేకమైన PSU కోడ్‌లను ఆరోహణ క్రమంలో జాబితా చేయండి."
INDIA_IHDS_2011_TRACKING_SURVEY,Telugu,a45e1f13,0.7815122008323669,List the distinct geography IDs for households where either the household split number is 1 or the completion status is 'Located'.,గృహ విభజన సంఖ్య (household split number) 1 లేదా పూర్తి స్థితి (completion status) 'Located' గా ఉన్న గృహాలకు సంబంధించిన విభిన్న భౌగోళిక ఐడిల (geography IDs) జాబితాను రూపొందించండి.
INDIA_ROAD_ACCIDENTS_DATASET_2001,Telugu,0469fe97,0.7815409302711487,"List the educational levels of drivers involved in at least one accident that occurred on a Sunday, and display these educational levels in ascending alphabetical order.","కనీసం ఒక ఆదివారం రోజున సంభవించిన ప్రమాదంలో పాల్గొన్న డ్రైవర్ల విద్యా స్థాయిలను జాబితా చేయండి, మరియు ఈ విద్యా స్థాయిలను ఆరోహణ వర్ణక్రమ క్రమంలో ప్రదర్శించండి."
INDIA_ROAD_ACCIDENTS_DATASET_2001,Tamil,b73a538f,0.7817620635032654,"List each accident severity and the count of occurrences for that severity, specifically for drivers with 1-2 years of driving experience, where the average accident ID for the group is greater than 1, ordered by the accident severity.","ஒவ்வொரு விபத்து தீவிரத்தையும் அந்த தீவிரத்தின் நிகழ்வுகளின் எண்ணிக்கையையும் பட்டியலிடுங்கள், குறிப்பாக 1-2 வருடங்களின் ஓட்டுநர் அভিজ்ঞதை கொண்ட ஓட்டுநர்களுக்கு, இந்த குழுவின் சராசரி விபத்து ID 1 ஐ விட அதிகமாக இருக்கும் இடத்தில், விபத்து தீவிரத்தால் வரிசைப்படுத்தப்பட்டுள்ளது."
INDIA_IHDS_2011_TRACKING_SURVEY,Hindi,96ef290a,0.7818902730941772,Provide a list of all unique reason descriptions from the migration reasons dimension.,माइग्रेशन कारणों (migration reasons) के आयाम से सभी विशिष्ट कारण विवरणों (unique reason descriptions) की एक सूची प्रदान करें।
INDIA_IHDS_2011_TRACKING_SURVEY,Hindi,0f09d5f2,0.7819744348526001,"List the person IDs for migrants who were married at the time of migration and whose activity status is currently salaried, grouped and ordered by their person ID.","उन प्रवासियों की व्यक्ति आईडी (person IDs) सूचीबद्ध करें जो प्रवास के समय विवाहित थे और जिनकी वर्तमान गतिविधि स्थिति वेतनभोगी (salaried) है, उन्हें उनकी व्यक्ति आईडी द्वारा समूहित (grouped) और क्रमबद्ध (ordered) करें।"
INDIA_IHDS_2011_TRACKING_SURVEY,Hindi,f4ba945e,0.7821638584136963,"List the district codes and the total count of household split numbers for households with a completion status of 'Moved out', grouped by their district code, and show the top 5 districts with the highest counts.","उन जिला कोडों और घरेलू विभाजन संख्याओं (household split numbers) की कुल संख्या की सूची बनाएं जिनके लिए पूर्णता स्थिति (completion status) 'बाहर चले गए' (Moved out) है, उन्हें उनके जिला कोड के अनुसार समूहित करें, और उच्चतम संख्या वाले शीर्ष 5 जिलों को दिखाएं।"
INDIA_HMIS_Sub_District_Report_Facility_wise,Hindi,b04c5691,0.782183051109314,"Rank the urban sub-districts by their total allopathic outpatient attendance, showing both the attendance figures and the total BCG vaccinations administered in each.","इस प्रश्न का अनुवाद करें:
शहरी उप-जिलों को उनकी कुल एलोपैथिक आउटपेशेंट उपस्थिति के अनुसार क्रमबद्ध करें, प्रत्येक में उपस्थिति के आंकड़े और कुल बीसीजी टीकाकरण की संख्या दर्शाएं।"
INDIA_IHDS_2005_HOUSEHOLD_SURVEY,Hindi,cabd0d93,0.7822192907333374,"Provide the top 10 rural neighborhoods in Uttar Pradesh with the highest average monthly per capita consumption, indicating whether each has a village health facility.","यह क्वेरी अनुवाद करें:
उत्तर प्रदेश के शीर्ष 10 ग्रामीण पड़ोस प्रदान करें जिनकी औसत मासिक प्रति व्यक्ति खपत सबसे अधिक है, यह दर्शाते हुए कि क्या प्रत्येक के पास एक ग्राम स्वास्थ्य सुविधा है।"
INDIA_ROAD_ACCIDENTS_DATASET_2001,Telugu,ff0e8585,0.782237708568573,"For accidents that occurred on a Monday, list each area where the accident occurred along with the average number of casualties and the total count of accident IDs, grouped by the area and ordered by the average casualties in descending order.","సోమవారం జరిగిన ప్రమాదాల కోసం, ప్రమాదం జరిగిన ప్రతి ప్రాంతాన్ని సగటు ప్రమాద సంఖ్య మరియు ప్రమాద ID ల మొత్తం సంఖ్య కలిసి జాబితా చేయండి, ప్రాంతం ద్వారా సమూహీకరించి సగటు ప్రమాద సంఖ్య ఆధారంగా అవరోహణ క్రమంలో ఆదేశించండి."
INDIA_Economic_Census_Firms,Hindi,b04846f6,0.7823331356048584,"List the sub-district names and the total number of establishments owned by Sikhs for the time period with ID 1, grouped by sub-district and ordered by the highest count first, showing only the top 5 results.","उप-जिला नाम और समय अवधि आईडी 1 के लिए सिखों के स्वामित्व वाले प्रतिष्ठानों की कुल संख्या सूचीबद्ध करें, उप-जिला के अनुसार समूहीकृत और सबसे अधिक गणना के अनुसार क्रमबद्ध, केवल शीर्ष 5 परिणाम दिखाएँ।"
INDIA_IHDS_2005_HOUSEHOLD_SURVEY,Hindi,105fb1f7,0.7823783159255981,Provide the household asset index and social-religious category for households that are involved in business activity subtype 40 and currently have outstanding loans.,"इस क्वेरी का अनुवाद करें:
उन घरों के लिए घरेलू संपत्ति सूचकांक और सामाजिक-धार्मिक श्रेणी प्रदान करें जो व्यावसायिक गतिविधि उपप्रकार 40 में शामिल हैं और वर्तमान में उनके पास बकाया ऋण हैं।"
INDIA_ROAD_ACCIDENTS_DATASET_2001,Hindi,a914e6b9,0.7824342846870422,"List the light conditions and weather conditions along with the total number of casualties for each combination, where the total casualties exceed 2, and order the results from the highest number of casualties to the lowest.","प्रकाश की स्थितियों और मौसम की स्थितियों को कुल हताहतों की संख्या के साथ सूचीबद्ध करें, जहां कुल हताहत 2 से अधिक हों, और परिणामों को सर्वोच्च हताहतों की संख्या से सबसे कम तक क्रमबद्ध करें।"
INDIA_IHDS_2005_HOUSEHOLD_SURVEY,Bengali,bda085ac,0.7824440002441406,"Provide a list of household IDs for Muslim families that have a recorded asset index, ordered by their ID.","মুসলিম পরিবারগুলির জন্য একটি তালিকা প্রদান করুন যাদের রেকর্ডকৃত সম্পদ সূচক রয়েছে, তাদের আইডি অনুসারে সাজানো।"
INDIA_IHDS_2011_TRACKING_SURVEY,Telugu,22fdd09e,0.782466471195221,"List the district codes and the total count of household split numbers for households with a completion status of 'Moved out', grouped by their district code, and show only the top 5 districts with the highest counts.","పూర్తి చేసిన స్థితి 'Moved out' (తరలివెళ్లారు) అని ఉన్న గృహాల కోసం, జిల్లా కోడ్‌లు మరియు హౌస్‌హోల్డ్ స్ప్లిట్ నంబర్‌ల మొత్తం సంఖ్యను వాటి జిల్లా కోడ్ ఆధారంగా సమూహపరిచి (grouped) జాబితా చేయండి మరియు అత్యధిక సంఖ్య కలిగిన మొదటి 5 జిల్లాలను మాత్రమే చూపండి."
INDIA_Village_Amenities_Directory_2001,Telugu,6b0ee279,0.782586395740509,"List each district name and the total sum of registered private medical practitioners and community health workers, including only those districts where this combined total is greater than zero, and order the results from the highest to the lowest total sum.","ప్రతి జిల్లా పేరును మరియు నమోదిత ప్రైవేట్ వైద్యులు మరియు కమ్యూనిటీ హెల్త్ వర్కర్ల మొత్తం సంఖ్యను జాబితా చేయండి, ఈ మొత్తం సున్నా కంటే ఎక్కువగా ఉన్న జిల్లాలను మాత్రమే చేర్చండి మరియు ఫలితాలను అత్యధికం నుండి అత్యల్ప మొత్తానికి క్రమబద్ధీకరించండి."
INDIA_IHDS_2005_HOUSEHOLD_SURVEY,Telugu,8a7c69ea,0.7826014757156372,"Identify the IDs of all households with an asset index of 27, excluding any households where children have an unknown school enrollment status, and list them in ascending order.","ఈ ప్రశ్నను తెలుగులో అనువదించండి:
27 ఆస్తి సూచిక కలిగిన అన్ని గృహాల ID లను గుర్తించండి, ఇక్కడ పిల్లల పాఠశాల నమోదు స్థితి తెలియని ఏ గృహాలను మినహాయించండి, మరియు వాటిని ఆరోహణ క్రమంలో జాబితా చేయండి."
INDIA_IHDS_2005_HOUSEHOLD_SURVEY,Hindi,4ee96af4,0.7827177047729492,Identify all households that have at least one animal care worker and a social asset index of 27.,"इस क्वेरी का अनुवाद करें:
उन सभी घरों की पहचान करें जिनमें कम से कम एक पशु देखभाल कार्यकर्ता है और सामाजिक संपत्ति सूचकांक 27 है।"
INDIA_IHDS_2011_TRACKING_SURVEY,Hindi,081954f8,0.7827519178390503,"For each person ID, count the number of migrant IDs and display the person ID for those who were not married when they migrated, grouped and ordered by their person ID.","प्रत्येक व्यक्ति आईडी (person ID) के लिए, प्रवासी आईडी (migrant IDs) की संख्या गिनें और उन लोगों की व्यक्ति आईडी प्रदर्शित करें जो प्रवास के समय विवाहित नहीं थे, और इसे उनकी व्यक्ति आईडी द्वारा समूहित (grouped) और क्रमित (ordered) करें।"
INDIA_ROAD_ACCIDENTS_DATASET_2001,Bengali,ae17899a,0.7828705906867981,"For casualties classified as pedestrians, list each sex of casualty along with the average casualty severity, grouped by the sex of the casualty.","পথচারী হিসাবে শ্রেণীবদ্ধ আহতদের জন্য, আহতের প্রতিটি লিঙ্গের সাথে গড় আহত গুরুত্ব তালিকাভুক্ত করুন, আহতের লিঙ্গ অনুযায়ী গোষ্ঠীবদ্ধ।"
INDIA_HMIS_Sub_District_Report_Rural_Urban,Tamil,cc5153b4,0.7828736901283264,"Identify the sub-districts that reported at least one child over five years old receiving the second DPT booster in 2021, specifically across both rural and urban areas.","இந்த வினாவை மொழிபெயர்க்கவும்:
2021 ஆம் ஆண்டில், குறைந்தது ஒரு குழந்தைக்கு ஐந்து வயதுக்கு மேற்பட்ட குழந்தைகள் இரண்டாவது டிபிடி பூஸ்டர் பெற்றதாக அறிவிக்கப்பட்ட துணை மாவட்டங்களை அடையாளம் காணவும், குறிப்பாக கிராமப்புற மற்றும் நகர்ப்புற பகுதிகள் முழுவதும்."
INDIA_ROAD_ACCIDENTS_DATASET_2001,Telugu,b73a538f,0.782896876335144,"List each accident severity and the count of occurrences for that severity, specifically for drivers with 1-2 years of driving experience, where the average accident ID for the group is greater than 1, ordered by the accident severity.","1-2 సంవత్సరాల డ్రైవింగ్ అనుభవం ఉన్న డ్రైవర్‌ల కోసం ప్రతి ప్రమాద తీవ్రత మరియు ఆ తీవ్రత యొక్క సంభవాల సంఖ్యను జాబితా చేయండి, ఇక్కడ సమూహం యొక్క సగటు ప్రమాద ID 1 కంటే ఎక్కువ ఉంది, ప్రమాద తీవ్రత ద్వారా ఆర్డర్ చేయబడింది."
INDIA_IHDS_2011_TRACKING_SURVEY,Tamil,60c55872,0.7829328775405884,"List the household ID, the state code, and the district code for households where the new household split number is 1 and the completion status is 'Moved out'.","புதிய வீட்டுக் கிளை எண் (new household split number) 1 ஆகவும், நிறைவு நிலை (completion status) 'Moved out' என்றும் உள்ள வீடுகளின் வீட்டு அடையாள எண் (household ID), மாநிலக் குறியீடு (state code) மற்றும் மாவட்டக் குறியீட்டை (district code) பட்டியலிடவும்."
INDIA_IHDS_2005_INDIVIDUAL_SURVEY,Tamil,a7f924f8,0.7829648852348328,"Identify all urban districts where no household surveys were conducted via re-interviews, listed in alphabetical order.","அனைத்து நகர்புற மாவட்டங்களை அடையாளம் காணவும், அங்கு மீண்டும்-ஆய்வுகள் மூலம் எந்த வீட்டு கணக்கெடுப்புகள் நடத்தப்படவில்லை, அகரவரிசையில் பட்டியலிடப்பட்டுள்ளது."
INDIA_Economic_Census_Firms,Telugu,162deae6,0.783063530921936,"For the census year 2013, list the sub-district names and the names of the ULB, RLB, or villages where the total estimated manufacturing in the secondary sector is greater than 50, ordered from highest to lowest total estimated manufacturing.","2013 జనగణన సంవత్సరానికి, ద్వితీయ రంగంలో మొత్తం అంచనా వేసిన తయారీ 50 కంటే ఎక్కువగా ఉన్న ఉప-జిల్లా పేర్లు మరియు ULB, RLB లేదా గ్రామాల పేర్లను, అత్యధిక నుండి అత్యల్ప మొత్తం అంచనా వేసిన తయారీ క్రమంలో జాబితా చేయండి."
INDIA_ROAD_ACCIDENTS_DATASET_2001,Bengali,d6f75ea7,0.783164381980896,"List the casualty class and the average casualty severity for each casualty class, ordered by the average casualty severity in descending order, showing only the top 10 results.","প্রতিটি ক্ষতিগ্রস্ত শ্রেণীর জন্য ক্ষতিগ্রস্ত শ্রেণী এবং গড় ক্ষতিগ্রস্ত গুরুত্ব তালিকাভুক্ত করুন, গড় ক্ষতিগ্রস্ত গুরুত্ব অনুযায়ী অবরোহী ক্রমে সাজানো, শুধুমাত্র শীর্ষ ১০ ফলাফল দেখাচ্ছে।"
INDIA_ROAD_ACCIDENTS_DATASET_2001,Bengali,946fede9,0.7832413911819458,List the casualty IDs for all casualties classified as pedestrians where the casualty severity level is 2.,সমস্ত পথচারী হিসাবে শ্রেণীবদ্ধ ক্ষতিগ্রস্তদের জন্য ক্ষতিগ্রস্ত আইডি তালিকাভুক্ত করুন যেখানে ক্ষতিগ্রস্ত গুরুত্ব স্তর ২।
INDIA_NWMP_Water_Quality_Data,Telugu,eec9c8b0,0.7832483053207397,"List the station name and station code for water bodies categorized as 'TANK' where the maximum nitrate nitrogen level in milligrams per liter exceeds 12.4, ordered by that maximum value from highest to lowest.","నీటి సంస్థల కోసం స్టేషన్ పేరు మరియు స్టేషన్ కోడ్‌ను జాబితా చేయండి, ఇవి 'TANK' గా వర్గీకరించబడ్డాయి, ఇక్కడ నైట్రేట్ నైట్రోజన్ యొక్క గరిష్ట స్థాయి మిలిగ్రాములకు లీటరుకు 12.4 ను అధిగమించింది, ఆ గరిష్ట విలువ ద్వారా అత్యధికం నుండి అత్యల్పం వరకు ఆర్డర్ చేయబడింది."
INDIA_Village_Amenities_Directory_2001,Telugu,4d0b1163,0.7832511067390442,"List the sub-district names and their corresponding district names for the districts of 'North And Middle Andaman', 'West Godavari', and 'Nicobars', where the total number of ayurvedic dispensaries or the total number of homeopathic dispensaries is at least zero, ordered alphabetically by district name and then by sub-district name.","'North And Middle Andaman', 'West Godavari', మరియు 'Nicobars' జిల్లాలకు సంబంధించి, ఆయుర్వేద డిస్పెన్సరీల మొత్తం సంఖ్య లేదా హోమియోపతి డిస్పెన్సరీల మొత్తం సంఖ్య కనీసం సున్నా ఉన్న ఉప-జిల్లాల పేర్లు మరియు వాటి సంబంధిత జిల్లాల పేర్లను జాబితా చేయండి. వీటిని జిల్లా పేరు మరియు ఆ తర్వాత ఉప-జిల్లా పేరు ఆధారంగా అక్షర క్రమంలో అమర్చండి."
INDIA_IHDS_2011_TRACKING_SURVEY,Telugu,814109b2,0.7833186388015747,"List the education at migration codes and the total count of migrants for each code, specifically for those whose employment activity status is 'Salaried', grouped by their education code and ordered by the highest count first, showing only the top 5 results.","వలస విద్య కోడ్‌లను మరియు ప్రతి కోడ్‌కు సంబంధించిన మొత్తం వలసదారుల సంఖ్యను జాబితా చేయండి, ప్రత్యేకంగా ఉపాధి స్థితి 'జీతం (Salaried)' పొందుతున్న వారిని పరిగణనలోకి తీసుకోండి. వీటిని వారి విద్య కోడ్ ఆధారంగా సమూహపరిచి (grouped), అత్యధిక సంఖ్య ఉన్న వాటిని మొదటి వరుసలో వచ్చేలా క్రమబద్ధీకరించి (ordered), కేవలం మొదటి 5 ఫలితాలను మాత్రమే చూపండి."
INDIA_IHDS_2005_HOUSEHOLD_SURVEY,Hindi,571ef167,0.7834129929542542,Identify the codes for rural villages or neighborhoods that have both a school and a health facility available.,"इस क्वेरी का अनुवाद करें:
ग्रामीण गांवों या पड़ोसों के लिए कोड की पहचान करें जहां स्कूल और स्वास्थ्य सुविधा दोनों उपलब्ध हों।"
INDIA_HMIS_Sub_District_Report_Facility_wise,Hindi,d3a40dbb,0.7834154963493347,"Provide a breakdown by state and area type in India showing the total BCG vaccinations and average first dose of Pentavalent, focusing only on locations with multiple immunization records.","इस क्वेरी का अनुवाद करें:
भारत में राज्य और क्षेत्र प्रकार के अनुसार एक विवरण प्रदान करें जो कुल बीसीजी टीकाकरण और पेंटावैलेंट की औसत पहली खुराक दिखाए, केवल उन स्थानों पर ध्यान केंद्रित करें जहां कई टीकाकरण रिकॉर्ड हैं।"
INDIA_IHDS_2011_TRACKING_SURVEY,Hindi,b88e6e6c,0.7835291624069214,"List the geography IDs, grouped and ordered by geography ID, for households where either the completion status is 'Located' or the new household split number is greater than 1.","उन परिवारों के लिए भूगोल आईडी (geography IDs) की सूची बनाएं, जिन्हें भूगोल आईडी के अनुसार समूहित (grouped) और क्रमबद्ध (ordered) किया गया हो, जहाँ या तो पूर्णता की स्थिति (completion status) 'Located' है या नए परिवार के विभाजन की संख्या (household split number) 1 से अधिक है।"
INDIA_NWMP_Water_Quality_Data,Bengali,3edd657b,0.7835423946380615,"For stations located in the state with ID 1, what is the average maximum fecal streptococci MPN per 100ml and the corresponding type of water body, grouped by the water body type and ordered from highest to lowest average?","আইডি ১ সহ রাজ্যে অবস্থিত স্টেশনগুলির জন্য, প্রতি ১০০মিলিলিটারে গড় সর্বোচ্চ ফেকাল স্ট্রেপ্টোকোকাই এমপিএন এবং সংশ্লিষ্ট জলের শরীরের ধরন কী, জলের শরীরের ধরন অনুযায়ী গ্রুপ করা এবং সর্বোচ্চ থেকে সর্বনিম্ন গড় পর্যন্ত অর্ডার করা?"
INDIA_IHDS_2011_TRACKING_SURVEY,Telugu,e5fd94ac,0.7835613489151001,"List the household ID, the household number, and the same address indicator for all records where the new household split number is equal to 1.","కొత్త హౌస్‌హోల్డ్ స్ప్లిట్ నంబర్ (new household split number) 1 కి సమానంగా ఉన్న అన్ని రికార్డుల యొక్క హౌస్‌హోల్డ్ ఐడి (household ID), హౌస్‌హోల్డ్ నంబర్ (household number) మరియు సేమ్ అడ్రస్ ఇండికేటర్ (same address indicator)లను జాబితా చేయండి."
INDIA_IHDS_2011_TRACKING_SURVEY,Tamil,6d1011ff,0.7835880517959595,List the household number and the completion status for all records where the new household split number is equal to 1.,புதிய வீட்டுக் கிளை எண் (new household split number) 1-க்கு சமமாக உள்ள அனைத்துப் பதிவுகளின் வீட்டு எண் மற்றும் பூர்த்தி செய்யப்பட்ட நிலை (completion status) ஆகியவற்றைப் பட்டியலிடவும்.
INDIA_IHDS_2005_HOUSEHOLD_SURVEY,Hindi,fab98bd3,0.7837645411491394,"Provide a breakdown of households with outstanding loans involved in activity subtype 40, categorized by their asset index and caste-religion group.","इस क्वेरी का अनुवाद करें:
गतिविधि उपप्रकार 40 में शामिल बकाया ऋण वाले परिवारों का विवरण प्रदान करें, जो उनके संपत्ति सूचकांक और जाति-धर्म समूह के आधार पर वर्गीकृत हों।"
INDIA_NWMP_Water_Quality_Data,Telugu,b0475f67,0.7838467359542847,List the station codes for water bodies categorized as 'TANK' where the maximum nitrate N in milligrams per liter is greater than 18.6.,"నీటి సంస్థల కోసం స్టేషన్ కోడ్‌లను జాబితా చేయండి, ఇవి 'TANK' గా వర్గీకరించబడ్డాయి, ఇక్కడ నైట్రేట్ N యొక్క గరిష్ట విలువ మిలిగ్రాములు లీటరుకు 18.6 కంటే ఎక్కువ."
INDIA_IHDS_2011_TRACKING_SURVEY,Hindi,7d516496,0.7839004993438721,"List the district codes and the total count of household IDs for households where the new household split number is not zero, grouped by their district code and ordered by the count in descending order for the top 10 results.","उन जिला कोडों और घरेलू आईडी (household IDs) की कुल संख्या की सूची बनाएं जहाँ नया घरेलू विभाजन नंबर (household split number) शून्य नहीं है, उन्हें उनके जिला कोड के अनुसार समूहित (group) करें और शीर्ष 10 परिणामों के लिए संख्या के घटते क्रम में व्यवस्थित करें।"
INDIA_IHDS_2011_TRACKING_SURVEY,Telugu,6d1011ff,0.7839387655258179,List the household number and the completion status for all records where the new household split number is equal to 1.,కొత్త గృహ విభజన సంఖ్య (new household split number) 1 కి సమానంగా ఉన్న అన్ని రికార్డుల యొక్క గృహ సంఖ్య (household number) మరియు పూర్తి స్థితిని (completion status) జాబితా చేయండి.
INDIA_IHDS_2005_HOUSEHOLD_SURVEY,Bengali,76dd0073,0.7839851975440979,"Identify all households that are either identified as Christian or have a recorded Gauna date, sorted by their household ID.","এই প্রশ্নটি অনুবাদ করুন:
সব পরিবার চিহ্নিত করুন যারা হয় খ্রিস্টান হিসেবে চিহ্নিত অথবা যাদের গৌনা তারিখ নথিভুক্ত আছে, তাদের পরিবার আইডি অনুসারে সাজানো।"
INDIA_HMIS_Sub_District_Report_Facility_wise,Hindi,dd4cc6a3,0.784031867980957,"Provide a breakdown of total allopathic outpatient attendance for the year 2022, categorized by sub-district, state, and area type.","कृपया 2022 के वर्ष के लिए आउटपेशेंट आयुर्विज्ञान (अलोपैथिक) उपस्थिति का विवरण प्रदान करें, जिसमें उप-जिला, राज्य और क्षेत्र प्रकार के अनुसार वर्गीकरण किया गया हो।"
INDIA_IHDS_2005_INDIVIDUAL_SURVEY,Hindi,82cf1c2c,0.7841956615447998,Identify the IDs of individuals who have completed more than ten years of education but have never held a job.,"इस क्वेरी का अनुवाद करें:
उन व्यक्तियों के आईडी की पहचान करें जिन्होंने दस वर्ष से अधिक की शिक्षा पूरी की है लेकिन कभी नौकरी नहीं की है।"
INDIA_Economic_Census_Firms,Tamil,bd14e998,0.7842366099357605,"List the ULB RLB village names located in the state of 'Andhra Pradesh' and the district of 'Chittoor', grouped and ordered alphabetically by the village name.","'ஆந்திரப் பிரதேசம்' மாநிலத்தில் 'சித்தூர்' மாவட்டத்தில் அமைந்துள்ள நகராட்சி ஊராட்சி கிராமப் பெயர்களை, கிராமப் பெயரின் அடிப்படையில் அகர வரிசைப்படி குழுவாக்கி வரிசைப்படுத்தப்பட்டது."
INDIA_IHDS_2011_TRACKING_SURVEY,Hindi,f3127d47,0.7843037247657776,"List the geography IDs, ordered ascending by geography ID, for households where either the completion status is 'Located' or the household split number is 1, grouped by their geography ID.","उन परिवारों के लिए भूगोल आईडी (geography IDs) की सूची बनाएं, जहाँ या तो पूर्णता की स्थिति (completion status) 'Located' है या परिवार विभाजन संख्या (household split number) 1 है, इन्हें उनकी भूगोल आईडी द्वारा समूहित (grouped) करें और भूगोल आईडी के बढ़ते क्रम में व्यवस्थित करें।"
INDIA_IHDS_2011_TRACKING_SURVEY,Telugu,0f09d5f2,0.7846462726593018,"List the person IDs for migrants who were married at the time of migration and whose activity status is currently salaried, grouped and ordered by their person ID.","వలస వెళ్ళే సమయంలో వివాహం అయ్యి, ప్రస్తుతం జీతం పొందే స్థితిలో ఉన్న వలసదారుల యొక్క పర్సన్ ఐడి (person ID) లను జాబితా చేయండి, వీటిని వారి పర్సన్ ఐడి ద్వారా సమూహపరిచి (grouped) మరియు క్రమబద్ధీకరించండి (ordered)."
INDIA_NWMP_Water_Quality_Data,Telugu,0937c612,0.7846484184265137,List the station name and the station code for all stations where the type of water body is 'TANK' or the state is 'Bihar'.,"అన్ని స్టేషన్‌ల కోసం స్టేషన్ పేరు మరియు స్టేషన్ కోడ్‌ను జాబితా చేయండి, ఇక్కడ నీటి సంస్థ యొక్క రకం 'TANK' లేదా రాష్ట్రం 'బిహార్'."
INDIA_HMIS_Sub_District_Report_Facility_wise,Hindi,2c355a90,0.7847856283187866,List the top five sub-districts in the Andaman and Nicobar Islands with the highest total number of first-dose Vitamin A administrations recorded in 2021.,"इस प्रश्न का अनुवाद करें:
अंडमान और निकोबार द्वीप समूह के शीर्ष पांच उप-जिलों की सूची बनाएं जहां 2021 में विटामिन ए की पहली खुराक का कुल सबसे अधिक प्रशासन दर्ज किया गया था।"
INDIA_IHDS_2011_TRACKING_SURVEY,Hindi,8c191850,0.7852012515068054,"Show all columns from the household core facts and the geography hierarchy for records where the new household split number is 1, and sort the results by state code and then by district code.","उन रिकॉर्ड्स के लिए 'household core facts' और 'geography hierarchy' के सभी कॉलम दिखाएं जहां 'new household split number' 1 है, और परिणामों को पहले 'state code' और फिर 'district code' के अनुसार क्रमबद्ध (sort) करें।"
INDIA_NWMP_Water_Quality_Data,Telugu,7f028048,0.7853282690048218,"List the station name, the station code, and the type of water body for all stations where the water body type is 'TANK' or the state is 'Bihar', grouped by these three attributes and ordered by the station code in ascending order.","స్టేషన్ పేరు, స్టేషన్ కోడ్ మరియు జల సంస్థ రకాన్ని జల సంస్థ రకం 'TANK' లేదా రాష్ట్రం 'బిహార్' అయిన అన్ని స్టేషన్‌ల కోసం జాబితా చేయండి, ఈ మూడు లక్షణాల ద్వారా సమూహీకరించండి మరియు స్టేషన్ కోడ్ ఆధారంగా ఆరోహణ క్రమంలో ఆర్డర్ చేయండి."
INDIA_IHDS_2011_TRACKING_SURVEY,Tamil,8ef9221e,0.7855449914932251,"List the PSU codes from the geography hierarchy for households in the state of 'Rajasthan' where the completion status is 'Located', grouped by their PSU code, such that the total sum of their household split numbers is exactly zero, and order the results by PSU code in ascending order.","'ராஜஸ்தான்' (Rajasthan) மாநிலத்தில், நிறைவு நிலை 'Located' என்று இருக்கும் வீடுகளுக்கான புவியியல் படிநிலையிலிருந்து (geography hierarchy) PSU குறியீடுகளைப் பட்டியலிடவும்; அவற்றை PSU குறியீட்டின்படி குழுவாக்கி, அவற்றின் வீட்டுப் பிரிவு எண்களின் (household split numbers) மொத்தக் கூடுதல் சரியாக பூஜ்ஜியமாக இருக்குமாறு அமைத்து, முடிவுகளை PSU குறியீட்டின் ஏறுவரிசையில் வரிசைப்படுத்தவும்."
INDIA_HMIS_Sub_District_Report_Rural_Urban,Hindi,aab4d36f,0.7856572866439819,Identify the top 5 rural sub-districts with the highest total allopathic outpatient attendance for the year 2021.,"इस प्रश्न का अनुवाद करें:
वर्ष 2021 के लिए कुल एलोपैथिक आउटपेशेंट उपस्थिति में सर्वोच्च 5 ग्रामीण उप-जिलों की पहचान करें।"
INDIA_HMIS_Sub_District_Report_Facility_wise,Telugu,8f9d1458,0.7858734130859375,"Provide a breakdown of total allopathic outpatient attendance and BCG vaccinations for each urban sub-district, sorted by the highest attendance volume.","మొత్తం అలోపతి బయటి రోగుల హాజరు మరియు BCG టీకాల వివరణను ప్రతి పట్టణ ఉప-జిల్లాకు అందించండి, అత్యధిక హాజరు పరిమాణం ప్రకారం క్రమబద్ధీకరించబడింది."
INDIA_IHDS_2011_TRACKING_SURVEY,Telugu,74e37e65,0.7859481573104858,"List the household ID, the household number, and the state code for all households where the household split number is not zero, ensuring that each group has at least one household status ID record, and order the results by the household ID in ascending order.","హౌస్‌హోల్డ్ స్ప్లిట్ నంబర్ సున్నా కాని అన్ని గృహాలకు సంబంధించి హౌస్‌హోల్డ్ ఐడి (household ID), హౌస్‌హోల్డ్ నంబర్ మరియు స్టేట్ కోడ్‌లను జాబితా చేయండి, ప్రతి సమూహానికి కనీసం ఒక హౌస్‌హోల్డ్ స్టేటస్ ఐడి రికార్డు ఉండేలా చూసుకోండి మరియు ఫలితాలను హౌస్‌హోల్డ్ ఐడి ఆధారంగా ఆరోహణ క్రమంలో అమర్చండి."
INDIA_NWMP_Water_Quality_Data,Bengali,9f94f3c2,0.7859601974487305,"List the station name and station code for all stations where the water body type is 'LAKE' or the state is 'Assam', grouped by their station name and station code, and ordered by the station code in ascending order.","সমস্ত স্টেশনের জন্য স্টেশনের নাম এবং স্টেশন কোড তালিকাভুক্ত করুন যেখানে জলের শরীরের ধরন 'LAKE' বা রাজ্য 'Assam', তাদের স্টেশনের নাম এবং স্টেশন কোড দ্বারা গ্রুপ করা হয়েছে, এবং স্টেশন কোড দ্বারা ঊর্ধ্বক্রমে অর্ডার করা হয়েছে।"
INDIA_IHDS_2011_TRACKING_SURVEY,Tamil,0a303459,0.7861282825469971,"List the top 10 district codes, ordered by the highest count of household split numbers, specifically for districts that have at least one household split number recorded.","குறைந்தது ஒரு வீட்டுக் கிளை எண் (household split number) பதிவாகியுள்ள மாவட்டங்களில், அதிகப்படியான வீட்டுக் கிளை எண்களைக் கொண்ட முதல் 10 மாவட்டக் குறியீடுகளைப் பட்டியலிடவும்."
INDIA_ROAD_ACCIDENTS_DATASET_2001,Bengali,5b96834d,0.7861781120300293,"List the accident IDs for all accidents where the number of casualties is greater than 2 and the light conditions are 'Darkness - no lighting', sorted by the number of casualties in descending order.","দুর্ঘটনার আইডি তালিকা করুন যেখানে হতাহতের সংখ্যা ২ এর চেয়ে বেশি এবং আলোর অবস্থা 'অন্ধকার - কোনো আলো নেই', হতাহতের সংখ্যা অনুযায়ী অবরোহী ক্রমে সাজানো।"
INDIA_Village_Amenities_Directory_2001,Tamil,a82a4daf,0.7861804366111755,"For sub-districts where the rural scheduled castes population is 0.000, list each sub-district name and the total sum of their rural scheduled tribes population, provided that this sum is greater than 20, and sort the results alphabetically by the sub-district name.","கிராமப்புற ஆதிதிராவிடர் (Scheduled Castes) மக்கள் தொகை 0.000 ஆக உள்ள துணை மாவட்டங்களுக்கு, ஒவ்வொரு துணை மாவட்டத்தின் பெயரையும் மற்றும் அவற்றின் மொத்த கிராமப்புற பழங்குடியினர் (Scheduled Tribes) மக்கள் தொகையையும் பட்டியலிடவும்; இந்தத் தொகை 20-க்கும் அதிகமாக இருக்க வேண்டும், மேலும் முடிவுகளை துணை மாவட்டப் பெயரின் அகரவரிசைப்படி வரிசைப்படுத்தவும்."
INDIA_Village_Amenities_Directory_2001,Telugu,fe2add0d,0.7862481474876404,"List the district names, the total rural population, and the total scheduled tribes rural population for the districts of 'North And Middle Andaman', 'West Godavari', and 'Nicobars', grouped by district name and ordered by the total rural population in descending order.","'North And Middle Andaman', 'West Godavari', మరియు 'Nicobars' జిల్లాలకు సంబంధించిన జిల్లా పేర్లు, మొత్తం గ్రామీణ జనాభా మరియు మొత్తం షెడ్యూల్డ్ తెగల గ్రామీణ జనాభాను జాబితా చేయండి, వీటిని జిల్లా పేరు ఆధారంగా సమూహపరిచి (grouped by), మొత్తం గ్రామీణ జనాభా ఆధారంగా అవరోహణ క్రమంలో (descending order) అమర్చండి."
INDIA_IHDS_2011_TRACKING_SURVEY,Telugu,c732f739,0.7864474654197693,"For each activity status, list the activity status and the total count of migrant IDs for those with a 'Salaried' status, provided that the count is at least 1, and order the results by the activity status.","ప్రతి యాక్టివిటీ స్టేటస్ (activity status) కోసం, ఆ స్టేటస్ మరియు 'Salaried' హోదా కలిగిన మైగ్రెంట్ ఐడిల (migrant IDs) మొత్తం సంఖ్యను జాబితా చేయండి. ఈ సంఖ్య కనీసం 1 ఉండాలి మరియు ఫలితాలను యాక్టివిటీ స్టేటస్ ఆధారంగా క్రమబద్ధీకరించండి (order by)."
INDIA_HMIS_Sub_District_Report_Facility_wise,Bengali,00c83cbc,0.7865035533905029,Provide the total allopathic outpatient attendance for each district and area type recorded during the year 2022.,২০২২ সালে রেকর্ড করা প্রতিটি জেলা এবং এলাকা প্রকারের জন্য মোট অ্যালোপ্যাথিক বহির্বিভাগীয় উপস্থিতি প্রদান করুন।
INDIA_HMIS_Sub_District_Report_Facility_wise,Hindi,67f309d2,0.7865839600563049,"Identify the rural sub-districts that have either recorded more than 5,000 allopathic outpatient visits or administered over 1,000 BCG vaccines.","इस क्वेरी का अनुवाद करें:
उन ग्रामीण उप-जिलों की पहचान करें जिन्होंने या तो 5,000 से अधिक एलोपैथिक आउटपेशेंट दौरे दर्ज किए हैं या 1,000 से अधिक बीसीजी टीके लगाए हैं।"
INDIA_ICRISAT_District_Level_Agricultural_Data,Hindi,b4ad1d2f,0.7870117425918579,"Provide a list of states and districts that had active sunflower production, ordered by the most recent year.","इस क्वेरी का अनुवाद करें:
सूरजमुखी उत्पादन वाले राज्यों और जिलों की सूची प्रदान करें, जो सबसे हाल के वर्ष के अनुसार क्रमबद्ध हों।"
INDIA_ROAD_ACCIDENTS_DATASET_2001,Telugu,046b8b21,0.7870897054672241,"List the top 5 age bands of drivers and casualty severities that have the highest average number of casualties, showing the age band, the average number of casualties, and the casualty severity for each group.","డ్రైవర్ల యొక్క టాప్ 5 వయస్సు బ్యాండ్‌లు మరియు సర్వోచ్చ సగటు ప్రమాదాల సంఖ్యను కలిగి ఉన్న ప్రమాద తీవ్రతలను జాబితా చేయండి, ప్రతి గ్రూప్‌కు వయస్సు బ్యాండ్, సగటు ప్రమాదాల సంఖ్య మరియు ప్రమాద తీవ్రతను చూపుతూ."
INDIA_HMIS_Sub_District_Report_Facility_wise,Tamil,7e253f1f,0.7871333360671997,"Provide the 2021 program management details, including immunization sessions and condom distribution, for sub-districts in the Andaman and Nicobar Islands, categorized by area type.","2021 ஆம் ஆண்டுக்கான திட்ட மேலாண்மை விவரங்களை வழங்கவும், அந்தமான் மற்றும் நிக்கோபார் தீவுகளில் உள்ள துணை மாவட்டங்களுக்கான தடுப்பூசி அமர்வுகள் மற்றும் காந்தோன் விநியோகம் ஆகியவை உட்பட, பகுதி வகைப்படுத்தப்பட்டு."
INDIA_NWMP_Water_Quality_Data,Bengali,ab75799c,0.7872867584228516,"List the station name and station code for all stations, grouped by their name and code and ordered by station code, where either the water body type is 'TANK' or the state is 'Bihar'.","সমস্ত স্টেশনের জন্য স্টেশনের নাম এবং স্টেশন কোড তালিকাভুক্ত করুন, তাদের নাম এবং কোড দ্বারা গ্রুপ করা এবং স্টেশন কোড দ্বারা অর্ডার করা, যেখানে জল সংস্থার ধরন 'TANK' বা রাজ্য 'Bihar' হয়।"
INDIA_Village_Amenities_Directory_2001,Tamil,48ea1e32,0.787291407585144,List the sub-district names located in the district with ID 1 where the total sum of agricultural credit societies is equal to 0.000.,"மாவட்ட ஐடி (ID) 1-ல் உள்ள, விவசாயக் கடன் சங்கங்களின் மொத்தக் கூடுதல் 0.000-க்கு சமமாக இருக்கும் துணை மாவட்டப் பெயர்களைப் பட்டியலிடுங்கள்."
INDIA_HMIS_Sub_District_Report_Facility_wise,Hindi,1421ebed,0.7873147130012512,"Rank the urban sub-districts by their total allopathic outpatient attendance for the year 2022, starting with the highest.","इस प्रश्न का अनुवाद करें:
शहरी उप-जिलों को वर्ष 2022 के लिए उनकी कुल एलोपैथिक आउटपेशेंट उपस्थिति के आधार पर रैंक करें, सबसे उच्चतम से शुरू करते हुए।"
INDIA_PRIMARY_POPULATION_CENSUS_1991,Telugu,4f5a5f50,0.7873172760009766,"For the census year 1991 in the state of 'Andaman And Nicobar Islands', list the districts and the total number of male main workers who are cultivators, specifically for districts where this sum is greater than zero, and display the top 10 districts sorted by the total number of male main workers who are cultivators in descending order.","1991 సంవత్సరపు జనాభా లెక్కల ప్రకారం, 'అండమాన్ మరియు నికోబార్ దీవులు' రాష్ట్రంలో, వ్యవసాయదారులైన పురుష ప్రధాన కార్మికుల మొత్తం సంఖ్య సున్నా కంటే ఎక్కువగా ఉన్న జిల్లాలను మాత్రమే జాబితా చేసి, వాటిలో ఈ మొత్తం సంఖ్య ఆధారంగా అత్యధికంగా ఉన్న మొదటి 10 జిల్లాలను అవరోహణ క్రమంలో ప్రదర్శించండి."
INDIA_Economic_Census_Firms,Telugu,a80ce3c9,0.7873355150222778,"For the census year 2013, list the sub-district names and the ULB/RLB village names for locations where the estimated ownership by Sikhs is greater than or equal to 0.000, ordered alphabetically by the sub-district name.","2013 జనగణన సంవత్సరానికి, సిక్కుల అంచనా యాజమాన్యం 0.000 కంటే ఎక్కువ లేదా సమానంగా ఉన్న ప్రాంతాల కోసం, ఉప-జిల్లా పేర్లు మరియు ULB/RLB గ్రామాల పేర్లను, ఉప-జిల్లా పేరు ప్రకారం అక్షర క్రమంలో జాబితా చేయండి."
INDIA_HMIS_Sub_District_Report_Facility_wise,Telugu,051a20fa,0.7874532341957092,Which sub-districts reported instances of pregnant women with hemoglobin levels below 11 while also utilizing pregnancy test kits during 2022?,2022లో హిమోగ్లోబిన్ స్థాయి 11 కంటే తక్కువ ఉన్న గర్భిణీ మహిళలు మరియు గర్భధారణ పరీక్ష కిట్లను ఉపయోగించిన ఉపజిల్లాలు ఏవి?
INDIA_IHDS_2005_INDIVIDUAL_SURVEY,Tamil,c60fb866,0.7874584197998047,Identify all districts that either are classified as urban areas or have conducted household re-interviews.,"அனைத்து மாவட்டங்களையும் அடையாளம் காணவும், அவை நகர்ப்புற பகுதிகளாக வகைப்படுத்தப்பட்டவை அல்லது வீட்டு மறு-நேர்காணல்களை நடத்தியவை."
INDIA_NWMP_Water_Quality_Data,Telugu,b27e0c24,0.7875145077705383,"For the year 2023, list each type of water body along with the maximum temperature in Celsius recorded for that type, sorted from highest to lowest maximum temperature.","2023 సంవత్సరానికి, ప్రతి రకమైన జల సంస్థను దాని రకానికి నమోదు చేయబడిన గరిష్ట ఉష్ణోగ్రత సెల్సియస్‌లో జాబితా చేయండి, గరిష్ట ఉష్ణోగ్రత ఆధారంగా అత్యధికం నుండి అత్యల్పం వరకు క్రమబద్ధీకరించండి."
INDIA_HMIS_Sub_District_Report_Rural_Urban,Bengali,26170385,0.7875836491584778,Provide the annual total for allopathic outpatient attendance across all recorded years.,প্রদত্ত সব রেকর্ডকৃত বছরের জন্য অ্যালোপ্যাথিক বহির্বিভাগীয় উপস্থিতির বার্ষিক মোট সংখ্যা প্রদান করুন।
INDIA_NWMP_Water_Quality_Data,Hindi,af925f92,0.7876065373420715,"For the year 2021, list the station name, the type of water body, and the maximum nitrate N mg per L recorded, ensuring that only records with a non-null maximum nitrate value are included, and order the results by the maximum nitrate value in descending order.","वर्ष 2021 के लिए, स्टेशन का नाम, जल निकाय का प्रकार, और अधिकतम नाइट्रेट N mg प्रति L दर्ज किया गया, यह सुनिश्चित करते हुए कि केवल गैर-शून्य अधिकतम नाइट्रेट मान वाले रिकॉर्ड शामिल हैं, और परिणामों को अधिकतम नाइट्रेट मान के अनुसार अवरोही क्रम में क्रमबद्ध करें।"
INDIA_PRIMARY_POPULATION_CENSUS_1991,Tamil,14459121,0.7877190113067627,"For the country of India and the census year 1991, list the districts and their calculated household density—defined as the sum of the number of households divided by the total population—for the top 10 districts with a total population greater than zero, ordered by density from highest to lowest.","இந்தியா நாட்டிற்கும் 1991 ஆம் ஆண்டு மக்கள் தொகை கணக்கெடுப்பிற்கும், மொத்த மக்கள் தொகை பூஜ்யத்தை விட அதிகமாக உள்ள மாவட்டங்களில், கணக்கிடப்பட்ட வீட்டு அடர்த்தி (மொத்த வீடுகளின் எண்ணிக்கையை மொத்த மக்கள் தொகையால் வகுத்து கணக்கிடப்பட்டது) அடிப்படையில் அதிகபட்சம் முதல் குறைந்தபட்சம் வரை வரிசைப்படுத்தப்பட்ட முதல் 10 மாவட்டங்களையும் அவற்றின் கணக்கிடப்பட்ட வீட்டு அடர்த்தியையும் பட்டியலிடுக."
INDIA_ICRISAT_District_Level_Agricultural_Data,Tamil,3c83f6eb,0.7878574132919312,Identify the districts that reported sunflower production in 1970 but did not have any land area dedicated to sunflower cultivation back in 1966.,"1970-ல் சூரியகாந்தி உற்பத்தி பதிவான மாவட்டங்களை அடையாளம் காணவும், ஆனால் 1966-ல் சூரியகாந்தி சாகுபடிக்கு அர்ப்பணிக்கப்பட்ட நிலப்பரப்பு எதுவும் இல்லாத மாவட்டங்கள்."
INDIA_HMIS_Sub_District_Report_Rural_Urban,Hindi,25898ee1,0.7879992723464966,"Rank the rural sub-districts by their total Vitamin A first dose counts for 2021, also showing the average number of first Rotavirus vaccinations for each.","इस क्वेरी का अनुवाद करें:
2021 के लिए कुल विटामिन ए पहली खुराक गणना के आधार पर ग्रामीण उप-जिलों को रैंक करें, साथ ही प्रत्येक के लिए पहले रोटावायरस टीकाकरण की औसत संख्या भी दिखाएं।"
INDIA_Village_Amenities_Directory_2001,Telugu,70932f22,0.7883734703063965,"List the district name and sub-district name, along with the total number of ayurvedic dispensaries and the total number of allopathic hospitals for each sub-district, filtering for those that have more than zero homeopathic dispensaries, and order the results by district name.","ప్రతి ఉప-జిల్లాకు సంబంధించిన జిల్లా పేరు మరియు ఉప-జిల్లా పేరుతో పాటు, మొత్తం ఆయుర్వేద డిస్పెన్సరీల సంఖ్యను మరియు మొత్తం అల్లోపతి ఆసుపత్రుల సంఖ్యను జాబితా చేయండి; వీటిలో సున్నా కంటే ఎక్కువ హోమియోపతి డిస్పెన్సరీలు ఉన్న వాటిని మాత్రమే వడపోత (filter) చేసి, ఫలితాలను జిల్లా పేరు ఆధారంగా క్రమబద్ధీకరించండి."
INDIA_HMIS_Sub_District_Report_Facility_wise,Hindi,1d35667b,0.7886560559272766,"Identify the rural sub-districts in India that recorded at least one instance of women receiving four or more antenatal care checkups during the year 2021, listed alphabetically.","इस प्रश्न का अनुवाद करें:
भारत के उन ग्रामीण उप-जिलों की पहचान करें जिन्होंने वर्ष 2021 के दौरान महिलाओं को चार या अधिक प्रसवपूर्व देखभाल जांच प्राप्त करने के कम से कम एक उदाहरण दर्ज किया है, वर्णानुक्रम में सूचीबद्ध किया गया है।"
INDIA_HMIS_Sub_District_Report_Facility_wise,Hindi,f74dc055,0.7886655330657959,Identify the sub-districts that conducted immunization sessions in 2020 but did not distribute any combined oral pill cycles.,"इस क्वेरी का अनुवाद करें:
उन उप-जिलों की पहचान करें जिन्होंने 2020 में टीकाकरण सत्र आयोजित किए लेकिन किसी भी संयुक्त मौखिक गोली चक्र का वितरण नहीं किया।"
INDIA_NWMP_Water_Quality_Data,Bengali,ce1fb70a,0.7887468338012695,"List the station name and the station code for the first ten stations located in the country with ID 1, ordered by the type of water body.","প্রথম দশটি স্টেশনের জন্য স্টেশনের নাম এবং স্টেশন কোড তালিকাভুক্ত করুন যা আইডি ১ সহ দেশে অবস্থিত, জল সংস্থার ধরন অনুযায়ী অর্ডার করা হয়েছে।"
INDIA_HMIS_Sub_District_Report_Facility_wise,Hindi,6670cfc6,0.7889592051506042,Provide a sub-district breakdown of total BCG and OPV birth dose vaccinations administered across rural areas of the Andaman and Nicobar Islands.,अंडमान और निकोबार द्वीप समूह के ग्रामीण क्षेत्रों में प्रशासित कुल बीसीजी और ओपीवी जन्म डोस टीकाकरण की उप-जिला विवरण प्रदान करें।
INDIA_HMIS_Sub_District_Report_Facility_wise,Telugu,d3a40dbb,0.7892570495605469,"Provide a breakdown by state and area type in India showing the total BCG vaccinations and average first dose of Pentavalent, focusing only on locations with multiple immunization records.","ఈ ప్రశ్నను తెలుగులో అనువదించంగా:
భారతదేశంలో రాష్ట్రం మరియు ప్రాంతం రకం ప్రకారం విభజనను అందించండి, ఇది మొత్తం BCG టీకాలు మరియు పెంటావాలెంట్ మొదటి డోస్ సగటును చూపుతుంది, మరియు కేవలం బహుళ టీకా రికార్డులు ఉన్న స్థానాలపై దృష్టి పెట్టండి."
INDIA_PRIMARY_POPULATION_CENSUS_1991,Tamil,536e47ae,0.789352536201477,"List the location names, ordered alphabetically, for areas where the census year is 1991 for both housing and population records, specifically filtering for locations that have a total number of households greater than zero and where the combined sum of the male and female scheduled tribe population is exactly zero.","1991 ஆம் ஆண்டிற்கான வீட்டுவசதி மற்றும் மக்கள்தொகை பதிவுகள் இரண்டிலும் உள்ள பகுதிகளுக்கான இருப்பிட பெயர்களை அகரவரிசைப்படி பட்டியலிடுக, குறிப்பாக மொத்த வீட்டு எண்ணிக்கை பூஜ்யத்தை விட அதிகமாக உள்ள மற்றும் ஆண் மற்றும் பெண் பட்டியல் பழங்குடியினர் மக்கள்தொகையின் கூட்டுத்தொகை சரியாக பூஜ்யமாக உள்ள இருப்பிடங்களை வடிகட்டுக."
INDIA_NWMP_Water_Quality_Data,Telugu,029bf7f0,0.7894243597984314,"List the station name and station code for stations located in the country of India, grouped by their station name, station code, and type of water body, ensuring each group has at least one station ID, and order the results by the type of water body in ascending order for the first 10 records.","భారతదేశంలో ఉన్న స্టేషన్‌ల కోసం స్టేషన్ పేరు మరియు స్టేషన్ కోడ్‌ను జాబితా చేయండి, వాటిని స్టేషన్ పేరు, స్టేషన్ కోడ్ మరియు జల సంస్థ రకం ద్వారా సమూహపరచండి, ప్రతి సమూహానికి కనీసం ఒక స్టేషన్ ID ఉందని నిশ్చితం చేయండి, మరియు ఫలితాలను జల సంస్థ రకం ద్వారా ఆరోహణ క্రమంలో ఆదేశించండి మొదటి 10 రికార్డ్‌ల కోసం."
INDIA_ROAD_ACCIDENTS_DATASET_2001,Hindi,71d5f8f4,0.7894344925880432,"List the distinct light conditions for accidents where the number of casualties is greater than two and the day of the week is not Sunday, ordered alphabetically by the light conditions.","विभिन्न प्रकाश स्थितियों की सूची दिखाएं जहां हताहतों की संख्या दो से अधिक है और सप्ताह का दिन रविवार नहीं है, प्रकाश स्थितियों के अनुसार वर्णक्रम में क्रमबद्ध।"
INDIA_IHDS_2011_TRACKING_SURVEY,Tamil,76f2400a,0.7894550561904907,"List the district codes for the state of Rajasthan, grouped by district code, where the count of new household split numbers is greater than one, ordered by this count in descending order, and limited to the top 10 results.","ராஜஸ்தான் மாநிலத்திற்கான மாவட்டக் குறியீடுகளைப் பட்டியலிடவும், மாவட்டக் குறியீட்டின் அடிப்படையில் குழுவாக்கப்பட்டு, புதிய வீட்டுக் கிளை எண்களின் (household split numbers) எண்ணிக்கை ஒன்றுக்கு மேல் இருக்க வேண்டும், இந்த எண்ணிக்கையின் அடிப்படையில் இறங்கு வரிசையில் வரிசைப்படுத்தப்பட்டு, முதல் 10 முடிவுகளுக்கு மட்டும் வரம்பிடப்பட வேண்டும்."
INDIA_HMIS_Sub_District_Report_Facility_wise,Hindi,2db92e12,0.7894639372825623,"Rank the urban sub-districts by their total allopathic outpatient attendance for the year 2022, from highest to lowest.",2022 में शहरी उप-मंडलों को उनके कुल आयुर्विज्ञानी आउटपेशन्ट आवक के आधार पर उच्चतम से निम्नतम क्रम में व्यवस्थित करें।
INDIA_IHDS_2011_TRACKING_SURVEY,Tamil,b88e6e6c,0.7894970178604126,"List the geography IDs, grouped and ordered by geography ID, for households where either the completion status is 'Located' or the new household split number is greater than 1.","பூர்த்தி செய்யப்பட்ட நிலை 'Located' ஆக இருக்கும் அல்லது புதிய குடும்பப் பிரிவு எண் (new household split number) 1-ஐ விட அதிகமாக இருக்கும் குடும்பங்களுக்கான புவியியல் அடையாளங்களை (geography IDs), குழுவாகவும் வரிசைப்படுத்தியும் பட்டியலிடவும்."
INDIA_PRIMARY_POPULATION_CENSUS_1991,Telugu,536e47ae,0.7896320223808289,"List the location names, ordered alphabetically, for areas where the census year is 1991 for both housing and population records, specifically filtering for locations that have a total number of households greater than zero and where the combined sum of the male and female scheduled tribe population is exactly zero.","1991 సంవత్సరం గృహ మరియు జనాభా రికార్డుల రెండింటికీ సెన్సస్ సంవత్సరంగా ఉన్న ప్రాంతాల కోసం, మొత్తం గృహాల సంఖ్య సున్నా కంటే ఎక్కువగా ఉన్న మరియు పురుష మరియు స్త్రీ షెడ్యూల్డ్ తెగ జనాభా కలిపిన మొత్తం సరిగ్గా సున్నా అయిన ప్రదేశాలను ప్రత్యేకంగా ఫిల్టర్ చేస్తూ, స్థానాల పేర్లను అక్షర క్రమంలో జాబితా చేయండి."
INDIA_IHDS_2005_HOUSEHOLD_SURVEY,Hindi,f2b3ef63,0.7896347045898438,"Provide the household IDs and total outstanding loan amounts for all OBC households, ordered from highest to lowest asset index.","इस क्वेरी का अनुवाद करें:
सभी ओबीसी परिवारों के लिए घरेलू आईडी और कुल बकाया ऋण राशि प्रदान करें, जो उच्चतम से निम्नतम संपत्ति सूचकांक के क्रम में हों।"
INDIA_IHDS_2005_HOUSEHOLD_SURVEY,Telugu,a1d8e0fc,0.7898216247558594,"Provide the asset index and secondary social network contact types for households from the OBC category that have recorded utility consumption, sorted by their wealth status.","ఈ ప్రశ్నను తెలుగులో అనువదించండి:
యుటిలిటీ వినియోగాన్ని నమోదు చేసిన గృహాల కోసం వారి సంపద స్థితి ప్రకారం క్రమబద్ధీకరించబడిన ఆస్తి సూచిక మరియు ద్వితీయ సామాజిక నెట్వర్క్ సంప్రదింపు రకాలను అందించండి."
INDIA_IHDS_2005_INDIVIDUAL_SURVEY,Telugu,5b7317fa,0.7899643778800964,Identify the IDs of individuals who have completed more than ten years of education but have never held a job.,"ఈ ప్రశ్నను తెలుగులో అనువదించండి:
పది సంవత్సరాల కంటే ఎక్కువ విద్యను పూర్తి చేసిన వ్యక్తుల ID లను గుర్తించండి, కానీ ఎప్పుడూ ఉద్యోగం చేయని వారిని."
INDIA_IHDS_2011_TRACKING_SURVEY,Hindi,6d1011ff,0.7900382876396179,List the household number and the completion status for all records where the new household split number is equal to 1.,उन सभी रिकॉर्डों के लिए घरेलू संख्या (household number) और पूर्णता की स्थिति (completion status) की सूची बनाएं जहाँ नए घरेलू विभाजन की संख्या (new household split number) 1 के बराबर है।
INDIA_NWMP_Water_Quality_Data,Telugu,a4e249f4,0.7900387644767761,"List the station names located in the state of 'Assam' where the maximum recorded fecal streptococci MPN per 100ml is greater than 1, and order the results by this maximum value in descending order.","అస్సాం రాష్ట్రంలో ఉన్న స్టేషన్ పేర్లను జాబితా చేయండి, ఇక్కడ గరిష్ట నమోదు చేసిన ఫెకల్ స్ట్రెప్టోకోకై MPN 100mlకు 1 కంటే ఎక్కువ ఉంది, మరియు ఫలితాలను ఈ గరిష్ట విలువ ద్వారా అవరోహణ క్రమంలో ఆర్డర్ చేయండి."
INDIA_ICRISAT_District_Level_Agricultural_Data,Hindi,2c32040a,0.7901769280433655,"Provide a district-wise breakdown of the total area and production of pearl millet in Chhattisgarh for the year 1970, ranked by production volume.","इस प्रश्न का अनुवाद करें:
वर्ष 1970 के लिए छत्तीसगढ़ में बाजरे के कुल क्षेत्रफल और उत्पादन का जिलावार विवरण प्रदान करें, उत्पादन मात्रा के अनुसार क्रमबद्ध।"
INDIA_HMIS_Sub_District_Report_Rural_Urban,Bengali,0a861189,0.7902209162712097,"Rank the sub-districts and their area types by the total number of allopathic outpatient visits recorded throughout 2021, starting with the highest attendance.","এই প্রশ্নটি অনুবাদ করুন:
২০২১ সালে রেকর্ড করা সমস্ত অ্যালোপ্যাথিক বহির্বিভাগীয় পরিদর্শনের মোট সংখ্যার ভিত্তিতে উপজেলাগুলি এবং তাদের এলাকার ধরনগুলিকে ক্রমানুসারে সাজান, সর্বোচ্চ উপস্থিতি দিয়ে শুরু করুন।"
INDIA_IHDS_2005_INDIVIDUAL_SURVEY,Tamil,6505d96e,0.7902435064315796,Identify urban households that have more than three children between the ages of 0 and 14.,"நகர்ப்புற வீடுகளைக் கண்டறியவும், அவை 0 முதல் 14 வயதுக்குள் மூன்று குழந்தைகளுக்கு மேல் உள்ளன."
INDIA_HMIS_Sub_District_Report_Facility_wise,Hindi,635d7a98,0.7903017401695251,Rank the rural sub-districts of North and Middle Andaman by the total number of first-dose Vitamin A supplements administered in 2020.,उत्तर और मध्य अंडमान के ग्रामीण उप-जिलों को 2020 में प्रशासित पहली खुराक विटामिन ए पूरकों की कुल संख्या के आधार पर क्रमबद्ध करें।
INDIA_IHDS_2005_INDIVIDUAL_SURVEY,Hindi,0d75150d,0.7904417514801025,"Identify the top 5 rural districts with the highest average number of married women per household, considering only those districts with more than one household record.","इस प्रश्न का अनुवाद करें:
उन शीर्ष 5 ग्रामीण जिलों की पहचान करें जहां प्रति घर विवाहित महिलाओं की औसत संख्या सबसे अधिक है, केवल उन जिलों पर विचार करते हुए जहां एक से अधिक घर के रिकॉर्ड हैं।"
INDIA_IHDS_2005_INDIVIDUAL_SURVEY,Hindi,1ede09f3,0.7904703617095947,Identify the household IDs in rural Uttar Pradesh that are currently classified as being above the poverty line.,ग्रामीण उत्तर प्रदेश में उन घरों की पहचान करें जो वर्तमान में गरीबी रेखा से ऊपर के रूप में वर्गीकृत हैं।
INDIA_HMIS_Sub_District_Report_Rural_Urban,Hindi,076310d4,0.7905313968658447,"Provide an alphabetized list of all districts in India, organized by their respective states.","इस क्वेरी का अनुवाद करें:
भारत के सभी जिलों की वर्णानुक्रमित सूची प्रदान करें, जो उनके संबंधित राज्यों के अनुसार व्यवस्थित हो।"
INDIA_IHDS_2011_TRACKING_SURVEY,Bengali,1a3483e5,0.790806233882904,"List the household IDs for households where every member is at least 46 years old, specifically filtering for households that do not contain any individuals with a marital status code of 'Married'.","সেইসব খানা বা পরিবারের আইডি (ID) তালিকাভুক্ত করুন যেখানে প্রত্যেক সদস্যের বয়স কমপক্ষে ৪৬ বছর, এবং বিশেষভাবে সেইসব পরিবারগুলোকে আলাদা করুন যেখানে 'বিবাহিত' (Married) বৈবাহিক অবস্থার কোনো ব্যক্তি নেই।"
INDIA_IHDS_2011_TRACKING_SURVEY,Telugu,0a303459,0.7909013032913208,"List the top 10 district codes, ordered by the highest count of household split numbers, specifically for districts that have at least one household split number recorded.","కనీసం ఒక గృహ విభజన సంఖ్య (household split number) నమోదైన జిల్లాలలో, అత్యధిక గృహ విభజన సంఖ్యల ఆధారంగా మొదటి 10 జిల్లా కోడ్‌ల జాబితాను రూపొందించండి."
INDIA_IHDS_2011_TRACKING_SURVEY,Tamil,29045fae,0.790929913520813,"List the migrant ID, the marital status code at the time of migration, and the reason description for all records where the reason description is 'Married', ordered by the migrant ID.","காரண விளக்கம் 'Married' என்று இருக்கும் அனைத்துப் பதிவுகளுக்கும், புலம்பெயர்ந்தோர் அடையாள எண் (migrant ID), புலம்பெயர்ந்த நேரத்தில் இருந்த திருமண நிலை குறியீடு (marital status code) மற்றும் காரண விளக்கம் (reason description) ஆகியவற்றைப் பட்டியலிடவும்; இவை புலம்பெயர்ந்தோர் அடையாள எண்ணின் அடிப்படையில் வரிசைப்படுத்தப்பட வேண்டும்."
INDIA_HMIS_Sub_District_Report_Rural_Urban,Hindi,99eb0b3c,0.7909762859344482,"Identify the months that either belong to the year 2022 or recorded more than 5,000 allopathic outpatient visits, sorted alphabetically.","इस क्वेरी का अनुवाद करें:
उन महीनों की पहचान करें जो या तो वर्ष 2022 से संबंधित हैं या जिनमें 5,000 से अधिक एलोपैथिक आउटपेशेंट विज़िट दर्ज हुए हैं, वर्णानुक्रम में क्रमबद्ध।"
INDIA_PRIMARY_POPULATION_CENSUS_1991,Telugu,14459121,0.7911006212234497,"For the country of India and the census year 1991, list the districts and their calculated household density—defined as the sum of the number of households divided by the total population—for the top 10 districts with a total population greater than zero, ordered by density from highest to lowest.","భారతదేశం మరియు 1991 జనగణన సంవత్సరం కోసం, మొత్తం జనాభా సున్నా కంటే ఎక్కువగా ఉన్న జిల్లాలలో, గణించిన గృహ సాంద్రత (గృహాల సంఖ్య మొత్తం జనాభాతో భాగించబడినది) ప్రకారం అత్యధిక నుండి అత్యల్పం వరకు క్రమబద్ధీకరించబడిన టాప్ 10 జిల్లాలను మరియు వాటి గృహ సాంద్రతను జాబితా చేయండి."
INDIA_ROAD_ACCIDENTS_DATASET_2001,Telugu,1c2bc7c6,0.7911199927330017,"List the accident IDs for cases involving drivers with 1-2 years of driving experience, where the total sum of casualties for each accident is greater than 3, ordered by the maximum number of casualties in descending order.","1-2 సంవత్సరాల డ్రైవింగ్ అనుభవం ఉన్న డ్రైవర్‌లకు సంబంధించిన ప్రమాదాల కోసం ప్రమాద IDలను జాబితా చేయండి, ఇక్కడ ప్రతి ప్రమాదానికి మొత్తం ఆపద సంఖ్య 3 కంటే ఎక్కువ ఉంది, గరిష్ట ఆపద సంఖ్య ఆధారంగా అవరోహణ క్రమంలో ఆదేశించండి."
INDIA_Village_Amenities_Directory_2001,Bengali,53dfc9ea,0.7912172079086304,"List the sub-district names for sub-districts belonging to district ID 1 that have exactly 0.000 agricultural credit societies, ordered alphabetically by sub-district name.",জেলা আইডি ১-এর অন্তর্ভুক্ত সেই সকল উপজেলার নাম বর্ণানুক্রমিকভাবে তালিকাভুক্ত করুন যেগুলোতে কৃষি সমবায় সমিতির সংখ্যা ঠিক ০.০০০।
INDIA_ICRISAT_District_Level_Agricultural_Data,Hindi,dc18d5c6,0.791289210319519,"Provide a state-wise comparison of the average rice and maize yields for the year 1970, ordered alphabetically by state name.","इस क्वेरी का अनुवाद करें:
1970 के वर्ष के लिए राज्य-वार चावल और मक्का की औसत उपज की तुलना प्रदान करें, राज्य के नाम के अनुसार वर्णानुक्रम में क्रमबद्ध।"
INDIA_HMIS_Sub_District_Report_Facility_wise,Hindi,f760b271,0.791344940662384,"List the sub-districts that recorded more than 500 doses of both Vitamin A (1st dose) and Measles-Rubella (MCV 1st dose) during the year 2022, sorted alphabetically.","इस प्रश्न का अनुवाद करें:
उन उप-जिलों की सूची बनाएं जिन्होंने वर्ष 2022 के दौरान विटामिन ए (पहली खुराक) और खसरा-रूबेला (एमसीवी पहली खुराक) दोनों की 500 से अधिक खुराक दर्ज की, वर्णानुक्रम में क्रमबद्ध।"
INDIA_Village_Amenities_Directory_2001,Tamil,f84393f6,0.7913598418235779,"List the sub-district names, ordered alphabetically, for those sub-districts that have at least one commercial bank and zero or more agricultural credit societies.","குறைந்தது ஒரு வணிக வங்கியையும், பூஜ்ஜியம் அல்லது அதற்கு மேற்பட்ட விவசாயக் கடன் சங்கங்களையும் கொண்டுள்ள துணை மாவட்டங்களின் பெயர்களை அகரவரிசைப்படி பட்டியலிடுங்கள்."
INDIA_Village_Amenities_Directory_2001,Hindi,1911620f,0.791693925857544,List the sub-district IDs for those sub-districts where the number of agricultural credit societies is 0.000.,उन उप-जिलों की आईडी (IDs) सूचीबद्ध करें जहाँ कृषि ऋण समितियों (agricultural credit societies) की संख्या 0.000 है।
INDIA_PRIMARY_POPULATION_CENSUS_1991,Tamil,90656e29,0.7920477390289307,"For the state of 'Andaman And Nicobar Islands', list each district and the total number of female workers in trade and commerce, ensuring that only districts with a sum greater than zero are included, and order the results from the highest to the lowest total.","'அந்தமான் மற்றும் நிக்கோபார் தீவுகள்' மாநிலத்திற்கு, ஒவ்வொரு மாவட்டத்தையும் மற்றும் வணிகம் மற்றும் வாணிபத்தில் உள்ள பெண் தொழிலாளர்களின் மொத்த எண்ணிக்கையை பட்டியலிடுங்கள், மொத்தம் பூஜ்ஜியத்தை விட அதிகமாக உள்ள மாவட்டங்கள் மட்டுமே சேர்க்கப்பட வேண்டும், மற்றும் முடிவுகளை அதிகபட்சத்திலிருந்து குறைந்தபட்ச மொத்தத்திற்கு வரிசைப்படுத்துங்கள்."
INDIA_ICRISAT_District_Level_Agricultural_Data,Hindi,6c50ba29,0.7922379970550537,"List the districts in Chhattisgarh that produced exactly 200 tons of finger millet and at least some pearl millet during the year 1970, sorted alphabetically.","छत्तीसगढ़ के उन जिलों की सूची बनाएं जिन्होंने वर्ष 1970 के दौरान ठीक 200 टन रागी और कम से कम कुछ बाजरा का उत्पादन किया, वर्णानुक्रम में क्रमबद्ध।"
INDIA_IHDS_2005_HOUSEHOLD_SURVEY,Hindi,9d718365,0.7922512888908386,"Identify the geography IDs for areas that either have a village health facility or a monthly per capita consumption exceeding 3,667, ensuring only locations with at least one recorded consumption entry are included.","इस क्वेरी का अनुवाद करें:
उन क्षेत्रों के भूगोल आईडी की पहचान करें जहाँ या तो ग्राम स्वास्थ्य सुविधा है या मासिक प्रति व्यक्ति खपत 3,667 से अधिक है, यह सुनिश्चित करते हुए कि केवल वे स्थान शामिल हों जहाँ कम से कम एक दर्ज खपत प्रविष्टि मौजूद हो।"
INDIA_HMIS_Sub_District_Report_Facility_wise,Hindi,f42a155d,0.7923324108123779,Identify the top 5 rural sub-districts in the Andaman and Nicobar Islands with the highest total allopathic outpatient attendance for the year 2020.,"इस प्रश्न का अनुवाद करें:
वर्ष 2020 के लिए अंडमान और निकोबार द्वीप समूह के शीर्ष 5 ग्रामीण उप-जिलों की पहचान करें जहाँ एलोपैथिक आउटपेशेंट उपस्थिति कुल सबसे अधिक थी।"
INDIA_HMIS_Sub_District_Report_Facility_wise,Tamil,41f6ae2b,0.7923624515533447,"Identify the rural sub-districts that reported at least one first dose of the Rotavirus vaccine but zero first doses of Vitamin A in 2020, listed alphabetically.","ரோட்டா வைரஸ் தடுப்பூசியின் குறைந்தது ஒரு முதல் டோஸ் பதிவு செய்யப்பட்ட, ஆனால் 2020 ஆம் ஆண்டில் வைட்டமின் ஏ-வின் முதல் டோஸ் பூஜ்ஜியமாக இருந்த கிராமப்புற துணை மாவட்டங்களை அகரவரிசையில் பட்டியலிடுங்கள்."
INDIA_IHDS_2005_INDIVIDUAL_SURVEY,Hindi,5b7317fa,0.7923862934112549,Identify the IDs of individuals who have completed more than ten years of education but have never held a job.,"इस क्वेरी का अनुवाद करें:
उन व्यक्तियों की आईडी पहचानें जिन्होंने दस वर्ष से अधिक की शिक्षा पूरी की है लेकिन कभी नौकरी नहीं की है।"
INDIA_HMIS_Sub_District_Report_Facility_wise,Hindi,7e253f1f,0.7924106121063232,"Provide the 2021 program management details, including immunization sessions and condom distribution, for sub-districts in the Andaman and Nicobar Islands, categorized by area type.","यह क्वेरी अनुवादित करें:
अंडमान और निकोबार द्वीप समूह के उप-जिलों के लिए 2021 के कार्यक्रम प्रबंधन विवरण, जिसमें टीकाकरण सत्र और कंडोम वितरण शामिल हैं, क्षेत्र प्रकार के अनुसार वर्गीकृत करके प्रदान करें।"
INDIA_ICRISAT_District_Level_Agricultural_Data,Hindi,4955e254,0.7926154136657715,"List the states and districts that recorded sunflower production, ordered chronologically by year.","इस क्वेरी का अनुवाद करें:
सूरजमुखी उत्पादन दर्ज करने वाले राज्यों और जिलों को वर्ष के अनुसार कालानुक्रमिक क्रम में सूचीबद्ध करें।"
INDIA_IHDS_2011_TRACKING_SURVEY,Hindi,cd91f0bd,0.7926336526870728,"List the unique PSU codes in ascending order for households where the completion status is 'Located', the household split number is 0, and the new household split number is 1.","उन परिवारों के लिए अद्वितीय (unique) PSU कोड को आरोही क्रम में सूचीबद्ध करें जहाँ पूर्णता की स्थिति (completion status) 'Located' है, परिवार विभाजन संख्या (household split number) 0 है, और नई परिवार विभाजन संख्या (new household split number) 1 है।"
INDIA_IHDS_2005_INDIVIDUAL_SURVEY,Hindi,c1e05207,0.7926347255706787,"Identify the top 5 rural districts in Uttar Pradesh with the highest average household size, considering only those districts with more than one recorded household.","इस प्रश्न का अनुवाद करें:
उत्तर प्रदेश के शीर्ष 5 ग्रामीण जिलों की पहचान करें जहाँ औसत परिवार का आकार सबसे अधिक है, केवल उन जिलों पर विचार करते हुए जहाँ एक से अधिक दर्ज परिवार हैं।"
INDIA_HMIS_Sub_District_Report_Rural_Urban,Hindi,77b3cae2,0.7926508188247681,"Provide a breakdown of sub-districts and their area types, showing the total count of pregnant women with hemoglobin levels below 11 for the first year, focusing only on records where the count is less than 38 and ranking the results from highest to lowest.","इस क्वेरी का अनुवाद करें:
उप-जिलों और उनके क्षेत्र प्रकारों का विवरण प्रदान करें, जो पहले वर्ष के लिए हीमोग्लोबिन स्तर 11 से कम वाली गर्भवती महिलाओं की कुल संख्या दर्शाते हों, केवल उन्हीं रिकॉर्ड्स पर ध्यान केंद्रित करें जहाँ संख्या 38 से कम है और परिणामों को उच्चतम से निम्नतम के क्रम में रैंक करें।"
INDIA_IHDS_2011_TRACKING_SURVEY,Tamil,5f5e0e52,0.7927418947219849,"List the household number and the completion status for all records where the new household split number is greater than 1, ordered by the household number.",புதிய வீட்டுக் கிளை எண் (new household split number) 1-ஐ விட அதிகமாக உள்ள அனைத்துப் பதிவுகளுக்கான வீட்டு எண் மற்றும் பூர்த்தி செய்யப்பட்ட நிலை (completion status) ஆகியவற்றைப் பட்டியலிடவும்; இவை வீட்டு எண்ணின் அடிப்படையில் வரிசைப்படுத்தப்பட வேண்டும்.
INDIA_NWMP_Water_Quality_Data,Hindi,b34956c2,0.7929132580757141,"Show the average maximum fecal streptococci MPN per 100ml and the corresponding type of water body, grouped by the type of water body and ordered from the highest average concentration to the lowest.","प्रत्येक जल निकाय के प्रकार के लिए औसत अधिकतम मल स्ट्रेप्टोकोकी एमपीएन प्रति 100 मिली और संबंधित जल निकाय के प्रकार को दिखाएं, जल निकाय के प्रकार के अनुसार समूहीकृत करें और सर्वोच्च औसत सांद्रता से निम्नतम तक क्रमबद्ध करें।"
INDIA_HMIS_Sub_District_Report_Rural_Urban,Hindi,158cea0b,0.7930617332458496,"Provide the IDs and names of all rural sub-districts, including their parent district IDs.","इस क्वेरी का अनुवाद करें:
सभी ग्रामीण उप-जिलों के आईडी और नाम प्रदान करें, जिसमें उनके मूल जिला आईडी भी शामिल हों।"
INDIA_IHDS_2005_HOUSEHOLD_SURVEY,Hindi,b46106b7,0.7932757139205933,"List the household IDs and their respective caste or religious group categories, ranked from highest to lowest based on their asset index.","इस क्वेरी का अनुवाद करें:
परिवार के आईडी और उनकी संबंधित जाति या धार्मिक समूह श्रेणियों की सूची बनाएं, जो उनके संपत्ति सूचकांक के आधार पर उच्चतम से निम्नतम तक क्रमबद्ध हों।"
INDIA_NWMP_Water_Quality_Data,Hindi,c70372da,0.7934770584106445,"For the year 2020, list the station name and the type of water body for all stations where either the maximum nitrate N (mg/L) or the maximum nitrate N nitrite N (mg/L) exceeded 10, grouped by station name and water body type, and ordered alphabetically by station name.","2020 के वर्ष के लिए, सभी स्टेशनों के लिए स्टेशन का नाम और जल निकाय का प्रकार सूचीबद्ध करें जहां अधिकतम नाइट्रेट N (mg/L) या अधिकतम नाइट्रेट N नाइट्राइट N (mg/L) 10 से अधिक हो, स्टेशन के नाम और जल निकाय के प्रकार के अनुसार समूहीकृत, और स्टेशन के नाम के अनुसार वर्णक्रम में क्रमबद्ध।"
INDIA_Economic_Census_Firms,Bengali,4b45c0d6,0.7937566041946411,"For the most recent census year available, list each ULB RLB village name along with the total sum of human health and social establishments, sorted by the total sum in descending order.","সর্বশেষ উপলব্ধ আদমশুমারি বছরের জন্য, প্রতিটি ইউএলবি/আরএলবি গ্রামের নাম এবং মানব স্বাস্থ্য ও সামাজিক প্রতিষ্ঠানের মোট সংখ্যা অবরোহী ক্রমে সাজিয়ে তালিকাভুক্ত করুন।"
INDIA_ROAD_ACCIDENTS_DATASET_2001,Tamil,d26b618e,0.7938158512115479,"List the areas where accidents occurred for all incidents that took place on a Sunday involving more than one vehicle, grouped and ordered by the accident area.","ஞாயிற்றுக்கிழமையில் நடந்த மற்றும் ஒன்றுக்கு மேற்பட்ட வாகனங்கள் சம்பந்தப்பட்ட அனைத்து சம்பவங்களுக்கான விபத்து நடந்த பகுதிகளை பட்டியலிடுக, விபத்து பகுதி மூலம் தொகுக்கப்பட்ட மற்றும் வரிசைப்படுத்தப்பட்ட."
INDIA_HMIS_Sub_District_Report_Rural_Urban,Hindi,3b58000c,0.7939661741256714,"Provide a list of all districts, organized alphabetically by state and then by district name.","इस क्वेरी का अनुवाद करें:
सभी जिलों की एक सूची प्रदान करें, जो राज्य और फिर जिले के नाम के अनुसार वर्णानुक्रम में व्यवस्थित हो।"
INDIA_IHDS_2011_TRACKING_SURVEY,Bengali,b88e6e6c,0.793997585773468,"List the geography IDs, grouped and ordered by geography ID, for households where either the completion status is 'Located' or the new household split number is greater than 1.","সেইসব খানাগুলোর (households) জিওগ্রাফি আইডি-র তালিকা তৈরি করুন যাদের কমপ্লিশন স্ট্যাটাস 'Located' অথবা নতুন হাউসহোল্ড স্প্লিট নম্বর ১-এর বেশি, এবং ফলাফলগুলো জিওগ্রাফি আইডি অনুযায়ী গ্রুপ ও ক্রমানুসারে সাজান।"
INDIA_IHDS_2005_HOUSEHOLD_SURVEY,Hindi,ffa1a484,0.7940409779548645,Identify the codes for districts that contain rural villages where health facilities are available but drinking water is not.,"इस प्रश्न का अनुवाद करें:
उन जिलों के कोड की पहचान करें जिनमें ग्रामीण गांव हैं जहां स्वास्थ्य सुविधाएं उपलब्ध हैं लेकिन पीने का पानी नहीं है।"
INDIA_Economic_Census_Firms,Tamil,244da596,0.7940443754196167,"List the ULB RLB village names, sorted alphabetically, for locations where the number of forestry and logging establishments is greater than zero or the number of residential and commercial establishments is greater than zero.","யூஎல்பி ஆர்எல்பி கிராமப் பெயர்களை, அகரவரிசைப்படி, வனவியல் மற்றும் மரம் வெட்டுதல் நிறுவனங்களின் எண்ணிக்கை பூஜ்யத்தை விட அதிகமாக உள்ள அல்லது குடியிருப்பு மற்றும் வணிக நிறுவனங்களின் எண்ணிக்கை பூஜ்யத்தை விட அதிகமாக உள்ள இடங்களுக்கு பட்டியலிடுக."
INDIA_ICRISAT_District_Level_Agricultural_Data,Hindi,424ad0e6,0.7940942645072937,"Provide a yearly breakdown of area and production figures for groundnut and soybean crops across districts in Chhattisgarh, ordered chronologically.","यह क्वेरी अनुवादित करें:
छत्तीसगढ़ के जिलों में मूंगफली और सोयाबीन फसलों के क्षेत्र और उत्पादन के आंकड़ों का वार्षिक विवरण कालानुक्रमिक क्रम में प्रदान करें।"
INDIA_IHDS_2011_TRACKING_SURVEY,Tamil,f4ba945e,0.7944391965866089,"List the district codes and the total count of household split numbers for households with a completion status of 'Moved out', grouped by their district code, and show the top 5 districts with the highest counts.","'குடியேறிச் சென்றவர்கள்' (Moved out) என்ற நிலையில் உள்ள வீடுகளின் மாவட்டக் குறியீடுகள் மற்றும் மொத்த வீட்டுப் பிரிவு எண்களின் (household split numbers) எண்ணிக்கையைப் பட்டியலிடவும். இவற்றை மாவட்டக் குறியீட்டின் அடிப்படையில் குழுவாக்கி, அதிக எண்ணிக்கையைக் கொண்ட முதல் 5 மாவட்டங்களைக் காட்டவும்."
INDIA_IHDS_2011_TRACKING_SURVEY,Bengali,f75274c7,0.7946459054946899,"For each education at migration code and activity status, provide the education at migration code, the activity status, and the total count of migrant IDs, grouped by these two categories and ordered by the education code in ascending order.","প্রতিটি অভিবাসনকালীন শিক্ষা কোড এবং কর্মসংস্থানের অবস্থার জন্য, অভিবাসনকালীন শিক্ষা কোড, কর্মসংস্থানের অবস্থা এবং অভিবাসী আইডি-র মোট সংখ্যা প্রদান করুন; এই দুটি বিভাগ অনুযায়ী গ্রুপ করুন এবং শিক্ষা কোড অনুযায়ী আরোহী ক্রমে (ascending order) সাজান।"
INDIA_IHDS_2011_TRACKING_SURVEY,Tamil,22fdd09e,0.7949215173721313,"List the district codes and the total count of household split numbers for households with a completion status of 'Moved out', grouped by their district code, and show only the top 5 districts with the highest counts.","'வெளியேறினார்' (Moved out) என்ற நிலையில் உள்ள வீடுகளின் மாவட்டக் குறியீடுகளையும், அவற்றின் மொத்த வீட்டுக் கிளை எண்களின் (household split numbers) எண்ணிக்கையையும் மாவட்டக் குறியீடு வாரியாகப் பட்டியலிட்டு, அதிக எண்ணிக்கையைக் கொண்டுள்ள முதல் 5 மாவட்டங்களை மட்டும் காட்டவும்."
INDIA_HMIS_Sub_District_Report_Facility_wise,Tamil,afaf1743,0.7952359914779663,Provide a breakdown of total allopathic outpatient attendance by district and area type for the year 2022.,2022 ஆம் ஆண்டிற்கான மொத்த அனைத்து மருத்துவமனை வெளிப்புற நோயாளிகள் பராமரிப்பு பங்களிப்பை மாவட்டம் மற்றும் பகுதி வகையின் அடிப்படையில் பிரித்து தரவும்.
INDIA_ICRISAT_District_Level_Agricultural_Data,Tamil,4955e254,0.7954219579696655,"List the states and districts that recorded sunflower production, ordered chronologically by year.",சூரியகாந்தி உற்பத்தி பதிவு செய்யப்பட்ட மாநிலங்கள் மற்றும் மாவட்டங்களை ஆண்டு வாரியாக வரிசைப்படுத்தி பட்டியலிடுங்கள்.
INDIA_HMIS_Sub_District_Report_Rural_Urban,Hindi,038d92ee,0.7954268455505371,Identify the top 5 rural sub-districts that distributed the highest total number of combined oral pill cycles throughout the year 2021.,"इस क्वेरी का अनुवाद करें:
वर्ष 2021 में संयुक्त मौखिक गोली चक्रों की सर्वाधिक कुल संख्या वितरित करने वाले शीर्ष 5 ग्रामीण उप-जिलों की पहचान करें।"
INDIA_ICRISAT_District_Level_Agricultural_Data,Bengali,9d834f65,0.7954757213592529,Identify the top 10 districts in Chhattisgarh that had the highest pearl millet production in 1970.,ছত্তিশগড়ের সেই শীর্ষ ১০টি জেলা চিহ্নিত করুন যেখানে ১৯৭০ সালে সর্বাধিক বাজরা উৎপাদন হয়েছিল।
INDIA_IHDS_2005_INDIVIDUAL_SURVEY,Tamil,fe4ecb82,0.7954902052879333,Identify the IDs of individuals who have completed more than ten years of education but have never held a job.,"பத்து ஆண்டுகளுக்கு மேல் கல்வி கற்றவர்களின் அடையாளங்களைக் கண்டறியவும், ஆனால் அவர்கள் ஒரு வேலையும் செய்திருக்க மாட்டார்கள்."
INDIA_Economic_Census_Firms,Tamil,9a4faed8,0.7956366539001465,"For the census year 2013, list the sub-district names and the ULB/RLB village names for locations where the estimated livestock count is greater than zero, excluding any locations that also had an estimated residential-commercial count greater than zero in 2013, grouped by their sub-district and village names and ordered alphabetically by sub-district.","2013 ஆம் ஆண்டு மக்கள் தொகை கணக்கெடுப்பின்படி, மதிப்பிடப்பட்ட கால்நடை எண்ணிக்கை பூஜ்யத்தை விட அதிகமாக உள்ள இடங்களுக்கான துணை-மாவட்ட பெயர்கள் மற்றும் ULB/RLB கிராம பெயர்களை பட்டியலிடுக, 2013 ஆம் ஆண்டில் மதிப்பிடப்பட்ட குடியிருப்பு-வணிக எண்ணிக்கையும் பூஜ்யத்தை விட அதிகமாக இருந்த இடங்களை விலக்கி, துணை-மாவட்டம் மற்றும் கிராம பெயர்களால் குழுவாக்கி, துணை-மாவட்டத்தின் அகரவரிசைப்படி வரிசைப்படுத்துக."
INDIA_ROAD_ACCIDENTS_DATASET_2001,Hindi,3de8a963,0.7956832647323608,"List the casualty ID, the casualty class, the sex of the casualty, and the accident severity for casualties classified as 'Pedestrian' who have a 'Normal' fitness level, ensuring each casualty is associated with at least one accident, and order the results by the casualty class.","दुर्घटना गंभीरता के साथ 'पैदल यात्री' के रूप में वर्गीकृत और 'सामान्य' फिटनेस स्तर वाले हताहतों के लिए हताहत आईडी, हताहत वर्ग, हताहत का लिंग, और दुर्घटना गंभीरता सूचीबद्ध करें, यह सुनिश्चित करते हुए कि प्रत्येक हताहत कम से कम एक दुर्घटना से जुड़ा है, और परिणामों को हताहत वर्ग के अनुसार क्रमबद्ध करें।"
INDIA_HMIS_Sub_District_Report_Facility_wise,Hindi,505ec491,0.7958751916885376,"Rank the sub-districts by their total allopathic outpatient attendance, excluding those with no recorded visits.","उप-जिलों को उनके कुल एलोपैथिक आउटपेशेंट उपस्थिति के आधार पर रैंक करें, उन्हें छोड़कर जिनका कोई रिकॉर्डेड दौरा नहीं है।"
INDIA_IHDS_2011_TRACKING_SURVEY,Hindi,2191e982,0.7959871888160706,"For each occupation description, what is the average number of years since death and the total count of deceased IDs?","प्रत्येक व्यवसाय विवरण के लिए, मृत्यु के बाद के वर्षों की औसत संख्या और मृत आईडी (IDs) की कुल संख्या क्या है?"
INDIA_IHDS_2011_TRACKING_SURVEY,Tamil,5684f110,0.7960070371627808,"List the district codes and the total count of household IDs for each district, filtering for households where the new household split number is greater than zero, and show the top 10 districts with the highest household counts.","ஒவ்வொரு மாவட்டத்தின் குறியீடுகள் மற்றும் மொத்த வீட்டுக் குறியீடுகளின் எண்ணிக்கையைப் பட்டியலிடவும், இதில் புதிய வீட்டுப் பிரிப்பு எண் (household split number) பூஜ்ஜியத்தை விட அதிகமாக உள்ள வீடுகளை மட்டும் வடிகட்டி, அதிக எண்ணிக்கையிலான வீடுகளைக் கொண்ட முதல் 10 மாவட்டங்களைக் காட்டவும்."
INDIA_NWMP_Water_Quality_Data,Bengali,186341f7,0.7960257530212402,"Calculate the average of the maximum fecal streptococci MPN per 100ml values, where these maximums are first calculated for each type of water body in the state with ID 1, provided that the maximum value for that water body type is greater than 0.","প্রতিটি জল সংস্থার ধরনের জন্য প্রথমে সর্বোচ্চ মল স্ট্রেপ্টোকোকাই এমপিএন প্রতি ১০০ মিলি মান গণনা করুন, যেখানে আইডি ১ সহ রাজ্যে জল সংস্থার প্রতিটি ধরনের জন্য এই সর্বোচ্চগুলি প্রথমে গণনা করা হয়, শর্ত সাপেক্ষে যে সেই জল সংস্থার ধরনের জন্য সর্বোচ্চ মান ০ এর চেয়ে বেশি, তারপর এই সর্বোচ্চ মানগুলির গড় গণনা করুন।"
INDIA_IHDS_2011_TRACKING_SURVEY,Bengali,a45e1f13,0.7960321307182312,List the distinct geography IDs for households where either the household split number is 1 or the completion status is 'Located'.,সেইসব পরিবারের স্বতন্ত্র জিওগ্রাফি আইডিগুলোর তালিকা তৈরি করুন যেখানে হয় পরিবারের বিভাজন সংখ্যা ১ অথবা সমাপ্তির স্থিতি 'Located'।
INDIA_IHDS_2005_INDIVIDUAL_SURVEY,Bengali,1ede09f3,0.7960412502288818,Identify the household IDs in rural Uttar Pradesh that are currently classified as being above the poverty line.,গ্রামীণ উত্তরপ্রদেশে দারিদ্র্যসীমার উপরে বর্তমানে শ্রেণীবদ্ধ পরিবারের আইডিগুলি চিহ্নিত করুন।
INDIA_IHDS_2005_INDIVIDUAL_SURVEY,Hindi,926cec22,0.7960854172706604,"Provide a district-wise breakdown of the total number of married women and children aged 0 to 14 living in urban households, sorted alphabetically by district.","इस क्वेरी का अनुवाद करें:
शहरी घरों में रहने वाली विवाहित महिलाओं और 0 से 14 वर्ष की आयु के बच्चों की कुल संख्या का जिलेवार विवरण प्रदान करें, जिलों के वर्णानुक्रम में क्रमबद्ध किया गया।"
INDIA_ROAD_ACCIDENTS_DATASET_2001,Hindi,c24c13f9,0.796211838722229,"List the casualty IDs for casualties classified as pedestrians where the fitness of the casualty is normal, grouped by their casualty ID.","दुर्घटना में घायलों की आईडी सूचीबद्ध करें जो पैदल यात्रियों के रूप में वर्गीकृत हैं जहां घायल की फिटनेस सामान्य है, उनकी दुर्घटना आईडी द्वारा समूहीकृत।"
INDIA_ICRISAT_District_Level_Agricultural_Data,Hindi,d8d15fe0,0.7962707877159119,"Provide a comparison of rice and maize yields across different districts in Chhattisgarh for the year 1970, sorted alphabetically by district name.","इस प्रश्न का अनुवाद करें:
वर्ष 1970 के लिए छत्तीसगढ़ के विभिन्न जिलों में चावल और मक्का की पैदावार की तुलना प्रदान करें, जिलों के नाम के वर्णानुक्रम में क्रमबद्ध किया गया।"
INDIA_HMIS_Sub_District_Report_Facility_wise,Hindi,41f6ae2b,0.796337366104126,"Identify the rural sub-districts that reported at least one first dose of the Rotavirus vaccine but zero first doses of Vitamin A in 2020, listed alphabetically.","इस प्रश्न का अनुवाद करें:
उन ग्रामीण उप-जिलों की पहचान करें जिन्होंने 2020 में रोटावायरस वैक्सीन की कम से कम एक पहली खुराक तो रिपोर्ट की, लेकिन विटामिन ए की शून्य पहली खुराक रिपोर्ट की, और उन्हें वर्णानुक्रम में सूचीबद्ध किया गया हो।"
INDIA_HMIS_Sub_District_Report_Rural_Urban,Bengali,f3579a90,0.7964262962341309,"Which rural sub-districts recorded a total allopathic outpatient attendance of more than 5,000 during the year 2021?","২০২১ সালে কোন কোন গ্রামীণ উপজেলায় মোট অ্যালোপ্যাথিক বহির্বিভাগীয় উপস্থিতি ৫,০০০-এর বেশি রেকর্ড করা হয়েছে?"
INDIA_HMIS_Sub_District_Report_Facility_wise,Hindi,5cfd4d5f,0.7967730760574341,Which rural sub-districts recorded more than 10 administrations of the second dose of the MR vaccine for children aged 16 to 24 months during the year 2021?,"इस प्रश्न का अनुवाद करें:
2021 के वर्ष में 16 से 24 महीने की आयु के बच्चों के लिए MR वैक्सीन की दूसरी डोज के 10 से अधिक प्रशासन किस ग्रामीण उप-जिलों में दर्ज किए गए?"
INDIA_ROAD_ACCIDENTS_DATASET_2001,Hindi,3cfe7990,0.7968186140060425,"For each age band of the driver, list the age band, the average number of casualties, and the total count of accident IDs.","प्रत्येक ड्राइवर की आयु वर्ग के लिए, आयु वर्ग, दुर्घटनाओं की औसत संख्या, और दुर्घटना आईडी की कुल गणना सूचीबद्ध करें।"
INDIA_IHDS_2011_TRACKING_SURVEY,Tamil,814109b2,0.7968656420707703,"List the education at migration codes and the total count of migrants for each code, specifically for those whose employment activity status is 'Salaried', grouped by their education code and ordered by the highest count first, showing only the top 5 results.","வேலைவாய்ப்பு நிலை 'சம்பளம் பெறுபவர்' (Salaried) என்று உள்ளவர்களின் கல்வி இடப்பெயர்வு குறியீடுகளையும் (education at migration codes), ஒவ்வொரு குறியீட்டிற்குமான மொத்த இடப்பெயர்வு எண்ணிக்கையையும் பட்டியலிடவும். இவற்றை கல்வி குறியீட்டின் அடிப்படையில் குழுவாக்கி, அதிக எண்ணிக்கையின் அடிப்படையில் வரிசைப்படுத்தி, முதல் 5 முடிவுகளை மட்டும் காட்டவும்."
INDIA_IHDS_2005_INDIVIDUAL_SURVEY,Hindi,7abaf81e,0.7970086932182312,"Identify rural districts and their states where the average monthly per capita consumption is below 996, ranked by the total number of children aged 0 to 14 living in households.","इस क्वेरी का अनुवाद करें:
उन ग्रामीण जिलों और उनके राज्यों की पहचान करें जहां औसत मासिक प्रति व्यक्ति खपत 996 से कम है, और उन्हें 0 से 14 वर्ष की आयु के बच्चों की कुल संख्या के आधार पर क्रमबद्ध किया गया हो।"
INDIA_IHDS_2005_INDIVIDUAL_SURVEY,Hindi,d391687d,0.7970093488693237,"Identify all rural households that have more than three children aged 14 or younger, listed in ascending order of their ID.","इस क्वेरी का अनुवाद करें:
उन सभी ग्रामीण परिवारों की पहचान करें जिनके पास 14 वर्ष या उससे कम उम्र के तीन से अधिक बच्चे हैं, उनके आईडी के आरोही क्रम में सूचीबद्ध।"
INDIA_IHDS_2005_HOUSEHOLD_SURVEY,Hindi,4bdaef0f,0.7971270084381104,"Provide a breakdown of the average social ID and the total number of animal care workers, grouped by caste/religion category and social network contact type, for all households with recorded members, sorted by the highest average social ID.","इस क्वेरी का अनुवाद करें:
दर्ज सदस्यों वाले सभी परिवारों के लिए, जाति/धर्म श्रेणी और सामाजिक नेटवर्क संपर्क प्रकार के अनुसार समूहीकृत, औसत सामाजिक आईडी और पशु देखभाल कर्मियों की कुल संख्या का विवरण प्रदान करें, जिसे उच्चतम औसत सामाजिक आईडी के अनुसार क्रमबद्ध किया गया हो।"
INDIA_ROAD_ACCIDENTS_DATASET_2001,Hindi,b09b770f,0.7971433401107788,"Grouped by the age band of the driver, what is the age band, the average number of casualties, and the total count of unique accident IDs for those drivers involved in more than one accident, ordered by the average number of casualties in descending order?","ड्राइवर की आयु बैंड के आधार पर समूहीकृत करते हुए, उन ड्राइवरों के लिए आयु बैंड, हताहतों की औसत संख्या, और अद्वितीय दुर्घटना आईडी की कुल गणना क्या है जो एक से अधिक दुर्घटनाओं में शामिल हैं, हताहतों की औसत संख्या के आधार पर अवरोही क्रम में क्रमबद्ध?"
INDIA_NWMP_Water_Quality_Data,Bengali,5535f693,0.7971476316452026,"Calculate the average of the maximum fecal streptococci MPN per 100ml values, where these maximums are first determined for each type of water body for the year 2023.","প্রতিটি ধরনের জলাশয়ের জন্য ২০২৩ সালে সর্বোচ্চ মল স্ট্রেপ্টোকোকাই এমপিএন প্রতি ১০০মিলি মান প্রথমে নির্ধারণ করে, তারপর এই সর্বোচ্চ মানগুলির গড় হিসাব করুন।"
INDIA_IHDS_2011_TRACKING_SURVEY,Hindi,c732f739,0.7971823215484619,"For each activity status, list the activity status and the total count of migrant IDs for those with a 'Salaried' status, provided that the count is at least 1, and order the results by the activity status.","प्रत्येक गतिविधि स्थिति (activity status) के लिए, गतिविधि स्थिति और 'Salaried' स्थिति वाले प्रवासी आईडी (migrant IDs) की कुल संख्या सूचीबद्ध करें, बशर्ते कि वह संख्या कम से कम 1 हो, और परिणामों को गतिविधि स्थिति के अनुसार क्रमबद्ध करें।"
INDIA_IHDS_2005_INDIVIDUAL_SURVEY,Hindi,80994157,0.797226071357727,"Rank the rural districts by the average number of married women per household, including only those districts with more than one household record.","इस प्रश्न का अनुवाद करें:
ग्रामीण जिलों को प्रति घर विवाहित महिलाओं की औसत संख्या के आधार पर रैंक करें, केवल उन जिलों को शामिल करें जिनमें एक से अधिक घर के रिकॉर्ड हैं।"
INDIA_HMIS_Sub_District_Report_Rural_Urban,Hindi,075bb6c8,0.79731285572052,"Identify all rural sub-districts as well as any sub-districts that recorded more than 5,000 antenatal care registrations in a single month.","इस क्वेरी का अनुवाद करें:
सभी ग्रामीण उप-जिलों की पहचान करें साथ ही उन उप-जिलों की भी जिन्होंने एक ही महीने में 5,000 से अधिक प्रसवपूर्व देखभाल पंजीकरण दर्ज किए हैं।"
INDIA_HMIS_Sub_District_Report_Rural_Urban,Hindi,e425f148,0.7973837852478027,"Identify all rural sub-districts, specifically highlighting those where more than 500 pregnant women were recorded with hemoglobin levels below 11.","इस क्वेरी का अनुवाद करें:
सभी ग्रामीण उप-जिलों की पहचान करें, विशेष रूप से उन्हें उजागर करें जहां 500 से अधिक गर्भवती महिलाओं में हीमोग्लोबिन का स्तर 11 से नीचे दर्ज किया गया था।"
INDIA_Economic_Census_Firms,Bengali,e1ccb964,0.7974425554275513,"For the census year 2013, list each sub-district name and the total estimated accommodation and food costs, sorted by the total costs in descending order.","২০১৩ সালের জনগণনা বছরের জন্য, প্রতিটি উপজেলার নাম এবং মোট আনুমানিক আবাসন ও খাদ্য খরচ তালিকাভুক্ত করুন, যা মোট খরচ অনুযায়ী অবরোহী ক্রমে সাজানো হবে।"
INDIA_ROAD_ACCIDENTS_DATASET_2001,Tamil,e1d7950c,0.7976566553115845,"List the driving experience levels and the total count of accident IDs for drivers who either have '1-2yr' of driving experience or an educational level of 'Junior high school', grouping the results by driving experience and including only those groups with more than 1 accident.","'1-2yr' அல்லது 'Junior high school' கல்வி நிலை கொண்ட ஓட்டுநர்களுக்கான ஓட்டுதல் அভিজ்ஞதை நிலைகள் மற்றும் விபத்து IDகளின் மொத்த எண்ணிக்கையை பட்டியலிடுங்கள், ফলாফலங்களை ஓட்டுதல் அভிজ்ஞதையின் அடிப்படையில் குழுப்படுத்தி, 1 விபத்துக்கு மேல் உள்ள குழுக்களை மட்டுமே சேர்க்கவும்."
INDIA_ROAD_ACCIDENTS_DATASET_2001,Bengali,df672efe,0.7980376482009888,"For each area where an accident occurred, list the area name and the average number of casualties, sorted in descending order by the average casualty count.","প্রতিটি এলাকার জন্য যেখানে একটি দুর্ঘটনা ঘটেছে, এলাকার নাম এবং গড় হতাহতের সংখ্যা তালিকাভুক্ত করুন, গড় হতাহতের সংখ্যা অনুযায়ী অবরোহী ক্রমে সাজানো।"
INDIA_NWMP_Water_Quality_Data,Bengali,dee6c9e8,0.7980736494064331,"List the station name and the maximum conductivity in umhos per cm for the top 10 records from the year 2023, ordered by the maximum conductivity in descending order.","২০২৩ সালের শীর্ষ ১০ রেকর্ড থেকে স্টেশনের নাম এবং সর্বোচ্চ পরিবাহিতা (মাইক্রোমোস প্রতি সেন্টিমিটারে) তালিকাভুক্ত করুন, সর্বোচ্চ পরিবাহিতা অনুযায়ী অবরোহী ক্রমে সাজানো।"
INDIA_IHDS_2005_HOUSEHOLD_SURVEY,Hindi,7f1d4779,0.7981184720993042,"List the household IDs and their respective caste or religious group categories, ranked from highest to lowest based on their asset index.","इस प्रश्न का अनुवाद करें:
परिवार के आईडी और उनकी संबंधित जाति या धार्मिक समूह श्रेणियों को सूचीबद्ध करें, जो उनके संपत्ति सूचकांक के आधार पर उच्चतम से निम्नतम तक क्रमबद्ध हों।"
INDIA_IHDS_2011_TRACKING_SURVEY,Hindi,f6d79b0f,0.798163652420044,List the geography IDs for households where the completion status is 'Located' and the household split number is equal to 1.,उन परिवारों के लिए भूगोल आईडी (geography IDs) की सूची बनाएं जहाँ पूर्णता की स्थिति (completion status) 'Located' है और परिवार विभाजन संख्या (household split number) 1 के बराबर है।
INDIA_HMIS_Sub_District_Report_Rural_Urban,Hindi,3a8774a9,0.7982732057571411,"Identify the sub-districts that in 2021 either reported more than 34 children over age 10 receiving their TT10/TD10 immunization, or are urban areas with more than one child over age 16 receiving their TT16/TD16 dose.","इस क्वेरी का अनुवाद करें:
उन उप-जिलों की पहचान करें जिन्होंने 2021 में या तो 10 वर्ष से अधिक उम्र के 34 से अधिक बच्चों को उनका TT10/TD10 टीकाकरण प्राप्त करते हुए सूचित किया, या वे शहरी क्षेत्र हैं जहाँ 16 वर्ष से अधिक उम्र के एक से अधिक बच्चे ने अपना TT16/TD16 खुराक प्राप्त किया।"
INDIA_HMIS_Sub_District_Report_Facility_wise,Bengali,b04c5691,0.7983118891716003,"Rank the urban sub-districts by their total allopathic outpatient attendance, showing both the attendance figures and the total BCG vaccinations administered in each.","শহুরে উপজেলাগুলোকে তাদের মোট অ্যালোপ্যাথিক বহির্বিভাগীয় উপস্থিতি অনুযায়ী ক্রমানুসারে সাজান, প্রতিটিতে উপস্থিতির সংখ্যা এবং মোট বিসিজি টিকাদান প্রদর্শন করুন।"
INDIA_ROAD_ACCIDENTS_DATASET_2001,Hindi,1c2bc7c6,0.7983213663101196,"List the accident IDs for cases involving drivers with 1-2 years of driving experience, where the total sum of casualties for each accident is greater than 3, ordered by the maximum number of casualties in descending order.","उन दुर्घटना IDs की सूची बनाएं जिनमें 1-2 साल की ड्राइविंग अनुभव वाले ड्राइवर शामिल हैं, जहां प्रत्येक दुर्घटना के लिए हताहतों का कुल योग 3 से अधिक है, अधिकतम हताहतों की संख्या के आधार पर अवरोही क्रम में क्रमबद्ध।"
INDIA_HMIS_Sub_District_Report_Rural_Urban,Tamil,3b902ac4,0.7985493540763855,"List the sub-districts, in alphabetical order, that have distributed more than 5,000 oral pill cycles or over 10,000 condoms.","இந்த வினவலைத் தமிழில் மொழிபெயர்க்கவும்:
அகர வரிசையில், 5,000 வாய்வழி மாத்திரை சுழற்சிகளுக்கு மேல் அல்லது 10,000 கந்தைத் தடுப்புகளுக்கு மேல் விநியோகித்த துணை மாவட்டங்களை பட்டியலிடுங்கள்."
INDIA_IHDS_2005_INDIVIDUAL_SURVEY,Hindi,74201bc5,0.7985655665397644,Identify individuals who have completed more than ten years of education but have never held a job.,"इस प्रश्न का अनुवाद करें:
उन व्यक्तियों की पहचान करें जिन्होंने दस वर्ष से अधिक की शिक्षा पूरी की है लेकिन कभी नौकरी नहीं की है।"
INDIA_IHDS_2011_TRACKING_SURVEY,Hindi,a2855db8,0.7986198663711548,List the household ID and the new household split number for all records where the household status ID is 1 and the same address indicator is 'Yes'.,उन सभी रिकॉर्ड्स के लिए हाउसहोल्ड आईडी (household ID) और नया हाउसहोल्ड स्प्लिट नंबर (household split number) सूचीबद्ध करें जहाँ हाउसहोल्ड स्टेटस आईडी 1 है और समान पता संकेतक (same address indicator) 'Yes' है।
INDIA_HMIS_Sub_District_Report_Rural_Urban,Hindi,52be298a,0.7986531257629395,Identify the top 5 rural sub-districts that distributed the highest number of combined oral pill cycles throughout the year 2021.,"इस क्वेरी का अनुवाद करें:
वर्ष 2021 में संयुक्त मौखिक गोली चक्रों की सर्वाधिक संख्या वितरित करने वाले शीर्ष 5 ग्रामीण उप-जिलों की पहचान करें।"
INDIA_HMIS_Sub_District_Report_Facility_wise,Tamil,192c033b,0.7989411354064941,Which rural sub-districts reported at least some administration of the first Vitamin A dose during the year 2022?,2022 ஆம் ஆண்டில் எந்த கிராமப்புற துணை மாவட்டங்களில் குறைந்தபட்சம் முதல் வைட்டமின் ஏ டோஸ் நிர்வாகம் செய்யப்பட்டது?
INDIA_IHDS_2011_TRACKING_SURVEY,Hindi,240e88c4,0.7991733551025391,"For the state of Rajasthan, list the state code, the total count of household IDs, and the average household split number, grouped by the state code.","राजस्थान राज्य के लिए, राज्य कोड, घरेलू आईडी (household IDs) की कुल संख्या और औसत घरेलू विभाजन संख्या (average household split number) की सूची बनाएं, जिन्हें राज्य कोड के अनुसार समूहित (grouped) किया गया हो।"
INDIA_Economic_Census_Firms,Tamil,57faa295,0.7994363307952881,"List the sub-district names and the ULB/RLB village names located in the 'Chittoor' district, excluding any sub-districts that are also found in the 'Prakasam' district, grouped by sub-district and village name and ordered alphabetically by sub-district.","'சித்தூர்' மாவட்டத்தில் உள்ள உட்கோட்ட பெயர்கள் மற்றும் நகராட்சி/கிராம ஊராட்சி கிராம பெயர்களை, 'பிரகாசம்' மாவட்டத்திலும் காணப்படும் உட்கோட்டங்களை விலக்கி, உட்கோட்டம் மற்றும் கிராம பெயர் வாரியாக குழுவாக்கி, உட்கோட்ட பெயர் அகரவரிசையில் வரிசைப்படுத்தவும்."
INDIA_IHDS_2011_TRACKING_SURVEY,Hindi,8ec6854c,0.7995197176933289,"List the PSU code and the total count of household IDs for each PSU code, sorted by the count in descending order, and show only the top 10 results.","प्रत्येक PSU कोड के लिए PSU कोड और हाउसहोल्ड (household) आईडी की कुल संख्या सूचीबद्ध करें, संख्या के आधार पर अवरोही क्रम (descending order) में व्यवस्थित करें, और केवल शीर्ष 10 परिणाम दिखाएं।"
INDIA_HMIS_Sub_District_Report_Rural_Urban,Hindi,cc96cd23,0.7996026873588562,"List the rural sub-districts that have distributed more than 5,000 condoms, ranked from highest to lowest distribution volume.","इस क्वेरी का अनुवाद करें:
उन ग्रामीण उप-जिलों की सूची बनाएं जिन्होंने 5,000 से अधिक कंडोम वितरित किए हैं, उच्चतम से निम्नतम वितरण मात्रा के अनुसार क्रमबद्ध किया गया।"
INDIA_IHDS_2005_HOUSEHOLD_SURVEY,Bengali,6abea354,0.7996914386749268,"Identify households with an asset index of 27 and a specific type of social network contact, ranked by their total monthly consumption expenditure.","এই প্রশ্নটি অনুবাদ করুন:
২৭ সম্পদ সূচক এবং একটি নির্দিষ্ট ধরনের সামাজিক নেটওয়ার্ক যোগাযোগ রয়েছে এমন পরিবারগুলি চিহ্নিত করুন, তাদের মোট মাসিক ভোগ ব্যয় অনুসারে ক্রমানুসারে সাজিয়ে।"
INDIA_HMIS_Sub_District_Report_Rural_Urban,Hindi,60b35c55,0.7999112606048584,"Provide the immunization IDs and counts for children over 10 years old who received TT10 or TD10 vaccines in rural areas during 2021, sorted by the number of children vaccinated.","यह क्वेरी अनुवादित करें:
ग्रामीण क्षेत्रों में 2021 के दौरान 10 वर्ष से अधिक उम्र के बच्चों के लिए टीटी10 या टीडी10 टीकाकरण प्राप्त करने वाले बच्चों के टीकाकरण आईडी और गणना प्रदान करें, टीकाकृत बच्चों की संख्या के अनुसार क्रमबद्ध करें।"
INDIA_IHDS_2011_TRACKING_SURVEY,Tamil,b7d8b586,0.7999189496040344,"For each state code, list the state code itself, the total count of household IDs, and the average household split number.","ஒவ்வொரு மாநிலக் குறியீட்டிற்கும் (state code), அந்த மாநிலக் குறியீடு, மொத்த வீட்டுக் குறியீடுகளின் (household IDs) எண்ணிக்கை மற்றும் சராசரி வீட்டுக் பிரிவு எண் (average household split number) ஆகியவற்றைப் பட்டியலிடவும்."
INDIA_ROAD_ACCIDENTS_DATASET_2001,Tamil,e152aadf,0.800012469291687,"List the casualty classes where the average casualty severity is greater than 1, ordered by the average severity from highest to lowest, and show only the top 10 results.","சாதாரண சேதம் வகுப்புகளை பட்டியலிடுங்கள், அங்கு சராசரி சாதாரண சேதம் தீவிரம் 1 ஐ விட அதிகமாக உள்ளது, சராசரி தீவிரத்தின் அடிப்படையில் மிக உচ்சமாக மிக குறைவாக வரிசைப்படுத்தப்பட்டுள்ளது, மற்றும் முதல் 10 முடிவுகளை மட்டுமே காட்டுங்கள்."
INDIA_ROAD_ACCIDENTS_DATASET_2001,Bengali,c24c13f9,0.8000485897064209,"List the casualty IDs for casualties classified as pedestrians where the fitness of the casualty is normal, grouped by their casualty ID.","পথচারী হিসাবে শ্রেণীবদ্ধ ক্ষতিগ্রস্তদের জন্য ক্ষতিগ্রস্ত আইডি তালিকাভুক্ত করুন যেখানে ক্ষতিগ্রস্তের ফিটনেস স্বাভাবিক, তাদের ক্ষতিগ্রস্ত আইডি দ্বারা গোষ্ঠীভুক্ত।"
INDIA_HMIS_Sub_District_Report_Rural_Urban,Bengali,7b1134c5,0.8000622987747192,Show the allopathic outpatient attendance figures for the month of September 2020.,সেপ্টেম্বর ২০২০ মাসের অ্যালোপ্যাথিক বহির্বিভাগে উপস্থিতির সংখ্যা দেখান।
INDIA_HMIS_Sub_District_Report_Rural_Urban,Hindi,82925e27,0.8001413345336914,"Provide a count of districts for each state, listed in alphabetical order by state name.","प्रत्येक राज्य के लिए जिलों की संख्या प्रदान करें, राज्य के नाम के वर्णानुक्रम में सूचीबद्ध किया गया।"
INDIA_IHDS_2005_INDIVIDUAL_SURVEY,Hindi,ec543cbd,0.8001868724822998,Provide a breakdown by state and urban/rural status showing the average household size and the total number of households recorded.,"इस प्रश्न का अनुवाद करें:
राज्य और शहरी/ग्रामीण स्थिति के अनुसार एक विवरण प्रदान करें जो औसत परिवार आकार और दर्ज किए गए परिवारों की कुल संख्या दर्शाता हो।"
INDIA_IHDS_2005_INDIVIDUAL_SURVEY,Hindi,26225132,0.8003473281860352,Identify the districts that contain either households with more than five children under the age of 15 or households that are living above the poverty line.,"इस क्वेरी का अनुवाद करें:
उन जिलों की पहचान करें जिनमें या तो 15 वर्ष से कम उम्र के पांच से अधिक बच्चों वाले घर हैं या गरीबी रेखा से ऊपर रहने वाले घर हैं।"
INDIA_HMIS_Sub_District_Report_Rural_Urban,Tamil,0387be49,0.8003549575805664,"List the outpatient IDs and their corresponding allopathic attendance counts for December 2022, focusing only on those with recorded visits, sorted from highest to lowest attendance.","டிசம்பர் 2022-ல் பதிவுசெய்யப்பட்ட வருகைகளை மட்டும் கவனத்தில் கொண்டு, அனைத்து மருத்துவ வருகை எண்ணிக்கைகளுடன் அவற்றுடன் தொடர்புடைய புறநிலை நோயாளி ஐடிகளை பட்டியலிடுங்கள், மேலும் மிக உயர்ந்த முதல் குறைந்த வருகை வரிசையில் வரிசைப்படுத்துங்கள்."
INDIA_PRIMARY_POPULATION_CENSUS_1991,Hindi,4f5a5f50,0.8004169464111328,"For the census year 1991 in the state of 'Andaman And Nicobar Islands', list the districts and the total number of male main workers who are cultivators, specifically for districts where this sum is greater than zero, and display the top 10 districts sorted by the total number of male main workers who are cultivators in descending order.","1991 की जनगणना के लिए 'अंडमान और निकोबार द्वीप समूह' राज्य में, उन जिलों की सूची बनाएं जहां पुरुष मुख्य कामगार खेतिहरों की कुल संख्या शून्य से अधिक है, और पुरुष मुख्य कामगार खेतिहरों की कुल संख्या के अनुसार अवरोही क्रम में क्रमबद्ध करते हुए शीर्ष 10 जिलों को प्रदर्शित करें।"
INDIA_NWMP_Water_Quality_Data,Hindi,ab75799c,0.8007124662399292,"List the station name and station code for all stations, grouped by their name and code and ordered by station code, where either the water body type is 'TANK' or the state is 'Bihar'.","सभी स्टेशनों के लिए स्टेशन का नाम और स्टेशन कोड सूचीबद्ध करें, उनके नाम और कोड द्वारा समूहीकृत और स्टेशन कोड द्वारा क्रमबद्ध, जहां जल निकाय का प्रकार 'TANK' है या राज्य 'Bihar' है।"
INDIA_NWMP_Water_Quality_Data,Hindi,325ea3bb,0.8007452487945557,"List the station codes for stations that either recorded a maximum temperature in Celsius greater than 29 during the year 2023 or are located near a water body type of 'TANK', grouped by their station code.","उन स्टेशन कोड की सूची बनाएं जिन्होंने वर्ष 2023 के दौरान 29 डिग्री सेल्सियस से अधिक अधिकतम तापमान दर्ज किया है या 'TANK' प्रकार के जल निकाय के पास स्थित हैं, उनके स्टेशन कोड द्वारा समूहीकृत।"
INDIA_IHDS_2011_TRACKING_SURVEY,Hindi,d6b359a0,0.8008809089660645,List the household ID and the household split number for all records where the same address indicator is marked as 'Yes'.,उन सभी रिकॉर्ड्स के लिए हाउसहोल्ड आईडी (household ID) और हाउसहोल्ड स्प्लिट नंबर (household split number) की सूची बनाएं जहां समान पता संकेतक (same address indicator) 'Yes' के रूप में चिह्नित है।
INDIA_HMIS_Sub_District_Report_Facility_wise,Bengali,2db92e12,0.8009223341941833,"Rank the urban sub-districts by their total allopathic outpatient attendance for the year 2022, from highest to lowest.",২০২২ সালের মোট অ্যালোপ্যাথিক বহির্বিভাগীয় উপস্থিতির ভিত্তিতে শহুরে উপজেলাগুলোকে সর্বোচ্চ থেকে সর্বনিম্ন ক্রমে র্যাঙ্ক করুন।
INDIA_HMIS_Sub_District_Report_Facility_wise,Hindi,d5e0f430,0.8010537624359131,"List the rural sub-districts that recorded more than 10 administrations of the second MR vaccine dose for children aged 16-24 months in 2021, ranked by the total number of doses given.","इस प्रश्न का अनुवाद करें:
2021 में 16-24 महीने के बच्चों के लिए MR वैक्सीन की दूसरी डोज के 10 से अधिक प्रशासन दर्ज करने वाले ग्रामीण उप-जिलों की सूची बनाएं, जो दी गई डोज की कुल संख्या के अनुसार क्रमबद्ध हो।"
INDIA_HMIS_Sub_District_Report_Rural_Urban,Hindi,7b1134c5,0.8011640310287476,Show the allopathic outpatient attendance figures for the month of September 2020.,सितंबर 2020 के महीने के लिए एलोपैथिक आउटपेशेंट उपस्थिति के आंकड़े दिखाएं।
INDIA_IHDS_2005_INDIVIDUAL_SURVEY,Hindi,fbf26291,0.8011958599090576,"Identify the states and districts that contain households either belonging to the Brahmin group or ranking 21 on the household assets index, sorted alphabetically by state.","इस क्वेरी का अनुवाद करें:
उन राज्यों और जिलों की पहचान करें जिनमें या तो ब्राह्मण समूह से संबंधित परिवार हैं या जो घरेलू संपत्ति सूचकांक पर 21वें स्थान पर हैं, राज्य के अनुसार वर्णानुक्रम में क्रमबद्ध किए गए।"
INDIA_NWMP_Water_Quality_Data,Bengali,5c1e0a60,0.8013076186180115,"For the year 2021, list the station name and the type of water body, along with the maximum nitrate N mg per L recorded, specifically for stations where the water body type is 'LAKE', ensuring the maximum nitrate value is not null and ordering the results from highest to lowest maximum nitrate concentration.","২০২১ সালের জন্য স্টেশনের নাম এবং জলাশয়ের ধরন তালিকাভুক্ত করুন, সর্বোচ্চ নাইট্রেট N mg প্রতি L এর সাথে, বিশেষভাবে যেসব স্টেশনের জলাশয়ের ধরন 'LAKE', নিশ্চিত করুন যে সর্বোচ্চ নাইট্রেট মান null নয় এবং ফলাফলগুলি সর্বোচ্চ নাইট্রেট ঘনত্ব থেকে সর্বনিম্ন পর্যন্ত ক্রমানুসারে সাজান।"
INDIA_HMIS_Sub_District_Report_Facility_wise,Bengali,2b2b7b33,0.8014618158340454,Identify the sub-districts that have recorded allopathic outpatient attendance but have not reported any BCG vaccinations.,"যে উপজেলাগুলিতে অ্যালোপ্যাথিক বহির্বিভাগীয় উপস্থিতি নথিভুক্ত হয়েছে কিন্তু কোনো বিসিজি টিকাদানের রিপোর্ট করা হয়নি, সেগুলি চিহ্নিত করুন।"
INDIA_NWMP_Water_Quality_Data,Bengali,9f4081b7,0.8015605807304382,"First, find the maximum fecal streptococci MPN per 100ml for each type of water body, then calculate the average of these maximum values.","প্রথমে, প্রতিটি ধরনের জলাশয়ের জন্য প্রতি ১০০ মিলিলিটারে সর্বোচ্চ মল স্ট্রেপ্টোকক্কাই এমপিএন খুঁজে বের করুন, তারপর এই সর্বোচ্চ মানগুলির গড় হিসাব করুন।"
INDIA_ROAD_ACCIDENTS_DATASET_2001,Tamil,94ebfb34,0.801653265953064,"List the casualty class and the total count of bridge accident casualty IDs for records where the casualty severity is 2, specifically filtering for and showing only the 'Pedestrian' casualty class, ordered by the casualty class.","காயப்பட்ட வகுப்பு மற்றும் பாலம் விபத்து காயப்பட்ட ID களின் மொத்த எண்ணிக்கையை பட்டியலிடுங்கள், காயப்பட்ட தீவிரம் 2 ஆக இருக்கும் பதிவுகளுக்கு, குறிப்பாக 'பாதசாரி' காயப்பட்ட வகுப்பை மட்டுமே வடிகட்டி காட்டுங்கள், காயப்பட்ட வகுப்பு மூலம் வரிசைப்படுத்தப்பட்டது."
INDIA_ROAD_ACCIDENTS_DATASET_2001,Bengali,d26b618e,0.8017076253890991,"List the areas where accidents occurred for all incidents that took place on a Sunday involving more than one vehicle, grouped and ordered by the accident area.","রবিবার ঘটে যাওয়া এবং একাধিক যানবাহন জড়িত সমস্ত ঘটনার জন্য দুর্ঘটনা ঘটেছে এমন এলাকাগুলি তালিকাভুক্ত করুন, দুর্ঘটনা এলাকা অনুযায়ী গ্রুপ করা এবং সাজানো।"
INDIA_IHDS_2011_TRACKING_SURVEY,Tamil,7f3b380d,0.8018591403961182,"List the household ID, the household number, the household split number, and the state code for all records where the household split number is 1, ordered by the household ID.","குடும்பப் பிரிவு எண் (household split number) 1 ஆக இருக்கும் அனைத்துப் பதிவுகளுக்கான குடும்ப அடையாள எண் (household ID), குடும்ப எண் (household number), குடும்பப் பிரிவு எண் மற்றும் மாநிலக் குறியீடு (state code) ஆகியவற்றை குடும்ப அடையாள எண்ணின் வரிசைப்படி பட்டியலிடவும்."
INDIA_IHDS_2011_TRACKING_SURVEY,Tamil,dca5c813,0.8019013404846191,"For each state code, list the state code itself, the total count of household IDs, and the average household split number.","ஒவ்வொரு மாநிலக் குறியீட்டிற்கும் (state code), அந்த மாநிலக் குறியீடு, மொத்த வீட்டுக் குறியீடுகளின் (household IDs) எண்ணிக்கை மற்றும் சராசரி வீட்டுக் பிரிவு எண் (average household split number) ஆகியவற்றைப் பட்டியலிடுங்கள்."
INDIA_IHDS_2011_TRACKING_SURVEY,Tamil,cd91f0bd,0.8019383549690247,"List the unique PSU codes in ascending order for households where the completion status is 'Located', the household split number is 0, and the new household split number is 1.","குடியிருப்பின் நிலை 'Located' ஆகவும், குடும்பப் பிரிவு எண் (household split number) 0 ஆகவும், மற்றும் புதிய குடும்பப் பிரிவு எண் (new household split number) 1 ஆகவும் உள்ள வீடுகளுக்கான தனித்துவமான PSU குறியீடுகளை ஏறுவரிசையில் பட்டியலிடவும்."
INDIA_ROAD_ACCIDENTS_DATASET_2001,Bengali,e6ce2687,0.8019570112228394,List the casualty IDs for casualties classified as pedestrians where the casualty severity level is 2.,পথচারী হিসাবে শ্রেণীবদ্ধ ক্ষতিগ্রস্তদের জন্য ক্ষতিগ্রস্ত আইডি তালিকাভুক্ত করুন যেখানে ক্ষতিগ্রস্ত গুরুত্ব স্তর ২।
INDIA_Village_Amenities_Directory_2001,Tamil,4d0b1163,0.8019779920578003,"List the sub-district names and their corresponding district names for the districts of 'North And Middle Andaman', 'West Godavari', and 'Nicobars', where the total number of ayurvedic dispensaries or the total number of homeopathic dispensaries is at least zero, ordered alphabetically by district name and then by sub-district name.","'North And Middle Andaman', 'West Godavari' மற்றும் 'Nicobars' ஆகிய மாவட்டங்களுக்கான துணை மாவட்டப் பெயர்கள் மற்றும் அவற்றின் தொடர்புடைய மாவட்டப் பெயர்களைப் பட்டியலிடவும், அங்கு ஆயுர்வேத மருந்தகங்களின் மொத்த எண்ணிக்கை அல்லது ஹோமியோபதி மருந்தகங்களின் மொத்த எண்ணிக்கை குறைந்தபட்சம் பூஜ்ஜியமாக இருக்க வேண்டும், இவை மாவட்டப் பெயர் மற்றும் துணை மாவட்டப் பெயரின் அகரவரிசைப்படி வரிசைப்படுத்தப்பட வேண்டும்."
INDIA_HMIS_Sub_District_Report_Facility_wise,Tamil,b1dd527f,0.8020955920219421,Identify the sub-districts in the Andaman and Nicobar Islands where fewer than half of the registered pregnant women received four or more ANC checkups during 2021.,அந்தமான் மற்றும் நிக்கோபார் தீவுகளில் 2021 ஆம் ஆண்டில் பதிவு செய்யப்பட்ட கர்ப்பிணிப் பெண்களில் பாதிக்கும் குறைவானோர் நான்கு அல்லது அதற்கு மேற்பட்ட ANC பரிசோதனைகளைப் பெற்ற துணை மாவட்டங்களைக் கண்டறியவும்.
INDIA_ICRISAT_District_Level_Agricultural_Data,Tamil,04a7ea75,0.8021313548088074,"Provide a yearly breakdown of pearl millet yields for districts in Chhattisgarh between 1966 and 1970, sorted chronologically with the highest yields appearing first.","சத்தீஸ்கர் மாவட்டங்களில் 1966 முதல் 1970 வரையிலான முத்து தினை விளைச்சலின் ஆண்டு வாரியான பிரிவினையை வழங்கவும், காலவரிசைப்படி வரிசைப்படுத்தப்பட்டு, மிக உயர்ந்த விளைச்சல்கள் முதலில் தோன்றும்."
INDIA_ROAD_ACCIDENTS_DATASET_2001,Bengali,cf18af22,0.8021847009658813,Show all columns from the casualty dimension for records where the casualty class is 'Pedestrian' and the fitness of the casualty is 'Normal'.,ক্ষতিগ্রস্ত ব্যক্তির মাত্রা থেকে সমস্ত কলাম দেখান যেখানে ক্ষতিগ্রস্ত ব্যক্তির শ্রেণী 'পথচারী' এবং ক্ষতিগ্রস্ত ব্যক্তির সুস্থতা 'স্বাভাবিক'।
INDIA_NWMP_Water_Quality_Data,Bengali,58b51fb8,0.8024029731750488,"For the state of Bihar, list the station names and the maximum temperature in Celsius recorded at each station, showing the top 10 stations with the highest recorded temperatures.","বিहार রাज्य के लिए, स्टेशन के नाम और प्रत्येक स्टेशन पर दर्ज किए गए अधिकतम तापमान को सेल्सियस में सूचीबद्ध करें, सबसे अधिक दर्ज किए गए तापमान वाले शीर्ष 10 स्टेशनों को दिखाते हुए।

বিहার রাজ্যের জন্য, স্টেশনের নাম এবং প্রতিটি স্টেশনে সেলসিয়াসে রেকর্ড করা সর্বোচ্চ তাপমাত্রা তালিকাভুক্ত করুন, সর্বোচ্চ রেকর্ড করা তাপমাত্রা সহ শীর্ষ ১০টি স্টেশন দেখাচ্ছে।"
INDIA_HMIS_Sub_District_Report_Rural_Urban,Bengali,095bb0c4,0.8024301528930664,Identify the sub-districts that recorded allopathic outpatient attendance in 2022 but had no such attendance reported in 2021.,"এই প্রশ্নটি অনুবাদ করুন:
২০২২ সালে যেসব উপজেলায় অ্যালোপ্যাথিক বহির্বিভাগীয় উপস্থিতি রেকর্ড করা হয়েছে কিন্তু ২০২১ সালে এমন কোনো উপস্থিতি রিপোর্ট করা হয়নি, সেগুলি চিহ্নিত করুন।"
INDIA_NWMP_Water_Quality_Data,Tamil,ced30a55,0.8026363849639893,"For the year 2023, list the station name and the type of water body for all stations where the maximum conductivity in umhos per cm was greater than 2000, grouped by both the station name and the water body type.","2023 ஆம் ஆண்டிற்கு, அதிகபட்ச கடத்துத்திறன் umhos per cm இல் 2000 ஐ விட அதிகமாக இருந்த அனைத்து நிலையங்களுக்கான நிலையத்தின் பெயர் மற்றும் நீர்நிலையின் வகையை பட்டியலிடுக, நிலையத்தின் பெயர் மற்றும் நீர்நிலையின் வகை இரண்டிலும் குழுவாக்கப்பட்டது."
INDIA_IHDS_2011_TRACKING_SURVEY,Tamil,8c191850,0.8027999997138977,"Show all columns from the household core facts and the geography hierarchy for records where the new household split number is 1, and sort the results by state code and then by district code.","புதிய வீட்டுக் கிளை எண் (new household split number) 1-ஆக இருக்கும் பதிவுகளுக்கான வீட்டு அடிப்படைத் தரவுகள் (household core facts) மற்றும் புவியியல் படிநிலை (geography hierarchy) ஆகியவற்றிலிருந்து அனைத்து நெடுவரிசைகளையும் காண்பிக்கவும், மேலும் முடிவுகளை மாநிலக் குறியீடு (state code) மற்றும் மாவட்டக் குறியீடு (district code) ஆகியவற்றின் அடிப்படையில் வரிசைப்படுத்தவும்."
INDIA_Economic_Census_Firms,Bengali,9382a4a2,0.8028019666671753,"For the census year 2013, list each sub-district name and the total sum of establishments owned by Sikhs, sorted in descending order by that total sum.","২০১৩ সালের আদমশুমারির জন্য, প্রতিটি উপজেলার নাম এবং শিখদের মালিকানাধীন প্রতিষ্ঠানের মোট সংখ্যা তালিকাভুক্ত করুন, সেই মোট সংখ্যা অনুসারে অবরোহী ক্রমে সাজানো।"
INDIA_IHDS_2011_TRACKING_SURVEY,Tamil,725d9099,0.8030050992965698,"List the household ID, the household number, the new household split number, and the completion status for all records where the household split number is 1, ordered by the household ID.","குடும்பப் பிளவு எண் (household split number) 1 ஆக இருக்கும் அனைத்துப் பதிவுகளுக்கும், குடும்ப அடையாள எண் (household ID), குடும்ப எண் (household number), புதிய குடும்பப் பிளவு எண் (new household split number) மற்றும் பூர்த்தி செய்யப்பட்ட நிலை (completion status) ஆகியவற்றைப் பட்டியலிடவும்; இவை குடும்ப அடையாள எண்ணின் (household ID) வரிசைப்படி இருக்க வேண்டும்."
INDIA_NWMP_Water_Quality_Data,Tamil,b0475f67,0.8030649423599243,List the station codes for water bodies categorized as 'TANK' where the maximum nitrate N in milligrams per liter is greater than 18.6.,"நீர்த்தேக்கங்கள் என வகைப்படுத்தப்பட்ட நீர் உடல்களுக்கான நிலையக் குறியீடுகளை பட்டியலிடுங்கள், அங்கு மிலிகிராம் ஒன்றுக்கு லிட்டரில் அதிகபட்ச நைட்ரேட் N 18.6 ஐ விட அதிகமாக உள்ளது."
INDIA_HMIS_Sub_District_Report_Facility_wise,Bengali,eb2d5b40,0.8032479882240295,"Rank the sub-districts by their total allopathic outpatient attendance, from highest to lowest.",উপজেলাগুলোকে তাদের মোট অ্যালোপ্যাথিক বহির্বিভাগীয় উপস্থিতি অনুযায়ী সর্বোচ্চ থেকে সর্বনিম্ন ক্রমে সাজান।
INDIA_IHDS_2011_TRACKING_SURVEY,Bengali,032cf4dc,0.8032660484313965,"List the district codes and the total count of household IDs for households where the new household split number is greater than one, grouped by district code and ordered by the count in descending order for the top 10 results.","যেসব খানা বা পরিবারের নতুন খানা বিভাজন সংখ্যা (household split number) একের বেশি, জেলা কোড অনুযায়ী তাদের জেলা কোড এবং মোট খানা আইডি-র সংখ্যা তালিকাভুক্ত করুন এবং এই সংখ্যা অনুযায়ী ক্রমানুসারে সাজিয়ে শীর্ষ ১০টি ফলাফল প্রদর্শন করুন।"
INDIA_IHDS_2011_TRACKING_SURVEY,Bengali,7d516496,0.8033256530761719,"List the district codes and the total count of household IDs for households where the new household split number is not zero, grouped by their district code and ordered by the count in descending order for the top 10 results.","যেসব খানা বা পরিবারের নতুন খানা বিভাজন নম্বর (household split number) শূন্য নয়, তাদের জেলা কোড এবং মোট খানা আইডি-র সংখ্যা তালিকাভুক্ত করুন; এটি জেলা কোড অনুযায়ী গ্রুপ করুন এবং শীর্ষ ১০টি ফলাফলের জন্য সংখ্যার ক্রমানুসারে (descending order) সাজান।"
INDIA_ROAD_ACCIDENTS_DATASET_2001,Tamil,0bb2c4d3,0.8037694692611694,"List the light conditions and weather conditions along with the total number of casualties for each combination, grouped by light and weather conditions and ordered by the total casualties in descending order.","ஒளி நிலைகள் மற்றும் வானிலை நிலைகளை பட்டியலிடுங்கள், ஒவ்வொரு சேர்க்கையின் மொத்த உயிரிழப்புகளுடன், ஒளி மற்றும் வானிலை நிலைகளால் தொகுக்கப்பட்டு, மொத்த உயிரிழப்புகளின் அடிப்படையில் இறங்கு வரிசையில் வரிசைப்படுத்தப்பட்டுள்ளது."
INDIA_NWMP_Water_Quality_Data,Bengali,f3dad7ad,0.8038232326507568,"List the station name, the type of water body, and the state for all records where the state is 'Assam', grouped by the station name, water body type, and state, and ordered by the state.","সমস্ত রেকর্ডের জন্য স্টেশনের নাম, জলাশয়ের ধরন এবং রাজ্য তালিকাভুক্ত করুন যেখানে রাজ্য 'অসম', স্টেশনের নাম, জলাশয়ের ধরন এবং রাজ্য দ্বারা গ্রুপ করা হয়েছে, এবং রাজ্য দ্বারা অর্ডার করা হয়েছে।"
INDIA_IHDS_2005_HOUSEHOLD_SURVEY,Tamil,0d11cbfc,0.8038390874862671,"Provide a breakdown by state and health facility availability of the average monthly per capita consumption and total non-food spending, focusing only on areas where average consumption exceeds 329 and ranking the results by total expenditure.","இந்த வினவலை மொழிபெயர்க்கவும்:
சராசரி நுகர்வு 329 ஐ விட அதிகமாக உள்ள பகுதிகளில் மட்டும் கவனம் செலுத்தி, மாநிலம் மற்றும் சுகாதார வசதி கிடைப்பதன் அடிப்படையில் சராசரி மாதாந்திர தனிநபர் நுகர்வு மற்றும் மொத்த உணவு அல்லாத செலவினங்களின் பிரிவினையை வழங்கவும், மேலும் முடிவுகளை மொத்த செலவினத்தின் அடிப்படையில் வரிசைப்படுத்தவும்."
INDIA_Economic_Census_Firms,Bengali,c7d19184,0.8038824796676636,"For the census year 2013, list the sub-district names and the ULB/RLB village names along with the total sum of establishments owned by Sikhs, grouped by sub-district and village name and ordered by the sum in descending order.","২০১৩ সালের আদমশুমারির জন্য, উপজেলা নাম এবং ইউএলবি/আরএলবি গ্রামের নামগুলি তালিকাভুক্ত করুন, সাথে শিখদের মালিকানাধীন প্রতিষ্ঠানগুলির মোট সংখ্যা উপজেলা ও গ্রামের নাম অনুসারে গ্রুপ করে এবং মোট সংখ্যা অনুসারে অবরোহী ক্রমে সাজিয়ে।"
INDIA_HMIS_Sub_District_Report_Facility_wise,Tamil,03bc0f88,0.8038948774337769,"Identify the rural sub-districts that have recorded either more than 5,000 allopathic outpatient visits or over 1,000 BCG vaccinations, listed in alphabetical order.","கிராமப்புற துணை மாவட்டங்களை அடையாளம் காணவும், அவை 5,000 க்கும் மேற்பட்ட அனைத்து மருத்துவமுறை வெளிநோயாளர் வருகைகள் அல்லது 1,000 க்கும் மேற்பட்ட பிசிஜி தடுப்பூசிகள் பதிவு செய்துள்ளன, அகர வரிசையில் பட்டியலிடப்பட்டுள்ளன."
INDIA_IHDS_2011_TRACKING_SURVEY,Tamil,74e37e65,0.8040510416030884,"List the household ID, the household number, and the state code for all households where the household split number is not zero, ensuring that each group has at least one household status ID record, and order the results by the household ID in ascending order.","வீட்டுப் பிரிப்பு எண் (household split number) பூஜ்ஜியமாக இல்லாத அனைத்து வீடுகளின் வீட்டு ஐடி (household ID), வீட்டு எண் (household number) மற்றும் மாநிலக் குறியீடு (state code) ஆகியவற்றைப் பட்டியலிடவும்; ஒவ்வொரு குழுவிலும் குறைந்தபட்சம் ஒரு வீட்டு நிலை ஐடி (household status ID) பதிவு இருப்பதை உறுதிசெய்து, முடிவுகளை வீட்டு ஐடியின் ஏறுவரிசையில் வரிசைப்படுத்தவும்."
INDIA_IHDS_2005_INDIVIDUAL_SURVEY,Tamil,4b4059cc,0.8041425347328186,"Identify all states that contain at least one household where youth aged 15 to 21 outnumber children under 14, and also have at least one household living below the poverty line.","இந்த வினவலைத் தமிழில் மொழிபெயர்க்கவும்:
அனைத்து மாநிலங்களையும் அடையாளம் காணவும், அங்கு 15 முதல் 21 வயதுடைய இளைஞர்களின் எண்ணிக்கை 14 வயதுக்குட்பட்ட குழந்தைகளை விட அதிகமாக உள்ள குறைந்தது ஒரு வீட்டு வசதி உள்ளது, மேலும் வறுமைக் கோட்டிற்குக் கீழே வாழும் குறைந்தது ஒரு வீட்டு வசதியும் உள்ளது."
INDIA_Economic_Census_Firms,Tamil,a29de23a,0.8043860793113708,List the sub-district names in alphabetical order for the 2013 census year where the estimated transport storage and estimated accommodation food values are both greater than zero.,"2013 ஆம் ஆண்டின் மக்கள்தொகை கணக்கெடுப்பில், மதிப்பிடப்பட்ட போக்குவரத்து சேமிப்பு மற்றும் மதிப்பிடப்பட்ட தங்குமிட உணவு மதிப்புகள் இரண்டும் பூஜ்யத்தை விட அதிகமாக உள்ள துணை-மாவட்ட பெயர்களை அகரவரிசைப்படி பட்டியலிடுக."
INDIA_PRIMARY_POPULATION_CENSUS_1991,Bengali,e1e0c874,0.804660439491272,"List each district and the total number of female workers in trade and commerce for those districts located in the state of 'Andaman And Nicobar Islands', sorted by the sum of female workers in descending order.",'আন্দামান ও নিকোবর দ্বীপপুঞ্জ' রাজ্যে অবস্থিত জেলাগুলোর জন্য বাণিজ্য ও ব্যবসায়ে নারী শ্রমিকের মোট সংখ্যা অনুযায়ী প্রতিটি জেলা এবং সংশ্লিষ্ট নারী শ্রমিকের মোট সংখ্যা অবরোহী ক্রমানুসারে তালিকাভুক্ত করুন।
INDIA_HMIS_Sub_District_Report_Facility_wise,Tamil,d5e0f430,0.8046831488609314,"List the rural sub-districts that recorded more than 10 administrations of the second MR vaccine dose for children aged 16-24 months in 2021, ranked by the total number of doses given.","இந்த கேள்வியை மொழிபெயர்க்கவும்:
2021 ஆம் ஆண்டில், 16-24 மாதங்கள் வயதுடைய குழந்தைகளுக்கு இரண்டாவது MR தடுப்பூசி ஊசி போடுதல்கள் 10க்கும் மேற்பட்ட நிர்வாகங்களை பதிவு செய்துள்ள கிராமப்புற துணை மாவட்டங்களை, மொத்த ஊசி போடுதல்களின் எண்ணிக்கையின் அடிப்படையில் வரிசைப்படுத்தி பட்டியலிடுங்கள்."
INDIA_Economic_Census_Firms,Bengali,cf374eef,0.8047748804092407,"List the sub-district names for the census year 2013 where the total estimated manufacturing is greater than 0 and the total estimated construction is exactly 0, grouped and ordered alphabetically by the sub-district name.","২০১৩ সালের আদমশুমারি অনুযায়ী, মোট অনুমানিত উৎপাদন ০-এর বেশি এবং মোট অনুমানিত নির্মাণ ঠিক ০ হলে সেই উপজেলাগুলোর নাম বর্ণানুক্রমে দলবদ্ধ ও সাজানো হয়েছে।"
INDIA_HMIS_Sub_District_Report_Facility_wise,Tamil,22579f1c,0.8049366474151611,Which rural sub-districts recorded more than 10 administrations of the second dose of the MR vaccine for children aged 16 to 24 months during 2021?,"2021 ஆம் ஆண்டில், 16 முதல் 24 மாத வயதுடைய குழந்தைகளுக்கு MR தடுப்பூசியின் இரண்டாவது டோஸ் 10 நிர்வாகங்களுக்கும் மேல் பதிவு செய்யப்பட்ட கிராமிய துணை மாவட்டங்கள் எவை?"
INDIA_IHDS_2005_HOUSEHOLD_SURVEY,Tamil,c4a941e4,0.8049579858779907,Identify the codes for rural neighborhoods or villages that have both a health facility and a school available.,"கிராமப்புற அல்லது கிராமப் பகுதிகளில், ஒரு சுகாதார வசதி மற்றும் பள்ளி இரண்டும் உள்ள குறியீடுகளை அடையாளம் காணவும்."
INDIA_IHDS_2005_HOUSEHOLD_SURVEY,Tamil,906dc566,0.8051364421844482,Identify all households that either fall into the highest asset index category or have children whose school enrollment status is currently unrecorded.,"அனைத்து குடும்பங்களையும் அடையாளம் காணவும், அவை மிக உயர்ந்த சொத்து குறியீட்டு வகையில் அடங்கும் அல்லது அவர்களின் குழந்தைகளின் பள்ளி சேர்ந்த நிலை தற்போது பதிவு செய்யப்படாதவை."
INDIA_IHDS_2011_TRACKING_SURVEY,Tamil,2227925d,0.8051539659500122,"List the activity status and the education at migration code, along with the count of migrant employment IDs, for groups where the count of migrant employment IDs is greater than one, and order the results by this count in descending order.","ஒன்றுக்கும் மேற்பட்ட புலம்பெயர்ந்தோர் வேலைவாய்ப்பு ஐடிகளைக் (migrant employment IDs) கொண்ட குழுக்களின் செயல்பாட்டு நிலை (activity status), இடப்பெயர்வின் போதான கல்வி குறியீடு (education at migration code) மற்றும் புலம்பெயர்ந்தோர் வேலைவாய்ப்பு ஐடிகளின் எண்ணிக்கை ஆகியவற்றைப் பட்டியலிடவும்; மேலும் இந்த முடிவுகளை எண்ணிக்கையின் அடிப்படையில் இறங்கு வரிசையில் வரிசைப்படுத்தவும்."
INDIA_HMIS_Sub_District_Report_Rural_Urban,Tamil,095bb0c4,0.8055832386016846,Identify the sub-districts that recorded allopathic outpatient attendance in 2022 but had no such attendance reported in 2021.,"இந்த வினவலை மொழிபெயர்க்கவும்:
2022-ல் அனைத்து மருத்துவமுறை வெளிப்புற நோயாளி வருகை பதிவு செய்த, ஆனால் 2021-ல் அத்தகைய வருகை பதிவாகாத துணை மாவட்டங்களை அடையாளம் காணவும்."
INDIA_ICRISAT_District_Level_Agricultural_Data,Bengali,d49addb5,0.8056190609931946,"Provide the annual sunflower cultivation statistics, including area, production, and yield, for all districts in Chhattisgarh, ordered chronologically.","এই প্রশ্নটি অনুবাদ করুন:
ছত্তিশগড়ের সকল জেলার জন্য, ক্রমানুসারে, বার্ষিক সূর্যমুখী চাষের পরিসংখ্যান, যেমন এলাকা, উৎপাদন এবং ফলন, প্রদান করুন।"
INDIA_HMIS_Sub_District_Report_Facility_wise,Tamil,84e63d10,0.8057213425636292,"Identify the urban sub-districts that reported cases of pregnant women with hemoglobin levels below 11 in 2021, despite having used no pregnancy test kits.","2021 ஆம் ஆண்டில், கர்ப்ப காலத்தில் இரத்த சிவப்பணு அளவு 11 க்கும் குறைவாக இருந்த கர்ப்பிணிப் பெண்களின் வழக்குகளைப் பதிவு செய்த நகர்ப்புற துணை மாவட்டங்களை அடையாளம் காணவும், இருப்பினும் கர்ப்ப சோதனை கருவிகள் பயன்படுத்தப்படவில்லை."
INDIA_ROAD_ACCIDENTS_DATASET_2001,Bengali,8567458b,0.805753767490387,"List the age band of the driver, the average number of casualties, and the total sum of casualty severity for the top 5 driver age bands with more than one accident, ordered by the average number of casualties in descending order.","চালকের বয়স ব্যান্ড, গড় আহত সংখ্যা এবং একাধিক দুর্ঘটনা সহ শীর্ষ ৫ চালক বয়স ব্যান্ডের জন্য আহতের মোট গুরুত্ব তালিকাভুক্ত করুন, গড় আহত সংখ্যা অনুযায়ী অবরোহী ক্রমে সাজানো।"
INDIA_Economic_Census_Firms,Tamil,0d4f65de,0.8057817220687866,"For each sub-district name in the rural sector category, list the sub-district name along with the total estimated finance from institutional borrowing and the total estimated finance from self-help group loans, provided that the total institutional borrowing is greater than zero, and sort the results by total institutional borrowing in descending order.","ஊரகப் பிரிவு வகையில் உள்ள ஒவ்வொரு துணை-மாவட்ட பெயருக்கும், நிறுவன கடன் மூலம் மொத்த மதிப்பிடப்பட்ட நிதி மற்றும் சுய உதவிக் குழு கடன்கள் மூலம் மொத்த மதிப்பிடப்பட்ட நிதி ஆகியவற்றுடன் துணை-மாவட்ட பெயரை பட்டியலிடுங்கள், நிபந்தனையாக மொத்த நிறுவன கடன் பூஜ்ஜியத்தை விட அதிகமாக இருக்க வேண்டும், மேலும் முடிவுகளை மொத்த நிறுவன கடன் அடிப்படையில் இறங்கு வரிசையில் வரிசைப்படுத்துங்கள்."
INDIA_ICRISAT_District_Level_Agricultural_Data,Bengali,b88f422d,0.8059446811676025,Which districts in 1970 recorded either a groundnut yield exceeding 500 kg per hectare or any soybean production?,১৯৭০ সালে কোন জেলাগুলিতে হয় মাটির নিচের বাদামের ফলন হেক্টর প্রতি ৫০০ কেজি ছাড়িয়েছিল অথবা কোন সয়াবিন উৎপাদন হয়েছিল?
INDIA_ICRISAT_District_Level_Agricultural_Data,Tamil,b56daaac,0.8060150742530823,"List the names of districts in Chhattisgarh that reported sunflower yield data for the year 1970, sorted alphabetically.",சத்தீஸ்கரில் 1970 ஆம் ஆண்டில் சூரியகாந்தி விளைச்சல் தரவைப் பதிவு செய்த மாவட்டங்களின் பெயர்களை அகர வரிசையில் பட்டியலிடுங்கள்.
INDIA_IHDS_2005_HOUSEHOLD_SURVEY,Bengali,2fef3613,0.8060317635536194,"Identify all households that have at least five animal care workers and an asset index of 17, sorted by their ID.","এই প্রশ্নটি অনুবাদ করুন:
সকল পরিবার চিহ্নিত করুন যাদের অন্তত পাঁচ জন প্রাণী যত্ন কর্মী এবং ১৭ এর সম্পদ সূচক রয়েছে, তাদের আইডি অনুসারে সাজানো।"
INDIA_HMIS_Sub_District_Report_Rural_Urban,Bengali,0387be49,0.8065422773361206,"List the outpatient IDs and their corresponding allopathic attendance counts for December 2022, focusing only on those with recorded visits, sorted from highest to lowest attendance.","এই প্রশ্নটি অনুবাদ করুন:
ডিসেম্বর ২০২২-এর জন্য বহির্বিভাগের আইডিগুলো এবং তাদের সংশ্লিষ্ট অ্যালোপ্যাথিক উপস্থিতির সংখ্যা তালিকাভুক্ত করুন, শুধুমাত্র যাদের ভিজিট রেকর্ড করা হয়েছে তাদের উপর ফোকাস করে, উপস্থিতির সংখ্যা সর্বোচ্চ থেকে সর্বনিম্ন অনুসারে সাজানো।"
INDIA_ROAD_ACCIDENTS_DATASET_2001,Bengali,bbc25a79,0.8067718744277954,"List the light conditions and weather conditions for all environmental settings where the total number of casualties exceeds 2, and display these results in descending order based on the total sum of casualties.","সমস্ত পরিবেশগত সেটিংসের জন্য আলোর অবস্থা এবং আবহাওয়ার অবস্থা তালিকাভুক্ত করুন যেখানে মোট হতাহতের সংখ্যা ২ এর বেশি, এবং মোট হতাহতের যোগফলের উপর ভিত্তি করে এই ফলাফলগুলি অবরোহী ক্রমে প্রদর্শন করুন।"
INDIA_IHDS_2011_TRACKING_SURVEY,Bengali,51da6a4b,0.806910514831543,"List the state code and the district code for all areas where the household completion status is 'Located' and the household split number is not 0, specifically for those state and district combinations that have more than one household record, ordered by state code in ascending order.","সেই সমস্ত এলাকার স্টেট কোড (state code) এবং ডিস্ট্রিক্ট কোড (district code) তালিকাভুক্ত করুন যেখানে হাউসহোল্ড কমপ্লিশন স্ট্যাটাস (household completion status) 'Located' এবং হাউসহোল্ড স্প্লিট নম্বর (household split number) ০ নয়, বিশেষ করে সেই স্টেট এবং ডিস্ট্রিক্ট কম্বিনেশনগুলোর জন্য যেগুলোতে একের অধিক হাউসহোল্ড রেকর্ড রয়েছে, এবং স্টেট কোড অনুযায়ী আরোহী ক্রমে (ascending order) সাজান।"
INDIA_HMIS_Sub_District_Report_Facility_wise,Tamil,5cfd4d5f,0.8070250749588013,Which rural sub-districts recorded more than 10 administrations of the second dose of the MR vaccine for children aged 16 to 24 months during the year 2021?,"2021 ஆம் ஆண்டில், 16 முதல் 24 மாதங்கள் வயதுடைய குழந்தைகளுக்கு MR தடுப்பூசியின் இரண்டாவது டோஸ் 10 க்கும் மேற்பட்ட நிர்வாகங்களைப் பதிவு செய்த கிராமிய துணை மாவட்டங்கள் எவை?"
INDIA_Economic_Census_Firms,Bengali,9e644c4d,0.8071715235710144,"For the census year 2013, considering only the record with the maximum time ID available, list the names of the ULB, RLB, or villages where the total sum of establishments owned by females is exactly zero.","২০১৩ সালের আদমশুমারির জন্য, সর্বাধিক সময় আইডি সহ রেকর্ডটি বিবেচনা করে, যে ইউএলবি, আরএলবি বা গ্রামগুলিতে মহিলাদের মালিকানাধীন প্রতিষ্ঠানের মোট সংখ্যা ঠিক শূন্য, সেগুলির নাম তালিকাভুক্ত করুন।"
INDIA_ROAD_ACCIDENTS_DATASET_2001,Bengali,0bb2c4d3,0.8073465824127197,"List the light conditions and weather conditions along with the total number of casualties for each combination, grouped by light and weather conditions and ordered by the total casualties in descending order.","আলোর অবস্থা এবং আবহাওয়ার অবস্থা তালিকাভুক্ত করুন প্রতিটি সমন্বয়ের জন্য মোট হতাহতের সংখ্যা সহ, আলো এবং আবহাওয়ার অবস্থা অনুযায়ী গোষ্ঠীভুক্ত করুন এবং মোট হতাহত অনুযায়ী অবরোহী ক্রমে সাজান।"
INDIA_IHDS_2011_TRACKING_SURVEY,Bengali,52c5188e,0.8076021671295166,"Show the education at migration codes and the total count of migrants for those whose activity status is 'Salaried' and whose married when migrated indicator is not null, grouped by their education at migration code and ordered by the count in descending order for the top 5 results.",মাইগ্রেশন কোড অনুযায়ী শিক্ষা এবং অভিবাসীদের মোট সংখ্যা দেখান যাদের কর্মসংস্থানের অবস্থা 'বেতনভোগী' (Salaried) এবং যাদের অভিবাসনের সময় বৈবাহিক অবস্থার নির্দেশকটি খালি (not null) নয়; ফলাফলগুলো মাইগ্রেশন কোড অনুযায়ী গ্রুপ করুন এবং সংখ্যা অনুযায়ী বড় থেকে ছোট ক্রমে সাজিয়ে শীর্ষ ৫টি ফলাফল প্রদর্শন করুন।
INDIA_HMIS_Sub_District_Report_Rural_Urban,Tamil,7b1134c5,0.8076462745666504,Show the allopathic outpatient attendance figures for the month of September 2020.,செப்டம்பர் 2020 மாதத்திற்கான அனைத்து வகையான மருத்துவமனை வெளிநோயாளர் வருகை புள்ளிவிவரங்களைக் காட்டு.
INDIA_ROAD_ACCIDENTS_DATASET_2001,Bengali,3de8a963,0.8077734112739563,"List the casualty ID, the casualty class, the sex of the casualty, and the accident severity for casualties classified as 'Pedestrian' who have a 'Normal' fitness level, ensuring each casualty is associated with at least one accident, and order the results by the casualty class.","ক্ষতিগ্রস্ত আইডি, ক্ষতিগ্রস্ত শ্রেণী, ক্ষতিগ্রস্তের লিঙ্গ এবং দুর্ঘটনার গুরুত্ব তালিকাভুক্ত করুন যারা 'পথচারী' হিসাবে শ্রেণীবদ্ধ এবং 'সাধারণ' ফিটনেস স্তর রয়েছে, প্রতিটি ক্ষতিগ্রস্ত কমপক্ষে একটি দুর্ঘটনার সাথে যুক্ত তা নিশ্চিত করে, এবং ফলাফলগুলি ক্ষতিগ্রস্ত শ্রেণী অনুসারে অর্ডার করুন।"
INDIA_ROAD_ACCIDENTS_DATASET_2001,Tamil,2736c3fd,0.8078284859657288,"List the light conditions for accidents where the number of casualties is greater than two, specifically for those light conditions that appear more than once in the records.","விபத்துக்களுக்கான ஒளி நிலைமைகளை பட்டியலிடுங்கள், அங்கு உயிரிழப்பு எண்ணிக்கை இரண்டுக்கு மேல் உள்ளது, குறிப்பாக பதிவுகளில் ஒன்றுக்கு மேல் முறை தோன்றும் ஒளி நிலைமைகளுக்கு."
INDIA_IHDS_2005_INDIVIDUAL_SURVEY,Bengali,72e99af0,0.8079168796539307,Which states contain at least one district with Dalit households and also report households with an asset index of 15?,যে রাজ্যগুলিতে অন্তত একটি জেলা আছে যেখানে দলিত পরিবার রয়েছে এবং যেখানে ১৫ সম্পদ সূচক সহ পরিবারও রিপোর্ট করা হয়েছে?
INDIA_ROAD_ACCIDENTS_DATASET_2001,Bengali,ff0e8585,0.8080258965492249,"For accidents that occurred on a Monday, list each area where the accident occurred along with the average number of casualties and the total count of accident IDs, grouped by the area and ordered by the average casualties in descending order.","সোমবারে ঘটা দুর্ঘটনাগুলির জন্য, প্রতিটি এলাকা তালিকাভুক্ত করুন যেখানে দুর্ঘটনা ঘটেছে এবং গড় হতাহতের সংখ্যা এবং দুর্ঘটনা আইডির মোট সংখ্যা সহ, এলাকা অনুযায়ী গ্রুপ করা এবং গড় হতাহত অনুযায়ী অবরোহী ক্রমে সাজানো।"
INDIA_NWMP_Water_Quality_Data,Tamil,0706f6e2,0.8080413937568665,"List the state IDs for states that have stations located on lakes, excluding those state IDs that have stations located on tanks.","ஏரிகளில் அமைந்துள்ள நிலையங்களைக் கொண்ட மாநிலங்களின் மாநில ID களை பட்டியலிடுங்கள், தொட்டிகளில் அமைந்துள்ள நிலையங்களைக் கொண்ட மாநில ID களை除外 செய்து."
INDIA_ROAD_ACCIDENTS_DATASET_2001,Bengali,d3c43b0a,0.8082700967788696,Show all columns and details from the driver dimension for those drivers who have between 1-2 years of driving experience or whose educational level is junior high school.,ড্রাইভার ডাইমেনশন থেকে সমস্ত কলাম এবং বিবরণ দেখান যেসব ড্রাইভারদের ১-২ বছরের ড্রাইভিং অভিজ্ঞতা রয়েছে অথবা যাদের শিক্ষাগত স্তর মাধ্যমিক বিদ্যালয়।
INDIA_Economic_Census_Firms,Tamil,5fca6279,0.8082841634750366,"List the state name, the district name, and the ULB/RLB village name, grouped by state, district, and village name, and ordered alphabetically by the village name.","மாநிலத்தின் பெயர், மாவட்டத்தின் பெயர், மற்றும் நகராட்சி/கிராம ஊராட்சி கிராமத்தின் பெயர் ஆகியவற்றை பட்டியலிடுங்கள், மாநிலம், மாவட்டம் மற்றும் கிராமத்தின் பெயர் வாரியாக குழுவாக்கி, கிராமத்தின் பெயரின் அகரவரிசைப்படி வரிசைப்படுத்துங்கள்."
INDIA_IHDS_2005_HOUSEHOLD_SURVEY,Tamil,667db15d,0.8083975315093994,"Provide a breakdown of household and income statistics across different caste and religious groups, ranked by their average household count.","பல்வேறு சாதி மற்றும் மத குழுக்களில் வீட்டு மற்றும் வருமான புள்ளிவிவரங்களின் விளக்கம் வழங்கவும், அவற்றின் சராசரி வீட்டு எண்ணிக்கையின் அடிப்படையில் வரிசைப்படுத்தப்பட்டுள்ளது."
INDIA_HMIS_Sub_District_Report_Rural_Urban,Tamil,808a7a77,0.8085228204727173,Which sub-districts reported at least one first dose of the Rotavirus vaccine but zero third doses during the year 2021?,"2021 ஆம் ஆண்டில் ரோட்டா வைரஸ் தடுப்பூசியின் குறைந்தபட்சம் ஒரு முதல் டோஸ் பதிவாகியுள்ள, ஆனால் மூன்றாவது டோஸ் பூஜ்ஜியமாக உள்ள துணை மாவட்டங்கள் எவை?"
INDIA_Village_Amenities_Directory_2001,Tamil,2c9a0aca,0.8086579442024231,"List the district names located in the state of 'Andaman And Nicobar Islands' that have a district ID count greater than zero, and display the top 5 results ordered by the count of district IDs in descending order.","'அந்தமான் மற்றும் நிக்கோபார் தீவுகள்' (Andaman And Nicobar Islands) மாநிலத்தில் உள்ள மாவட்டங்களின் பெயர்களைப் பட்டியலிடவும். இதில் மாவட்ட ஐடி (district ID) எண்ணிக்கை பூஜ்ஜியத்தை விட அதிகமாக இருக்க வேண்டும், மேலும் மாவட்ட ஐடி எண்ணிக்கையின் அடிப்படையில் இறங்கு வரிசையில் முதல் 5 முடிவுகளைக் காட்டவும்."
INDIA_HMIS_Sub_District_Report_Facility_wise,Bengali,ad3d03d6,0.8086865544319153,"Identify the sub-districts that consistently reported allopathic outpatient attendance in both 2021 and 2022, listed in alphabetical order.","এই প্রশ্নটি অনুবাদ করুন:
২০২১ এবং ২০২২ উভয় বছরেই যে উপজেলাগুলো ধারাবাহিকভাবে অ্যালোপ্যাথিক বহির্বিভাগীয় উপস্থিতি রিপোর্ট করেছে, সেগুলো বর্ণানুক্রমিক ক্রমে তালিকাভুক্ত করুন।"
INDIA_ROAD_ACCIDENTS_DATASET_2001,Tamil,7265cf38,0.8091303110122681,"For casualties classified as pedestrians, list each sex of casualty and their corresponding average casualty severity, filtering for groups where the average severity is greater than 1, and order the results by the sex of the casualty.","பாதசாரிகளாக வகைப்படுத்தப்பட்ட காயங்களுக்கு, ஒவ்வொரு காயத்தின் பாலினம் மற்றும் அவற்றின் தொடர்புடைய சராசரி காயத்தின் தீவிரத்தை பட்டியலிடவும், சராசரி தீவிரம் 1 ஐ விட அதிகமாக உள்ள குழுக்களுக்கு வடிகட்டி, காயத்தின் பாலினத்தின் அடிப்படையில் முடிவுகளை வரிசைப்படுத்தவும்."
INDIA_Economic_Census_Firms,Tamil,1d4a3e0b,0.8091376423835754,"For the census year 2013, list the names of sub-districts where the number of establishments owned by females is greater than zero, ensuring that each sub-district name is included only if it has at least one record.","2013 ஆம் ஆண்டு மக்கள் தொகை கணக்கெடுப்பிற்கு, பெண்களுக்கு சொந்தமான நிறுவனங்களின் எண்ணிக்கை பூஜ்யத்தை விட அதிகமாக உள்ள துணை மாவட்டங்களின் பெயர்களை பட்டியலிடுங்கள், ஒவ்வொரு துணை மாவட்ட பெயரும் குறைந்தது ஒரு பதிவு இருந்தால் மட்டுமே சேர்க்கப்படுவதை உறுதி செய்யுங்கள்."
INDIA_HMIS_Sub_District_Report_Rural_Urban,Bengali,158cea0b,0.8092398047447205,"Provide the IDs and names of all rural sub-districts, including their parent district IDs.","এই প্রশ্নটি অনুবাদ করুন:
সমস্ত গ্রামীণ উপজেলার আইডি এবং নাম প্রদান করুন, তাদের মূল জেলার আইডি সহ।"
INDIA_HMIS_Sub_District_Report_Rural_Urban,Bengali,49345135,0.8092599511146545,"Rank the sub-districts and their area types by the total number of allopathic outpatient visits recorded throughout 2021, starting with the highest attendance.","উপজেলা এবং তাদের এলাকার ধরনগুলোকে ২০২১ সালে রেকর্ড করা অ্যালোপ্যাথিক বহির্বিভাগীয় পরিদর্শনের মোট সংখ্যা অনুসারে ক্রমানুসারে সাজান, সর্বোচ্চ উপস্থিতি দিয়ে শুরু করে।"
INDIA_HMIS_Sub_District_Report_Rural_Urban,Tamil,77b3cae2,0.8100320100784302,"Provide a breakdown of sub-districts and their area types, showing the total count of pregnant women with hemoglobin levels below 11 for the first year, focusing only on records where the count is less than 38 and ranking the results from highest to lowest.","இந்த வினவலை மொழிபெயர்க்கவும்:
துணை மாவட்டங்கள் மற்றும் அவற்றின் பகுதி வகைகளின் விவரங்களை வழங்கவும், முதல் ஆண்டுக்கான 11 க்கும் குறைவான ஹீமோகுளோபின் அளவைக் கொண்ட கர்ப்பிணிப் பெண்களின் மொத்த எண்ணிக்கையைக் காட்டவும், எண்ணிக்கை 38 க்கும் குறைவாக உள்ள பதிவுகளில் மட்டுமே கவனம் செலுத்தவும் மற்றும் முடிவுகளை மிக உயர்ந்ததிலிருந்து மிகக் குறைந்த வரை வரிசைப்படுத்தவும்."
INDIA_NWMP_Water_Quality_Data,Tamil,3d81663e,0.8103642463684082,"List the station code and the maximum conductivity in micromhos per centimeter for the top 10 records where the type of water body is a lake, ordered by the maximum conductivity from highest to lowest.","நீர்நிலையின் வகை ஏரி என்ற 10 சிறந்த பதிவுகளுக்கான நிலையக குறியீடு மற்றும் மைக்ரோமோஸ் ஒரு சென்டிமீட்டருக்கு அதிகபட்ச கடத்துத்திறனை பட்டியலிடுங்கள், அதிகபட்ச கடத்துத்திறனால் மிக உயர்ந்ததிலிருந்து மிகக் குறைந்ததாக வரிசைப்படுத்தப்பட்டுள்ளது."
INDIA_Economic_Census_Firms,Tamil,a7c2466f,0.8104247450828552,"List the names of the ULB, RLB, or villages where the estimated transport and storage value is greater than 50 or the estimated accommodation and food services value is greater than 50, ordered alphabetically by the village name.","ஊராட்சி ஒன்றியம், கிராம ஊராட்சி அல்லது கிராமங்களின் பெயர்களை, மதிப்பிடப்பட்ட போக்குவரத்து மற்றும் சேமிப்பு மதிப்பு 50-க்கு மேல் அல்லது மதிப்பிடப்பட்ட தங்குமிடம் மற்றும் உணவு சேவைகள் மதிப்பு 50-க்கு மேல் உள்ள இடங்களின் பட்டியலை, கிராமத்தின் பெயர் அகரவரிசைப்படி வரிசைப்படுத்தவும்."
INDIA_IHDS_2011_TRACKING_SURVEY,Bengali,619aaf85,0.810585618019104,"List the migrant ID, the education at migration code, and the marital status at migration code for all individuals whose marital status at migration code is 'Married'.","যেসব ব্যক্তিদের অভিবাসনকালীন বৈবাহিক অবস্থার কোড 'Married', তাদের সবার অভিবাসী আইডি (migrant ID), অভিবাসনকালীন শিক্ষার কোড (education at migration code) এবং অভিবাসনকালীন বৈবাহিক অবস্থার কোড (marital status at migration code) তালিকাভুক্ত করুন।"
INDIA_HMIS_Sub_District_Report_Facility_wise,Tamil,f5a63b9c,0.8106213808059692,Which urban sub-districts reported cases of pregnant women with hemoglobin levels below 11 but used no pregnancy test kits during 2022?,"2022 ஆம் ஆண்டில், கர்ப்பிணிப் பெண்களுக்கு ஹீமோகுளோபின் அளவு 11 க்கும் குறைவாக இருந்தாலும், கர்ப்ப சோதனை கிட் பயன்படுத்தப்படாத நகர்ப்புற துணை மாவட்டங்கள் எவை?"
INDIA_HMIS_Sub_District_Report_Rural_Urban,Bengali,21c83e12,0.8106507062911987,"Identify the sub-districts that recorded at least one child receiving the second DPT booster (after age 5) in 2021 across both urban and rural areas, listed alphabetically.","এই প্রশ্নটি অনুবাদ করুন:
২০২১ সালে শহর ও গ্রামীণ উভয় এলাকায় পাঁচ বছর বয়সের পর দ্বিতীয় ডিপিটি বুস্টার ডোজ প্রাপ্ত অন্তত একটি শিশু রেকর্ড করা উপজেলাগুলি বর্ণানুক্রমিকভাবে তালিকাভুক্ত করুন।"
INDIA_HMIS_Sub_District_Report_Facility_wise,Tamil,ad3d03d6,0.810687780380249,"Identify the sub-districts that consistently reported allopathic outpatient attendance in both 2021 and 2022, listed in alphabetical order.","இந்த வினவலைத் தமிழில் மொழிபெயர்க்கவும்:
2021 மற்றும் 2022 ஆம் ஆண்டுகளில் தொடர்ச்சியாக அனைத்து அலோபதி வெளிநோயாளர் வருகைகளைப் பதிவு செய்த துணை மாவட்டங்களை அகர வரிசையில் பட்டியலிடுங்கள்."
INDIA_ROAD_ACCIDENTS_DATASET_2001,Bengali,7768a6de,0.8106880187988281,"For each age band of the driver, list the age band itself, the average number of casualties, and the total count of accident IDs.","প্রতিটি চালকের বয়স ব্যান্ডের জন্য, বয়স ব্যান্ডটি নিজেই, গড় হতাহতের সংখ্যা এবং দুর্ঘটনা আইডির মোট গণনা তালিকাভুক্ত করুন।"
INDIA_NWMP_Water_Quality_Data,Tamil,b1096598,0.8109077215194702,"For the state of Assam, list the state name, the average maximum temperature in Celsius, and the total count of distinct station IDs, grouped by the state and ordered by the average maximum temperature in descending order.","அசாம் மாநிலத்திற்கு, மாநிலத்தின் பெயர், சராசரி அதிகபட்ச வெப்பநிலை செல்சியஸில், மற்றும் வெவ்வேறு நிலையக ID களின் மொத்த எண்ணிக்கை, மாநிலத்தின் அடிப்படையில் தொகுக்கப்பட்ட மற்றும் சராசரி அதிகபட்ச வெப்பநிலையின் அடிப்படையில் இறங்கு வரிசையில் வரிசைப்படுத்தப்பட்ட பட்டியலை பெறவும்."
INDIA_Economic_Census_Firms,Bengali,b04846f6,0.8109849691390991,"List the sub-district names and the total number of establishments owned by Sikhs for the time period with ID 1, grouped by sub-district and ordered by the highest count first, showing only the top 5 results.","উপ-জেলার নাম এবং সময়কাল আইডি 1 এর জন্য শিখদের মালিকানাধীন প্রতিষ্ঠানের মোট সংখ্যা তালিকাভুক্ত করুন, উপ-জেলা অনুসারে গ্রুপ করে এবং সর্বোচ্চ গণনা প্রথমে সাজিয়ে, শুধুমাত্র শীর্ষ ৫টি ফলাফল দেখান।"
INDIA_NWMP_Water_Quality_Data,Tamil,7f028048,0.8113937377929688,"List the station name, the station code, and the type of water body for all stations where the water body type is 'TANK' or the state is 'Bihar', grouped by these three attributes and ordered by the station code in ascending order.","நிலையத்தின் பெயர், நிலையக் குறியீடு மற்றும் நீர்நிலை வகையைப் பட்டியலிடுக. நீர்நிலை வகை 'TANK' அல்லது மாநிலம் 'Bihar' ஆக இருக்கும் அனைத்து நிலையங்களுக்கு, இந்த மூன்று பண்புகளால் குழுவாக்கப்பட்டு, நிலையக் குறியீட்டின் ஏறுவரிசையில் வரிசைப்படுத்தப்பட்டு."
INDIA_Village_Amenities_Directory_2001,Tamil,985bc587,0.8116452097892761,List the sub-district names for areas where the scheduled tribes rural population is greater than 22.000 and the scheduled castes rural population is exactly 0.000.,"பழங்குடியின கிராமப்புற மக்கள் தொகை 22,000-க்கும் அதிகமாகவும், ஆதிதிராவிடர் கிராமப்புற மக்கள் தொகை சரியாக 0.000-ஆகவும் உள்ள பகுதிகளின் உப-மாவட்டப் பெயர்களைப் பட்டியலிடவும்."
INDIA_IHDS_2005_HOUSEHOLD_SURVEY,Bengali,4ee96af4,0.8117425441741943,Identify all households that have at least one animal care worker and a social asset index of 27.,"এই প্রশ্নটি অনুবাদ করুন:
সেসব পরিবার চিহ্নিত করুন যাদের অন্তত একজন প্রাণী পরিচর্যাকারী কর্মী আছে এবং একটি সামাজিক সম্পদ সূচক ২৭।"
INDIA_IHDS_2011_TRACKING_SURVEY,Tamil,f3127d47,0.8118323087692261,"List the geography IDs, ordered ascending by geography ID, for households where either the completion status is 'Located' or the household split number is 1, grouped by their geography ID.","பூர்த்தி செய்யப்பட்ட நிலை 'Located' ஆகவோ அல்லது குடும்பப் பிரிவு எண் 1 ஆகவோ இருக்கும் குடும்பங்களின் புவியியல் அடையாளங்களை (geography IDs), அவற்றின் புவியியல் அடையாளங்களின் அடிப்படையில் குழுவாக்கி, ஏறுவரிசையில் பட்டியலிடவும்."
INDIA_IHDS_2011_TRACKING_SURVEY,Tamil,a45e1f13,0.8121155500411987,List the distinct geography IDs for households where either the household split number is 1 or the completion status is 'Located'.,குடும்பப் பிரிப்பு எண் (household split number) 1 ஆகவோ அல்லது நிறைவு நிலை (completion status) 'Located' ஆகவோ இருக்கும் வீடுகளுக்கான தனித்துவமான புவியியல் ஐடிகளை (geography IDs) பட்டியலிடுங்கள்.
INDIA_NWMP_Water_Quality_Data,Tamil,f7eccede,0.8122077584266663,"For states with more than one station, list each state along with the average maximum temperature in Celsius and the total count of distinct station IDs, specifically for stations located near lakes, and order the results by the average maximum temperature in descending order.","ஒன்றுக்கு மேற்பட்ட நிலையங்களைக் கொண்ட மாநிலங்களுக்கு, ஒவ்வொரு மாநிலத்தையும் சேலியஸ் அளவில் சராசரி அதிகபட்ச வெப்பநிலை மற்றும் ஏரிகளுக்கு அருகில் அமைந்த நிலையங்களுக்கான தனித்துவமான நிலையம் IDகளின் மொத்த எண்ணிக்கையுடன் பட்டியலிடவும், மேலும் ফলங்களை சராசரி அதிகபட்ச வெப்பநிலையின் அடிப்படையில் இறங்கு வரிசையில் வரிசைப்படுத்தவும்."
INDIA_ROAD_ACCIDENTS_DATASET_2001,Bengali,cf10373b,0.8123286366462708,"List the age band of the driver and the average number of casualties for each age band, sorted by the average number of casualties in descending order, showing only the top 5 results.","চালকের বয়স ব্যান্ড এবং প্রতিটি বয়স ব্যান্ডের জন্য গড় হতাহতের সংখ্যা তালিকাভুক্ত করুন, গড় হতাহতের সংখ্যা অনুযায়ী অবরোহী ক্রমে সাজানো, শুধুমাত্র শীর্ষ ৫টি ফলাফল দেখাচ্ছে।"
INDIA_IHDS_2011_TRACKING_SURVEY,Bengali,0360a402,0.8123673796653748,List the household IDs for all households where the same address indicator is marked as 'Yes'.,সেই সমস্ত খানাগুলোর (household) আইডি তালিকাভুক্ত করুন যেখানে একই ঠিকানার সূচক (address indicator) 'হ্যাঁ' (Yes) হিসেবে চিহ্নিত করা হয়েছে।
INDIA_HMIS_Sub_District_Report_Facility_wise,Bengali,b6a7b81b,0.812376856803894,"List the names of rural sub-districts or those with records from 2022 that have reported at least some allopathic outpatient attendance, sorted alphabetically.","২০২২ সালের তথ্য অনুযায়ী, যেসব গ্রামীণ উপজেলা বা যাদের রেকর্ডে অ্যালোপ্যাথিক বহির্বিভাগীয় উপস্থিতি অন্তত কিছুটা রিপোর্ট করা হয়েছে, তাদের নাম বর্ণানুক্রমে তালিকাভুক্ত করুন।"
INDIA_ICRISAT_District_Level_Agricultural_Data,Bengali,6110cb0f,0.8125690817832947,"For the year 1970, provide the pearl millet cultivation area and production totals for all districts in Chhattisgarh, ordered by the size of the area planted.","১৯৭০ সালের জন্য, ছত্তিশগড়ের সমস্ত জেলার জন্য বাজরা চাষের এলাকা এবং উৎপাদনের মোট পরিমাণ প্রদান করুন, চাষের এলাকার আকার অনুসারে সাজানো।"
INDIA_IHDS_2005_INDIVIDUAL_SURVEY,Tamil,4504b0b7,0.8127098679542542,"For individuals who have held a job, what is the average number of years of education completed and the total person count, broken down by gender?","வேலை வசதி கொண்ட நபர்களுக்கு, கல்வி ஆண்டுகளின் சராசரி எண்ணிக்கை மற்றும் மொத்த நபர்களின் எண்ணிக்கை என்ன, பாலின அடிப்படையில் பிரிக்கப்பட்டுள்ளது?"
INDIA_NWMP_Water_Quality_Data,Tamil,1a4dab88,0.8127200603485107,"List the station codes for stations that recorded Streptococci data in the year 2023, excluding those that also recorded Streptococci data in the year 2021.","2023 ஆம் ஆண்டில் Streptococci தரவு பதிவு செய்த நிலையங்களின் நிலையக் குறியீடுகளை பட்டியலிடுக, 2021 ஆம் ஆண்டில் Streptococci தரவு பதிவு செய்த நிலையங்களை விலக்கி."
INDIA_IHDS_2011_TRACKING_SURVEY,Bengali,96ef290a,0.8127814531326294,Provide a list of all unique reason descriptions from the migration reasons dimension.,মাইগ্রেশন কারণের ডাইমেনশন (migration reasons dimension) থেকে সমস্ত অনন্য কারণের বর্ণনার (unique reason descriptions) একটি তালিকা প্রদান করুন।
INDIA_NWMP_Water_Quality_Data,Bengali,6fb3fa7a,0.8127878308296204,"For the year 2023, list each station code along with the maximum conductivity in umhos per cm recorded, grouped by the station code and ordered from highest to lowest maximum conductivity.","২০২৩ সালের জন্য প্রতিটি স্টেশন কোড এবং রেকর্ড করা সর্বোচ্চ পরিবাহিতা (umhos প্রতি সেমি) তালিকাভুক্ত করুন, স্টেশন কোড দ্বারা গ্রুপ করা এবং সর্বোচ্চ থেকে সর্বনিম্ন সর্বোচ্চ পরিবাহিতা অনুযায়ী অর্ডার করা।"
INDIA_IHDS_2011_TRACKING_SURVEY,Tamil,184ef24c,0.8129496574401855,"List the PSU codes and the total count of household tracking IDs for each PSU code, ordered by the count in descending order, and show only the top 10 results.","ஒவ்வொரு PSU குறியீட்டிற்கும் (PSU code), அதன் PSU குறியீடு மற்றும் மொத்த வீட்டுக் கண்காணிப்பு ஐடிகளின் (household tracking IDs) எண்ணிக்கையைப் பட்டியலிடவும். இந்த எண்ணிக்கையை இறங்கு வரிசையில் (descending order) வரிசைப்படுத்தி, முதல் 10 முடிவுகளை மட்டும் காட்டவும்."
INDIA_ROAD_ACCIDENTS_DATASET_2001,Bengali,49d23186,0.8130040168762207,"List the areas where accidents occurred for which the average number of casualties is greater than 1, and order the results by this average in descending order.","দুর্ঘটনা ঘটেছে এমন এলাকাগুলি তালিকাভুক্ত করুন যেখানে গড় হতাহতের সংখ্যা ১ এর চেয়ে বেশি, এবং এই গড় অনুযায়ী ফলাফলগুলি অবরোহী ক্রমে সাজান।"
INDIA_IHDS_2011_TRACKING_SURVEY,Tamil,c732f739,0.8133977651596069,"For each activity status, list the activity status and the total count of migrant IDs for those with a 'Salaried' status, provided that the count is at least 1, and order the results by the activity status.","ஒவ்வொரு செயல்பாட்டு நிலைக்கும் (activity status), அந்த நிலையையும் மற்றும் 'Salaried' நிலையில் உள்ள புலம்பெயர்ந்தோர் அடையாள எண்களின் (migrant IDs) மொத்த எண்ணிக்கையையும் பட்டியலிடவும்; இந்த எண்ணிக்கை குறைந்தது 1 ஆக இருக்க வேண்டும், மேலும் முடிவுகளை செயல்பாட்டு நிலையின் அடிப்படையில் வரிசைப்படுத்தவும்."
INDIA_IHDS_2005_INDIVIDUAL_SURVEY,Tamil,11dce580,0.8135512471199036,"Identify the top 10 rural districts with the highest average household member counts, specifically focusing on those within the second neighborhood category.","இந்த வினவலைத் தமிழில் மொழிபெயர்க்கவும்:
இரண்டாவது அண்டை வகைப்பாட்டில் உள்ள, அதிக சராசரி குடும்ப உறுப்பினர் எண்ணிக்கை கொண்ட முதல் 10 கிராமப்புற மாவட்டங்களை அடையாளம் காணவும்."
INDIA_HMIS_Sub_District_Report_Rural_Urban,Bengali,a70d05df,0.8135979175567627,"Provide a yearly breakdown of the total allopathic outpatient attendance, ordered chronologically.",মোট অ্যালোপ্যাথিক বহির্বিভাগীয় উপস্থিতির একটি বর্ষভিত্তিক ক্রমিক বিবরণ প্রদান করুন।
INDIA_HMIS_Sub_District_Report_Facility_wise,Bengali,84e63d10,0.8136618137359619,"Identify the urban sub-districts that reported cases of pregnant women with hemoglobin levels below 11 in 2021, despite having used no pregnancy test kits.","২০২১ সালে গর্ভবতী নারীদের হিমোগ্লোবিন মাত্রা ১১-এর নিচে থাকা সত্ত্বেও যেসব শহুরে উপজেলায় কোনো প্রেগন্যান্সি টেস্ট কিট ব্যবহার করা হয়নি, সেগুলো চিহ্নিত করুন।"
INDIA_Village_Amenities_Directory_2001,Tamil,c9220b41,0.8137823343276978,"List each district name along with the total sum of agricultural credit societies and other credit societies, ensuring the sum is greater than zero and sorted in descending order by that total.","ஒவ்வொரு மாவட்டத்தின் பெயரையும், அங்குள்ள வேளாண்மை கடன் சங்கங்கள் மற்றும் இதர கடன் சங்கங்களின் மொத்த எண்ணிக்கையுடன் பட்டியலிடவும்; இந்த மொத்த எண்ணிக்கை பூஜ்ஜியத்தை விட அதிகமாக இருப்பதை உறுதிசெய்து, அந்த மொத்த எண்ணிக்கையின் அடிப்படையில் இறங்கு வரிசையில் வரிசைப்படுத்தவும்."
INDIA_IHDS_2005_INDIVIDUAL_SURVEY,Bengali,5e624438,0.8138293027877808,"Identify the IDs of unemployed individuals who have completed more than ten years of education and have held exactly one job in the past, sorted by their ID.","এই প্রশ্নটি অনুবাদ করুন:
যেসব বেকার ব্যক্তির দশ বছরের বেশি শিক্ষা সম্পন্ন হয়েছে এবং অতীতে ঠিক একটি চাকরি করেছেন, তাদের আইডি চিহ্নিত করুন, তাদের আইডি অনুসারে সাজিয়ে।"
INDIA_ROAD_ACCIDENTS_DATASET_2001,Tamil,5b96834d,0.8140419721603394,"List the accident IDs for all accidents where the number of casualties is greater than 2 and the light conditions are 'Darkness - no lighting', sorted by the number of casualties in descending order.","விபத்து ஐடிகளை பட்டியலிடுங்கள் அனைத்து விபத்துக்களுக்கு இதில் உயிரிழப்புகளின் எண்ணிக்கை 2 ஐ விட அதிகமாக உள்ளது மற்றும் ஒளி நிலைமைகள் 'Darkness - no lighting' ஆக உள்ளது, உயிரிழப்புகளின் எண்ணிக்கையின் அடிப்படையில் இறங்கு வரிசையில் வரிசைப்படுத்தப்பட்டுள்ளது."
INDIA_IHDS_2005_HOUSEHOLD_SURVEY,Bengali,6493ceb6,0.814139187335968,"Provide a list of household IDs for those categorized as OBC that have a recorded asset index, sorted by their ID.","ওবিসি শ্রেণিভুক্ত পরিবারগুলির জন্য একটি তালিকা প্রদান করুন যাদের সম্পদ সূচক রেকর্ড করা হয়েছে, তাদের আইডি অনুসারে সাজানো।"
INDIA_HMIS_Sub_District_Report_Facility_wise,Tamil,7414d9e6,0.8142225742340088,Provide a breakdown by state and area type showing the total BCG vaccinations and the average coverage for the first dose of Pentavalent.,மாநிலம் மற்றும் பகுதி வகையின்படி மொத்த பிசிஜி தடுப்பூசிகள் மற்றும் பெண்டாவலென்ட்டின் முதல் டோஸின் சராசரி கவரேஜ் காட்டும் ஒரு பிரித்து வழங்கவும்.
INDIA_Economic_Census_Firms,Bengali,cd33eb91,0.8142535090446472,"For the most recent census year available, list each sub-district name and the total sum of estimated residential commercial establishments, filtering for records where the estimated residential commercial value is 0.000, and order the results by the sum in descending order.","সর্বশেষ উপলব্ধ আদমশুমারির বছরের জন্য, প্রতিটি উপজেলার নাম এবং অনুমানিত আবাসিক বাণিজ্যিক প্রতিষ্ঠানের মোট সংখ্যা তালিকাভুক্ত করুন, যেখানে অনুমানিত আবাসিক বাণিজ্যিক মান ০.০০০ এর রেকর্ডগুলি ফিল্টার করুন এবং ফলাফলগুলি সমষ্টির অবরোহী ক্রমে সাজান।"
INDIA_Economic_Census_Firms,Tamil,a6f826b8,0.8142995834350586,"List the names of the ULB, RLB, or villages located in the state of 'Andhra Pradesh' and the district of 'Chittoor', grouped and ordered alphabetically by the village name.","'ஆந்திரப் பிரதேசம்' மாநிலத்தில் 'சித்தூர்' மாவட்டத்தில் அமைந்துள்ள நகராட்சி, கிராம ஊராட்சி அல்லது கிராமங்களின் பெயர்களை, கிராமப் பெயரின் அகர வரிசைப்படி குழுவாக்கி வரிசைப்படுத்தி பட்டியலிடு."
INDIA_IHDS_2011_TRACKING_SURVEY,Tamil,a2855db8,0.8144890069961548,List the household ID and the new household split number for all records where the household status ID is 1 and the same address indicator is 'Yes'.,"குடும்ப நிலை ஐடி (household status ID) 1 ஆகவும், அதே முகவரி குறிகாட்டி (same address indicator) 'Yes' என்றும் உள்ள அனைத்து பதிவுகளுக்கான குடும்ப ஐடி (household ID) மற்றும் புதிய குடும்பப் பிரிவு எண்ணைப் (new household split number) பட்டியலிடுங்கள்."
INDIA_NWMP_Water_Quality_Data,Bengali,7f028048,0.8145121335983276,"List the station name, the station code, and the type of water body for all stations where the water body type is 'TANK' or the state is 'Bihar', grouped by these three attributes and ordered by the station code in ascending order.","স্টেশনের নাম, স্টেশন কোড এবং জলাশয়ের ধরন তালিকাভুক্ত করুন সেই সমস্ত স্টেশনের জন্য যেখানে জলাশয়ের ধরন 'TANK' বা রাজ্য 'Bihar', এই তিনটি বৈশিষ্ট্য দ্বারা গ্রুপ করা এবং স্টেশন কোড দ্বারা ঊর্ধ্বক্রমে সাজানো।"
INDIA_IHDS_2011_TRACKING_SURVEY,Bengali,a2855db8,0.8146887421607971,List the household ID and the new household split number for all records where the household status ID is 1 and the same address indicator is 'Yes'.,সেই সমস্ত রেকর্ডের জন্য হাউসহোল্ড আইডি (household ID) এবং নতুন হাউসহোল্ড স্প্লিট নম্বর (new household split number) তালিকাভুক্ত করুন যেখানে হাউসহোল্ড স্ট্যাটাস আইডি (household status ID) ১ এবং একই ঠিকানার সূচক (same address indicator) 'Yes'।
INDIA_HMIS_Sub_District_Report_Facility_wise,Bengali,6df9c007,0.8147062063217163,Which sub-districts recorded allopathic outpatient attendance in 2022 but had no such attendance in 2021?,কোন উপজেলাগুলোতে ২০২২ সালে অ্যালোপ্যাথিক বহির্বিভাগীয় উপস্থিতি রেকর্ড করা হয়েছিল কিন্তু ২০২১ সালে এমন কোন উপস্থিতি ছিল না?
INDIA_Village_Amenities_Directory_2001,Tamil,21140397,0.8150214552879333,"List the sub-district names for the sub-districts of Diglipur, Mayabunder, Ferrargunj, Great Nicobar, and Rangat, where the total number of registered private medical practitioners is at least zero and the total number of community health workers is exactly zero.","டிகிலிபூர், மாயாபந்தர், பெர்குன்கஞ்ச், கிரேட் நிக்கோபார் மற்றும் ரங்கத் ஆகிய துணை மாவட்டங்களில், பதிவுசெய்யப்பட்ட தனியார் மருத்துவப் பயிற்சியாளர்களின் மொத்த எண்ணிக்கை குறைந்தபட்சம் பூஜ்ஜியமாகவும், சமூக சுகாதாரப் பணியாளர்களின் மொத்த எண்ணிக்கை சரியாகப் பூஜ்ஜியமாகவும் உள்ள துணை மாவட்டப் பெயர்களைப் பட்டியலிடுங்கள்."
INDIA_ICRISAT_District_Level_Agricultural_Data,Bengali,34fbb349,0.8150311708450317,Provide a state-wise summary of the average yields and total production for pearl and finger millets between 1966 and 1970.,"এই প্রশ্নটি অনুবাদ করুন:
১৯৬৬ থেকে ১৯৭০ সালের মধ্যে মুক্তা ও আঙুল বাজরার গড় ফলন এবং মোট উৎপাদনের একটি রাজ্যভিত্তিক সারসংক্ষেপ প্রদান করুন।"
INDIA_HMIS_Sub_District_Report_Rural_Urban,Tamil,e425f148,0.8152379393577576,"Identify all rural sub-districts, specifically highlighting those where more than 500 pregnant women were recorded with hemoglobin levels below 11.","இந்த வினவலை மொழிபெயர்க்கவும்:
அனைத்து கிராமப்புற துணை மாவட்டங்களை அடையாளம் காணவும், குறிப்பாக 500 க்கும் மேற்பட்ட கர்ப்பிணிப் பெண்கள் 11 க்கும் குறைவான ஹீமோகுளோபின் அளவுகளுடன் பதிவு செய்யப்பட்ட துணை மாவட்டங்களை முன்னிலைப்படுத்தவும்."
INDIA_IHDS_2005_HOUSEHOLD_SURVEY,Bengali,a1d8e0fc,0.8152852058410645,"Provide the asset index and secondary social network contact types for households from the OBC category that have recorded utility consumption, sorted by their wealth status.","এই প্রশ্নটি অনুবাদ করুন:
ওবিসি শ্রেণির সেইসব পরিবারের জন্য সম্পদ সূচক এবং মাধ্যমিক সামাজিক নেটওয়ার্ক যোগাযোগের ধরন সরবরাহ করুন যাদের ইউটিলিটি খরচ নথিভুক্ত করা হয়েছে, তাদের সম্পদ অবস্থা অনুসারে বিন্যস্ত করে।"
INDIA_HMIS_Sub_District_Report_Rural_Urban,Bengali,28d9c826,0.8155560493469238,List all districts in India along with the names of the states they belong to.,ভারতের সমস্ত জেলাগুলি তালিকাভুক্ত করুন যেগুলি তাদের অন্তর্ভুক্ত রাজ্যের নামসহ।
INDIA_NWMP_Water_Quality_Data,Tamil,69f98fc6,0.8155716061592102,List the station names for stations located in the state of Assam where the maximum fecal streptococci MPN per 100ml is greater than 1.,"அசாம் மாநிலத்தில் அமைந்துள்ள நிலையங்களின் பெயர்களை பட்டியலிடுங்கள், அங்கு அதிகபட்ச மল স্ট്রെப்டোकोक்की MPN 100ml க்கு 1 ஐ விட அதிகமாக உள்ளது."
INDIA_NWMP_Water_Quality_Data,Tamil,5574ab45,0.8156870007514954,"List the station IDs that appear in the streptococci records for the year 2023, excluding those station IDs that were also recorded in the year 2019.","2023 ஆம் ஆண்டில் streptococci பதிவுகளில் தோன்றும் நிலையக் குறியீடுகளைப் பட்டியலிடுங்கள், 2019 ஆம் ஆண்டில் பதிவுசெய்யப்பட்ட நிலையக் குறியீடுகளைத் தவிர்த்து."
INDIA_IHDS_2011_TRACKING_SURVEY,Bengali,1d056553,0.8160715699195862,"List the state code and district code along with the total count of household IDs for each combination, filtering for households where the new household split number is greater than one and only including groups with a count greater than zero.","প্রতিটি সংমিশ্রণের জন্য স্টেট কোড (state code) এবং ডিস্ট্রিক্ট কোড (district code) সহ হাউসহোল্ড আইডি-র (household ID) মোট সংখ্যা তালিকাভুক্ত করুন, যেখানে নতুন হাউসহোল্ড স্প্লিট নম্বর (household split number) একের বেশি এবং শুধুমাত্র সেই গ্রুপগুলোকে অন্তর্ভুক্ত করুন যাদের সংখ্যা শূন্যের বেশি।"
INDIA_ICRISAT_District_Level_Agricultural_Data,Bengali,31fc846d,0.8163014054298401,List the top five districts in Chhattisgarh with the highest sunflower yields recorded in 1970.,১৯৭০ সালে চhattisgarh-এ সর্বোচ্চ সূর্যমুখী ফলন রেকর্ড করা শীর্ষ পাঁচটি জেলার তালিকা দিন।
INDIA_ROAD_ACCIDENTS_DATASET_2001,Tamil,38a1b6a9,0.8164972066879272,List the light conditions and the weather conditions for each unique combination of these two factors that is associated with at least one accident.,ஒவ்வொரு தனித்துவமான ஒளி நிலைகள் மற்றும் வானிலை நிலைகளின் சேர்க்கைக்கு குறைந்தபட்சம் ஒரு விபத்துடன் தொடர்புடையவற்றை பட்டியலிடுக.
INDIA_HMIS_Sub_District_Report_Facility_wise,Tamil,1b1775cf,0.8166732788085938,"Provide a yearly breakdown by state of the total first doses administered for Vitamin A and Measles-Rubella (9-11 months), excluding any records with no Vitamin A data and sorting by the most recent years.","மாநிலவாரியாக வருடாந்திர முறிவு வழங்கவும்: வைட்டமின் ஏ மற்றும் தட்டம்மை-ரூபெல்லா (9-11 மாதங்கள்) ஆகியவற்றுக்கு வழங்கப்பட்ட மொத்த முதல் டோஸ்களின் பட்டியல், வைட்டமின் ஏ தரவு இல்லாத பதிவுகளைத் தவிர்த்து, சமீபத்திய ஆண்டுகளின் அடிப்படையில் வரிசைப்படுத்தவும்."
INDIA_HMIS_Sub_District_Report_Facility_wise,Bengali,505ec491,0.8166813850402832,"Rank the sub-districts by their total allopathic outpatient attendance, excluding those with no recorded visits.","উপজেলাগুলোকে তাদের মোট অ্যালোপ্যাথিক বহির্বিভাগীয় উপস্থিতি অনুযায়ী ক্রমানুসারে সাজান, যেগুলোর কোনো রেকর্ডকৃত ভিজিট নেই সেগুলো বাদ দিয়ে।"
INDIA_NWMP_Water_Quality_Data,Bengali,47424f23,0.816781759262085,"For the year 2021, list the station name, the type of water body, and the maximum nitrate N mg per L for stations where the water body type is 'TANK', grouped by station name and water body type, and ordered by the maximum nitrate levels from highest to lowest.","২০২১ সালের জন্য, স্টেশনের নাম, জলাশয়ের ধরন এবং সর্বোচ্চ নাইট্রেট N mg প্রতি L তালিকাভুক্ত করুন যেখানে জলাশয়ের ধরন 'TANK', স্টেশনের নাম এবং জলাশয়ের ধরন অনুযায়ী গ্রুপ করা হয়েছে, এবং সর্বোচ্চ নাইট্রেট স্তর অনুযায়ী সর্বোচ্চ থেকে সর্বনিম্ন ক্রমে সাজানো হয়েছে।"
INDIA_PRIMARY_POPULATION_CENSUS_1991,Bengali,2b3f7441,0.8168129920959473,"For the census year 1991, list each state along with the total number of households and the average number of male workers in trade and commerce, sorted by the total number of households in descending order.","১৯৯১ সালের আদমশুমারির জন্য, প্রতিটি রাজ্যকে মোট পরিবার সংখ্যা এবং বাণিজ্য ও ব্যবসায় পুরুষ শ্রমিকদের গড় সংখ্যা সহ তালিকাভুক্ত করুন, মোট পরিবার সংখ্যার উপর ভিত্তি করে অবরোহী ক্রমে সাজানো।"
INDIA_IHDS_2005_HOUSEHOLD_SURVEY,Tamil,f2b3ef63,0.8169049024581909,"Provide the household IDs and total outstanding loan amounts for all OBC households, ordered from highest to lowest asset index.","கீழ்க்கண்ட வினாவை மொழிபெயர்க்கவும்:
எல்லா OBC குடும்பங்களுக்கும் வீட்டு அடையாளங்கள் மற்றும் மொத்த நிலுவை கடன் தொகைகளை வழங்கவும், மிக உயர்ந்த முதல் குறைந்த சொத்து குறியீட்டின் படி வரிசைப்படுத்தவும்."
INDIA_Economic_Census_Firms,Tamil,579e0a14,0.8170512318611145,"List the sub-district names from the 2013 census year that had a total estimated transport and storage value greater than zero, but specifically excluding any sub-districts that also reported an estimated accommodation and food value greater than zero during that same year, and order the results alphabetically by sub-district name.","2013 ஆம் ஆண்டு மக்கள்தொகை கணக்கெடுப்பில், மொத்த மதிப்பிடப்பட்ட போக்குவரத்து மற்றும் சேமிப்பு மதிப்பு பூஜ்யத்தை விட அதிகமாக இருந்த, ஆனால் அதே ஆண்டில் மதிப்பிடப்பட்ட தங்குமிடம் மற்றும் உணவு மதிப்பு பூஜ்யத்தை விட அதிகமாக இருந்த துணை-மாவட்டங்களை விலக்கி, துணை-மாவட்ட பெயர்களை அகரவரிசைப்படி பட்டியலிடுக."
INDIA_HMIS_Sub_District_Report_Facility_wise,Tamil,75e68a47,0.8171554803848267,Identify the top 5 sub-districts in the Andaman and Nicobar Islands with the highest total number of first-dose Vitamin A administrations recorded in 2021.,"இந்த வினவலைத் தமிழில் மொழிபெயர்க்கவும்:
2021 ஆம் ஆண்டில் பதிவுசெய்யப்பட்ட முதல்-மருந்தளவு வைட்டமின் ஏ நிர்வாகங்களின் மொத்த எண்ணிக்கையில் அந்தமான் மற்றும் நிக்கோபார் தீவுகளில் முதல் 5 துணை மாவட்டங்களை அடையாளம் காணவும்."
INDIA_NWMP_Water_Quality_Data,Tamil,5805ad5d,0.8172953128814697,"List the station name, station code, and state ID for all stations where the type of water body is 'TANK' and the state is 'Andhra Pradesh', grouped by their station name, station code, and state ID, and ordered alphabetically by station name.","நிலையத்தின் பெயர், நிலையக் குறியீடு மற்றும் மாநில ID ஆகியவற்றை பட்டியலிடுக, அங்கு நீர்நிலையின் வகை 'TANK' ஆகவும் மாநிலம் 'Andhra Pradesh' ஆகவும் உள்ள அனைத்து நிலையங்களுக்கும், அவற்றின் நிலையத்தின் பெயர், நிலையக் குறியீடு மற்றும் மாநில ID ஆல் குழுப்படுத்தி, நிலையத்தின் பெயரின் அடிப்படையில் அகரவரிசையில் வரிசைப்படுத்தப்பட்டுள்ளது."
INDIA_IHDS_2011_TRACKING_SURVEY,Tamil,0c086097,0.8175299167633057,"For each occupation description, what is the average number of years since death and the total count of person IDs, considering only individuals who were married at the time of death, where the count of persons is at least one, and sorted by the average years since death in descending order?","ஒவ்வொரு தொழில் விளக்கத்திற்கும், இறக்கும் போது திருமணமானவர்களை மட்டும் கருத்தில் கொண்டு, நபர்களின் எண்ணிக்கை குறைந்தபட்சம் ஒன்றாக இருக்கும் நிலையில், அவர்களின் சராசரி இறந்த ஆண்டுகளையும் மற்றும் மொத்த நபர்களின் ஐடிகளின் (person IDs) எண்ணிக்கையையும் கணக்கிட்டு, சராசரி இறந்த ஆண்டுகளின் அடிப்படையில் இறங்கு வரிசையில் வரிசைப்படுத்தவும்."
INDIA_ROAD_ACCIDENTS_DATASET_2001,Tamil,1640e576,0.8175516128540039,"For environments where the light conditions are 'Darkness - no lighting', list each environment ID and the total count of accident IDs, provided that the sum of the number of casualties for that environment ID is greater than 5.","'Darkness - no lighting' என்ற ஒளி நிலைமைகள் உள்ள சூழல்களுக்கு, ஒவ்வொரு சூழல் ID மற்றும் விபத்து IDகளின் மொத்த எண்ணிக்கையை பட்டியலிடவும், அந்த சூழல் IDக்கான உயிரிழப்புகளின் எண்ணிக்கையின் கூட்டுத்தொகை 5ஐ விட அதிகமாக இருந்தால் வழங்கவும்."
INDIA_IHDS_2011_TRACKING_SURVEY,Bengali,0b850dad,0.8175933957099915,"List the district codes and the count of new household split numbers for households with a completion status of 'Moved out', grouped by their district code, and show only the top 5 districts with the highest counts.","যেসব পরিবারের সমাপ্তির স্থিতি (completion status) 'Moved out', তাদের জেলা কোড এবং নতুন হাউসহোল্ড স্প্লিট নম্বরের সংখ্যা তালিকাভুক্ত করুন, জেলা কোড অনুযায়ী গ্রুপ করুন এবং সর্বোচ্চ সংখ্যার ভিত্তিতে শুধুমাত্র শীর্ষ ৫টি জেলা প্রদর্শন করুন।"
INDIA_IHDS_2011_TRACKING_SURVEY,Tamil,0b850dad,0.8175966739654541,"List the district codes and the count of new household split numbers for households with a completion status of 'Moved out', grouped by their district code, and show only the top 5 districts with the highest counts.","'குடியேறிச் சென்றவர்கள்' (Moved out) என்ற நிலையில் உள்ள குடும்பங்களின் மாவட்டக் குறியீடுகள் மற்றும் புதிய குடும்பப் பிரிப்பு எண்களின் எண்ணிக்கையைப் பட்டியலிடவும். இவற்றை மாவட்டக் குறியீட்டின் அடிப்படையில் குழுவாக்கி, அதிக எண்ணிக்கையைக் கொண்ட முதல் 5 மாவட்டங்களை மட்டும் காட்டவும்."
INDIA_IHDS_2005_INDIVIDUAL_SURVEY,Tamil,5b7317fa,0.8176056146621704,Identify the IDs of individuals who have completed more than ten years of education but have never held a job.,"பத்து ஆண்டுகளுக்கும் மேற்பட்ட கல்வியை முடித்தவர்களின் அடையாளங்களை அடையாளம் காணவும், ஆனால் அவர்கள் ஒருபோதும் வேலை வைத்திருக்கவில்லை."
INDIA_HMIS_Sub_District_Report_Rural_Urban,Bengali,9475afba,0.8176090121269226,Which five rural sub-districts recorded the highest total allopathic outpatient attendance during the year 2021?,২০২১ সালে কোন পাঁচটি গ্রামীণ উপজেলায় সর্বোচ্চ মোট এলোপ্যাথিক বহির্বিভাগীয় উপস্থিতি রেকর্ড করা হয়েছে?
INDIA_IHDS_2011_TRACKING_SURVEY,Tamil,024a3bb7,0.8177007436752319,"List the household ID and the household split number for all records where the household status ID is 1 and the same address indicator is 'Yes', ensuring that there is at least one tracking record per household, and order the results by household ID.","குடும்ப நிலை ஐடி (household status ID) 1 ஆகவும், ஒரே முகவரி காட்டி (same address indicator) 'Yes' என்றும் உள்ள அனைத்துப் பதிவுகளுக்கும், குடும்ப ஐடி (household ID) மற்றும் குடும்பப் பிரிவு எண்ணைப் (household split number) பட்டியலிடவும்; மேலும் ஒவ்வொரு குடும்பத்திற்கும் குறைந்தபட்சம் ஒரு கண்காணிப்புப் பதிவு (tracking record) இருப்பதை உறுதிசெய்து, முடிவுகளை குடும்ப ஐடி வரிசைப்படி வரிசைப்படுத்தவும்."
INDIA_Economic_Census_Firms,Tamil,3b6a0b2a,0.8179687261581421,"For the most recent time period available, list the names of the ULB, RLB, or villages that have a total estimated manufacturing value greater than 50, and display these names in descending order of their total estimated manufacturing.","கிடைக்கும் மிக அண்மைய காலப்பகுதியில், மொத்த மதிப்பிடப்பட்ட உற்பத்தி மதிப்பு 50-க்கும் அதிகமாக உள்ள நகராட்சி, கிராம ஊராட்சி அல்லது கிராமங்களின் பெயர்களை பட்டியலிட்டு, அவற்றின் மொத்த மதிப்பிடப்பட்ட உற்பத்தி மதிப்பின் அடிப்படையில் இறங்கு வரிசையில் காண்பிக்கவும்."
INDIA_ICRISAT_District_Level_Agricultural_Data,Tamil,ee8db7c2,0.8181214332580566,"Rank the districts in Chhattisgarh by their average sunflower yield from the year 1970, starting with the highest.",சத்தீஸ்கர் மாவட்டங்களை 1970 ஆம் ஆண்டு முதல் அவற்றின் சராசரி சூரியகாந்தி விளைச்சலின் அடிப்படையில் முதலிடத்தில் இருந்து வரிசைப்படுத்தவும்.
INDIA_ROAD_ACCIDENTS_DATASET_2001,Tamil,e504e82d,0.8181939125061035,"Show the sex of casualty and the average casualty severity for casualties who are either a driver, rider, or pedestrian and fall within the age bands of 18-30 or 31-50, grouped by their sex, where the average severity is greater than 1, and order the results by the average casualty severity in descending order.","காயப்பட்டவரின் பாலினத்தையும் சராசரி காயத்தின் தீவிரத்தையும் காட்டுக, இவர்கள் ஓட்டுநர், சவாரி செய்பவர் அல்லது பாதசாரி ஆவர் மற்றும் 18-30 அல்லது 31-50 வயது வரம்பிற்குள் வருபவர்கள், அவர்களின் பாலினத்தின் அடிப்படையில் குழுவாக்கப்பட்டவர்கள், சராசரி தீவிரம் 1 ஐ விட அதிகமாக இருக்கும் இடத்தில், மற்றும் சராசரி காயத்தின் தீவிரத்தின் அடிப்படையில் இறங்கும் வரிசையில் முடிவுகளை வரிசைப்படுத்துக."
INDIA_Village_Amenities_Directory_2001,Tamil,453c6035,0.8184373378753662,"For the districts of 'North And Middle Andaman', 'Nicobars', and 'South Andamans', list the sub-district IDs and sub-district names for those sub-districts where the total number of agricultural credit societies is zero or the count of commercial banks is zero, ordered alphabetically by the sub-district name.","'North And Middle Andaman', 'Nicobars', மற்றும் 'South Andamans' ஆகிய மாவட்டங்களில், மொத்த விவசாயக் கடன் சங்கங்களின் எண்ணிக்கை பூஜ்ஜியமாகவோ அல்லது வணிக வங்கிகளின் எண்ணிக்கை பூஜ்ஜியமாகவோ உள்ள துணை மாவட்டங்களின் ஐடிகள் (IDs) மற்றும் துணை மாவட்டப் பெயர்களை, துணை மாவட்டப் பெயரின் அகரவரிசைப்படி பட்டியலிடவும்."
INDIA_IHDS_2011_TRACKING_SURVEY,Tamil,a9501d12,0.8186219334602356,"List the district codes and the count of household split numbers for each district, considering only households with a completion status of 'Located', and show the top 5 districts with the highest counts.","'Located' என்ற நிலையில் உள்ள வீடுகளை மட்டும் கருத்தில் கொண்டு, ஒவ்வொரு மாவட்டத்திற்கும் உரிய மாவட்டக் குறியீடுகளையும், பிரிக்கப்பட்ட வீட்டு எண்களின் எண்ணிக்கையையும் பட்டியலிட்டு, அதிக எண்ணிக்கையைக் கொண்ட முதல் 5 மாவட்டங்களைக் காட்டவும்."
INDIA_IHDS_2005_INDIVIDUAL_SURVEY,Tamil,52475ed3,0.8187928795814514,"Identify the IDs of geographic areas where there is at least one re-interviewed household containing three or more youths aged 15 to 21, sorted numerically.","பின்வரும் வினவலைத் தமிழில் மொழிபெயர்க்கவும்:
மூன்று அல்லது அதற்கு மேற்பட்ட 15 முதல் 21 வயது இளைஞர்களைக் கொண்ட குறைந்தது ஒரு மறுபரிசீலனை செய்யப்பட்ட குடும்பம் உள்ள புவியியல் பகுதிகளின் அடையாளங்களைக் கண்டறிந்து, எண்ணளவில் வரிசைப்படுத்தவும்."
INDIA_NWMP_Water_Quality_Data,Tamil,b746deee,0.8187958002090454,"List the station name, the station code, and the state ID for all stations where the state ID is 1.","நிலையத்தின் பெயர், நிலையத்தின் குறியீடு, மற்றும் மாநில ID ஆகியவற்றை பட்டியலிடுக, அங்கு மாநில ID 1 ஆக உள்ள அனைத்து நிலையங்களுக்கும்."
INDIA_HMIS_Sub_District_Report_Rural_Urban,Tamil,6629c430,0.8188310861587524,Identify the sub-districts that recorded allopathic outpatient attendance in 2022 but had no such attendance in 2021.,"இந்த வினவலைத் தமிழில் மொழிபெயர்க்கவும்:
2022-ல் அனைத்து மருத்துவமுறை வெளிநோயாளர் வருகையைப் பதிவு செய்த, ஆனால் 2021-ல் அத்தகைய வருகை எதுவும் இல்லாத துணை மாவட்டங்களை அடையாளம் காணவும்."
INDIA_PRIMARY_POPULATION_CENSUS_1991,Tamil,51aebed4,0.8190797567367554,"List the district and the total female working population for each district, filtered for the 1991 census year in both workforce and population records, and show only the top 10 districts with the highest total female working population.","1991 மக்கள் தொகை கணக்கெடுப்பு ஆண்டில், பணியாளர் மற்றும் மக்கள் தொகை பதிவுகள் இரண்டிலும் வடிகட்டப்பட்டு, ஒவ்வொரு மாவட்டத்திற்கும் மாவட்டம் மற்றும் மொத்த பெண் பணிபுரியும் மக்கள் தொகையை பட்டியலிடுங்கள், மேலும் அதிக மொத்த பெண் பணிபுரியும் மக்கள் தொகை கொண்ட முதல் 10 மாவட்டங்களை மட்டும் காட்டுங்கள்."
INDIA_ROAD_ACCIDENTS_DATASET_2001,Bengali,8d7cf5db,0.8191611766815186,"For casualties classified as pedestrians, list each sex of casualty and the corresponding average casualty severity, grouped by the sex of casualty.","পথচারী হিসাবে শ্রেণীবদ্ধ আহতদের জন্য, প্রতিটি আহতের লিঙ্গ এবং সংশ্লিষ্ট গড় আহত তীব্রতা তালিকাভুক্ত করুন, আহতের লিঙ্গ অনুযায়ী গ্রুপ করা হয়েছে।"
INDIA_IHDS_2005_HOUSEHOLD_SURVEY,Bengali,8839b1e9,0.819310188293457,"Identify all households with an asset index of 27 that do not have any animal care workers, sorted by their ID.","এই প্রশ্নটি অনুবাদ করুন:
২৭ সম্পদ সূচকযুক্ত সমস্ত পরিবার চিহ্নিত করুন যাদের কোনও প্রাণী যত্ন কর্মী নেই, তাদের আইডি অনুসারে সাজানো।"
INDIA_IHDS_2011_TRACKING_SURVEY,Tamil,032cf4dc,0.8195849061012268,"List the district codes and the total count of household IDs for households where the new household split number is greater than one, grouped by district code and ordered by the count in descending order for the top 10 results.","புதிய வீட்டுக் கிளை எண் (new household split number) ஒன்றுக்கும் அதிகமாக உள்ள வீடுகளின் மாவட்டக் குறியீடுகள் மற்றும் மொத்த வீட்டுக் குறியீடுகளின் (household IDs) எண்ணிக்கையைப் பட்டியலிடவும். இவற்றை மாவட்டக் குறியீடு வாரியாகக் குழுவாக்கி, எண்ணிக்கையின் அடிப்படையில் இறங்கு வரிசையில் முதல் 10 முடிவுகளை வரிசைப்படுத்தவும்."
INDIA_IHDS_2005_INDIVIDUAL_SURVEY,Tamil,1b81ae24,0.8196284770965576,"Identify the top 10 households with the highest number of youth aged 15 to 21, including their income source details.","முதல் 10 குடும்பங்களை அடையாளம் காணவும், அவை 15 முதல் 21 வயது வரையிலான இளைஞர்களின் அதிக எண்ணிக்கையைக் கொண்டுள்ளன, அவற்றின் வருமான ஆதார விவரங்களையும் உள்ளடக்கியது."
INDIA_IHDS_2005_HOUSEHOLD_SURVEY,Tamil,bda085ac,0.8196873664855957,"Provide a list of household IDs for Muslim families that have a recorded asset index, ordered by their ID.","முஸ்லிம் குடும்பங்களுக்கான வீட்டு அடையாளங்களின் பட்டியலை வழங்கவும், அவை பதிவுசெய்யப்பட்ட சொத்து குறியீட்டைக் கொண்டுள்ளன, அவற்றின் அடையாளத்தின் படி வரிசைப்படுத்தப்பட்டுள்ளன."
INDIA_ROAD_ACCIDENTS_DATASET_2001,Bengali,fd8870b7,0.819719135761261,"List the sex of the casualty, the age band of the casualty, the work status of the casualty, and the casualty severity, along with the total count of accident IDs for each of these groups, where there is at least one accident, sorted by the casualty severity in descending order.","দুর্ঘটনার শিকারের লিঙ্গ, দুর্ঘটনার শিকারের বয়স ব্যান্ড, দুর্ঘটনার শিকারের কর্ম অবস্থা এবং দুর্ঘটনার শিকারের গুরুত্ব তালিকাভুক্ত করুন, প্রতিটি গ্রুপের জন্য দুর্ঘটনা আইডির মোট সংখ্যা সহ, যেখানে কমপক্ষে একটি দুর্ঘটনা রয়েছে, দুর্ঘটনার শিকারের গুরুত্ব অনুযায়ী অবরোহী ক্রমে সাজানো।"
INDIA_IHDS_2011_TRACKING_SURVEY,Tamil,8ee6176e,0.8197712898254395,"List the migrant ID, the education code at migration, the marital status code at migration, and the person number for individuals whose marital status at migration was 'Married', ensuring each migrant ID appears at least once, and order the results by the migrant ID in ascending order.","புலம்பெயர்ந்த போது திருமண நிலை 'Married' (திருமணமானவர்) என்று இருந்த நபர்களின் புலம்பெயர்ந்தோர் அடையாள எண் (migrant ID), புலம்பெயர்ந்த போதிருந்த கல்வி குறியீடு (education code), புலம்பெயர்ந்த போதிருந்த திருமண நிலை குறியீடு (marital status code) மற்றும் நபர் எண் (person number) ஆகியவற்றைப் பட்டியலிடவும். ஒவ்வொரு புலம்பெயர்ந்தோர் அடையாள எண்ணும் குறைந்தது ஒரு முறையாவது தோன்றுவதை உறுதிசெய்து, முடிவுகளை புலம்பெயர்ந்தோர் அடையாள எண்ணின் ஏறுவரிசையில் வரிசைப்படுத்தவும்."
INDIA_ROAD_ACCIDENTS_DATASET_2001,Tamil,a914e6b9,0.8199043273925781,"List the light conditions and weather conditions along with the total number of casualties for each combination, where the total casualties exceed 2, and order the results from the highest number of casualties to the lowest.","ஒளி நிலைமைகள் மற்றும் வானிலை நிலைமைகளை மொத்த உயிரிழப்புகளின் எண்ணிக்கையுடன் பட்டியலிடுங்கள், அங்கு மொத்த உயிரிழப்புகள் 2 ஐ விட அதிகமாக உள்ளன, மற்றும் முடிவுகளை மொத்த உயிரிழப்புகளின் அதிக எண்ணிக்கையிலிருந்து குறைந்த எண்ணிக்கைக்கு வரிசைப்படுத்துங்கள்."
INDIA_IHDS_2005_INDIVIDUAL_SURVEY,Bengali,2bb5b6b1,0.8203191757202148,Provide an alphabetized list of districts that are either classified as urban or contain households that participated in re-interview surveys.,জেলাগুলির একটি বর্ণানুক্রমিক তালিকা প্রদান করুন যেগুলি হয় শহুরে হিসাবে শ্রেণীবদ্ধ অথবা যেসব পরিবার পুনঃসাক্ষাৎকার জরিপে অংশগ্রহণ করেছে।
INDIA_ROAD_ACCIDENTS_DATASET_2001,Tamil,9b1772a3,0.8204104900360107,"For each age band of the driver, list the age band, the average number of casualties, and the total count of accident IDs, filtering for groups where the average number of casualties is greater than one and ordering the results by the accident count in descending order.","ஓட்டுநரின் ஒவ்வொரு வயது வரம்பிற்கும், வயது வரம்பு, சராசரி உயிரிழப்பு எண்ணிக்கை, மற்றும் விபத்து ID களின் மொத்த எண்ணிக்கை ஆகியவற்றை பட்டியலிடுக. சராசரி உயிரிழப்பு எண்ணிக்கை ஒன்றுக்கு அதிகமாக உள்ள குழுக்களுக்கு மட்டுமே வடிகட்டுக மற்றும் விபத்து எண்ணிக்கையின் அடிப்படையில் இறங்கு வரிசையில் முடிவுகளை வரிசைப்படுத்துக."
INDIA_IHDS_2005_INDIVIDUAL_SURVEY,Bengali,9e0c1870,0.8204596638679504,"For individuals who are currently employed, show the average years of education completed and their literacy status, grouped by their relationship to the head of the household.","যারা বর্তমানে চাকরিতে নিয়োজিত ব্যক্তিদের জন্য, পরিবারের প্রধানের সাথে তাদের সম্পর্কের ভিত্তিতে গোষ্ঠীবদ্ধ করে গড় শিক্ষার বছর এবং তাদের সাক্ষরতার অবস্থা দেখান।"
INDIA_Economic_Census_Firms,Tamil,ffc386b1,0.8205634355545044,"List the sub-district names and the total number of establishments owned by Sikhs, specifically for those where the retail trade status is '1.000', grouped by sub-district and ordered by the sum of Sikh-owned establishments in descending order for the top 5 results.","துணை மாவட்ட பெயர்கள் மற்றும் சீக்கியர்களுக்கு சொந்தமான நிறுவனங்களின் மொத்த எண்ணிக்கையை பட்டியலிடுங்கள், குறிப்பாக சில்லறை வணிக நிலை '1.000' ஆக உள்ளவற்றிற்கு, துணை மாவட்டத்தால் குழுவாக்கி, சீக்கியர்களுக்கு சொந்தமான நிறுவனங்களின் கூட்டுத்தொகையின் அடிப்படையில் இறங்கு வரிசையில் முதல் 5 முடிவுகளுக்கு வரிசைப்படுத்துங்கள்."
INDIA_IHDS_2005_INDIVIDUAL_SURVEY,Bengali,f28e2a1a,0.8206123113632202,"List the household IDs and their corresponding asset indices for Dalit households located in rural areas of Uttar Pradesh, ordered by their asset index.","এই প্রশ্নটি অনুবাদ করুন:
উত্তর প্রদেশের গ্রামীণ এলাকায় অবস্থিত দলিত পরিবারের জন্য পরিবারের আইডি এবং তাদের সংশ্লিষ্ট সম্পদ সূচক তালিকাভুক্ত করুন, তাদের সম্পদ সূচক অনুসারে ক্রমান্বয়ে সাজিয়ে।"
INDIA_IHDS_2011_TRACKING_SURVEY,Tamil,51da6a4b,0.8206491470336914,"List the state code and the district code for all areas where the household completion status is 'Located' and the household split number is not 0, specifically for those state and district combinations that have more than one household record, ordered by state code in ascending order.","வீட்டுவசதி பூர்த்தி நிலை 'Located' ஆகவும், வீட்டுப் பிரிவு எண் 0 ஆக இல்லாமலும் இருக்கும் அனைத்துப் பகுதிகளுக்கான மாநிலக் குறியீடு மற்றும் மாவட்டக் குறியீட்டைப் பட்டியலிடவும். குறிப்பாக ஒன்றுக்கும் மேற்பட்ட வீட்டுக் பதிவுகளைக் கொண்ட மாநில மற்றும் மாவட்டக் கூட்டணிகளை மட்டும் தேர்ந்தெடுத்து, மாநிலக் குறியீட்டின் ஏறுவரிசையில் வரிசைப்படுத்தவும்."
INDIA_HMIS_Sub_District_Report_Facility_wise,Bengali,20406555,0.8206775188446045,Identify the top 5 urban sub-districts that had the highest total number of immunization sessions attended by ASHA workers during 2022.,"এই প্রশ্নটি অনুবাদ করুন:
২০২২ সালে আশা কর্মীদের দ্বারা সর্বোচ্চ মোট টিকাদান সেশনে অংশগ্রহণকারী শীর্ষ ৫টি শহুরে উপজেলা চিহ্নিত করুন।"
INDIA_IHDS_2011_TRACKING_SURVEY,Tamil,c5660a8e,0.8207932114601135,"For households located in the state of 'Rajasthan', list the household number, the district code, and the same address indicator, ensuring each household number appears at least once.","'ராஜஸ்தான்' மாநிலத்தில் உள்ள வீடுகளுக்கு, வீட்டு எண், மாவட்டக் குறியீடு மற்றும் ஒரே முகவரி காட்டி (same address indicator) ஆகியவற்றைப் பட்டியலிடவும்; ஒவ்வொரு வீட்டு எண்ணும் குறைந்தது ஒரு முறையாவது இடம்பெறுவதை உறுதி செய்யவும்."
INDIA_NWMP_Water_Quality_Data,Tamil,5c1e0a60,0.8209018707275391,"For the year 2021, list the station name and the type of water body, along with the maximum nitrate N mg per L recorded, specifically for stations where the water body type is 'LAKE', ensuring the maximum nitrate value is not null and ordering the results from highest to lowest maximum nitrate concentration.","2021 ஆம் ஆண்டுக்கான நிலையத்தின் பெயர் மற்றும் நீர்நிலை வகை, அதிகபட்ச நைட்ரேட் N mg per L உடன் பட்டியலிடவும், குறிப்பாக நீர்நிலை வகை 'LAKE' ஆக இருக்கும் நிலையங்களுக்கு, அதிகபட்ச நைட்ரேட் மதிப்பு null இல்லை என்பதை உறுதிசெய்து, அதிகபட்ச நைட்ரேட் செறிவு அதிகமாக இருந்து குறைவாக இருக்குமாறு முடிவுகளை வரிசைப்படுத்தவும்."
INDIA_Economic_Census_Firms,Bengali,162deae6,0.8209885954856873,"For the census year 2013, list the sub-district names and the names of the ULB, RLB, or villages where the total estimated manufacturing in the secondary sector is greater than 50, ordered from highest to lowest total estimated manufacturing.","২০১৩ সালের জনগণনা বছরের জন্য, উপজেলার নাম এবং ইউএলবি, আরএলবি বা গ্রামের নাম তালিকাভুক্ত করুন যেখানে মাধ্যমিক খাতে মোট আনুমানিক উৎপাদন ৫০-এর বেশি, সর্বোচ্চ থেকে সর্বনিম্ন মোট আনুমানিক উৎপাদন অনুসারে সাজানো।"
INDIA_IHDS_2011_TRACKING_SURVEY,Bengali,237a1657,0.8212168216705322,"List the household IDs for households where all members are at least 22 years old, but specifically only those households where none of the members have a marital status code indicating they are married.","সেইসব খানা বা পরিবারের আইডি-র তালিকা তৈরি করুন যেখানে সকল সদস্যের বয়স অন্তত ২২ বছর, তবে বিশেষভাবে শুধুমাত্র সেইসব পরিবার যেখানে কোনো সদস্যেরই বৈবাহিক অবস্থার কোড তারা বিবাহিত সেটি নির্দেশ করে না।"
INDIA_HMIS_Sub_District_Report_Facility_wise,Bengali,e95e91d7,0.8213628530502319,Provide an alphabetical list of sub-districts that either recorded outpatient services in 2022 or are classified as rural areas.,"এই প্রশ্নটি অনুবাদ করুন:
২০২২ সালে বহির্বিভাগীয় সেবা প্রদানকারী অথবা গ্রামীণ এলাকা হিসেবে শ্রেণীবদ্ধ উপজেলাগুলির বর্ণানুক্রমিক তালিকা প্রদান করুন।"
INDIA_ROAD_ACCIDENTS_DATASET_2001,Bengali,fa6e1133,0.8214380741119385,List the area where the accident occurred for all records where either the number of casualties is greater than five or the day of the week is Sunday.,যে সমস্ত রেকর্ডে হতাহতের সংখ্যা পাঁচের চেয়ে বেশি অথবা সপ্তাহের দিন রবিবার তার জন্য দুর্ঘটনা ঘটেছে এমন এলাকা তালিকাভুক্ত করুন।
INDIA_ROAD_ACCIDENTS_DATASET_2001,Bengali,38a1b6a9,0.8222302198410034,List the light conditions and the weather conditions for each unique combination of these two factors that is associated with at least one accident.,প্রতিটি অনন্য সমন্বয়ের জন্য আলোর অবস্থা এবং আবহাওয়ার অবস্থা তালিকাভুক্ত করুন যা কমপক্ষে একটি দুর্ঘটনার সাথে যুক্ত।
INDIA_HMIS_Sub_District_Report_Rural_Urban,Bengali,aab4d36f,0.8222836256027222,Identify the top 5 rural sub-districts with the highest total allopathic outpatient attendance for the year 2021.,২০২১ সালে সর্বোচ্চ মোট অ্যালোপ্যাথিক বহির্বিভাগীয় উপস্থিতি রয়েছে এমন শীর্ষ ৫টি গ্রামীণ উপজেলা চিহ্নিত করুন।
INDIA_ICRISAT_District_Level_Agricultural_Data,Bengali,f91a0a83,0.8224769830703735,"Provide the pearl millet yields for districts in Chhattisgarh between 1966 and 1970, ordered chronologically.",ছত্তিশগড়ের জেলাগুলিতে ১৯৬৬ থেকে ১৯৭০ সালের মধ্যে বাজরা উৎপাদনের পরিমাণ ক্রমানুসারে প্রদান করুন।
INDIA_IHDS_2005_HOUSEHOLD_SURVEY,Bengali,1cbbf0d2,0.8232260942459106,Identify the household IDs for families that have a household assets index of 27 and have recorded a Gauna ceremony date.,পরিবারগুলির জন্য গৃহস্থালি আইডেন্টিফিকেশন নম্বর চিহ্নিত করুন যাদের গৃহস্থালি সম্পদ সূচক ২৭ এবং যারা গৌনা অনুষ্ঠানের তারিখ রেকর্ড করেছে।
INDIA_IHDS_2011_TRACKING_SURVEY,Bengali,22fdd09e,0.8235987424850464,"List the district codes and the total count of household split numbers for households with a completion status of 'Moved out', grouped by their district code, and show only the top 5 districts with the highest counts.","যেসব পরিবারের সমাপ্তির স্থিতি (completion status) 'Moved out' বা 'স্থানান্তরিত', তাদের জেলা কোড এবং হাউসহোল্ড স্প্লিট নম্বরের মোট সংখ্যা জেলা কোড অনুযায়ী গ্রুপ করে তালিকাভুক্ত করুন এবং সর্বাধিক সংখ্যার ভিত্তিতে শীর্ষ ৫টি জেলা প্রদর্শন করুন।"
INDIA_HMIS_Sub_District_Report_Rural_Urban,Bengali,14fe55de,0.8237701058387756,"Provide a yearly breakdown of total allopathic outpatient attendance across both rural and urban areas, ordered chronologically.",গ্রামীণ ও শহর উভয় অঞ্চলে মোট অ্যালোপ্যাথিক বহির্বিভাগীয় উপস্থিতির একটি কালানুক্রমিক ক্রমে সাজানো বার্ষিক বিভাজন প্রদান করুন।
INDIA_IHDS_2011_TRACKING_SURVEY,Bengali,12e247f8,0.8239303231239319,"List the household ID, the household number, and the district code for all households, and order the results by the new household split number.","সমস্ত খানা (household)-এর জন্য খানার আইডি (ID), খানা নম্বর এবং জেলা কোড তালিকাভুক্ত করুন এবং ফলাফলগুলোকে নতুন খানা বিভাজন নম্বর (household split number) অনুযায়ী সাজান।"
INDIA_NWMP_Water_Quality_Data,Bengali,0706f6e2,0.8245216012001038,"List the state IDs for states that have stations located on lakes, excluding those state IDs that have stations located on tanks.","হ্রদে অবস্থিত স্টেশন সহ রাজ্যগুলির জন্য রাজ্য আইডি তালিকাভুক্ত করুন, ট্যাঙ্কে অবস্থিত স্টেশন সহ সেই রাজ্য আইডিগুলি বাদ দিয়ে।"
INDIA_Village_Amenities_Directory_2001,Bengali,4010c8d8,0.8246802687644958,"For the district named 'North And Middle Andaman', provide the district ID and the total sum of registered private medical practitioners and community health workers, grouped by the district ID.","'North And Middle Andaman' নামক জেলার জন্য, জেলা আইডি এবং নিবন্ধিত বেসরকারি চিকিৎসক ও কমিউনিটি স্বাস্থ্যকর্মীদের মোট যোগফল প্রদান করুন, যা জেলা আইডি অনুযায়ী গ্রুপ করা থাকবে।"
INDIA_IHDS_2005_HOUSEHOLD_SURVEY,Bengali,93782300,0.8247504234313965,"Identify the IDs of rural villages that have both a school and a health facility, and have recorded at least one household consumption entry, sorted numerically.","গ্রামীণ গ্রামগুলির আইডি চিহ্নিত করুন যেগুলিতে একটি স্কুল এবং একটি স্বাস্থ্য সুবিধা উভয়ই রয়েছে, এবং অন্তত একটি গৃহস্থালি খরচের এন্ট্রি রেকর্ড করা হয়েছে, সেগুলি সংখ্যাগতভাবে সাজানো হয়েছে।"
INDIA_IHDS_2011_TRACKING_SURVEY,Bengali,e5fd94ac,0.8248780965805054,"List the household ID, the household number, and the same address indicator for all records where the new household split number is equal to 1.","সেই সমস্ত রেকর্ডের জন্য হাউসহোল্ড আইডি (household ID), হাউসহোল্ড নম্বর (household number) এবং একই ঠিকানার সূচক (same address indicator) তালিকাভুক্ত করুন যেখানে নতুন হাউসহোল্ড স্প্লিট নম্বর ১-এর সমান।"
INDIA_NWMP_Water_Quality_Data,Bengali,eec9c8b0,0.8250053524971008,"List the station name and station code for water bodies categorized as 'TANK' where the maximum nitrate nitrogen level in milligrams per liter exceeds 12.4, ordered by that maximum value from highest to lowest.","জল সংস্থাগুলির জন্য স্টেশনের নাম এবং স্টেশন কোড তালিকাভুক্ত করুন যা 'ট্যাঙ্ক' হিসাবে শ্রেণীবদ্ধ যেখানে মিলিগ্রাম প্রতি লিটারে সর্বোচ্চ নাইট্রেট নাইট্রোজেনের স্তর ১২.৪ অতিক্রম করে, সেই সর্বোচ্চ মান অনুযায়ী সর্বোচ্চ থেকে সর্বনিম্ন ক্রমে সাজানো।"
INDIA_IHDS_2011_TRACKING_SURVEY,Bengali,8ef9221e,0.8251779675483704,"List the PSU codes from the geography hierarchy for households in the state of 'Rajasthan' where the completion status is 'Located', grouped by their PSU code, such that the total sum of their household split numbers is exactly zero, and order the results by PSU code in ascending order.","'রাজস্থান' রাজ্যের সেইসব খানাগুলোর (households) ভৌগোলিক শ্রেণিবিন্যাস থেকে PSU কোডগুলোর তালিকা তৈরি করুন যেগুলোর সমাপ্তির স্থিতি (completion status) হলো 'Located', PSU কোড অনুযায়ী গ্রুপকৃত, যেখানে তাদের খানা বিভাজন নম্বরের (household split numbers) মোট যোগফল ঠিক শূন্য, এবং ফলাফলগুলো PSU কোড অনুযায়ী আরোহী ক্রমে (ascending order) সাজান।"
INDIA_HMIS_Sub_District_Report_Facility_wise,Bengali,b6c958be,0.8253695964813232,Identify the top 5 urban sub-districts that held the highest number of immunization sessions with an ASHA worker present during 2022.,"এই প্রশ্নটি অনুবাদ করুন:
২০২২ সালে এএসএইচএ কর্মী উপস্থিত থাকা অবস্থায় সর্বোচ্চ সংখ্যক টিকাদান সেশন আয়োজিত শীর্ষ ৫টি শহুরে উপজেলা চিহ্নিত করুন।"
INDIA_IHDS_2005_HOUSEHOLD_SURVEY,Bengali,aa876f79,0.8261519074440002,Provide the number of animal care workers and the Gauna dates for Christian households.,প্রাণী যত্ন কর্মীদের সংখ্যা এবং খ্রিস্টান পরিবারের গৌণ তারিখগুলি প্রদান করুন।
INDIA_IHDS_2011_TRACKING_SURVEY,Bengali,c732f739,0.826586127281189,"For each activity status, list the activity status and the total count of migrant IDs for those with a 'Salaried' status, provided that the count is at least 1, and order the results by the activity status.","প্রতিটি অ্যাক্টিভিটি স্ট্যাটাসের (activity status) জন্য, অ্যাক্টিভিটি স্ট্যাটাস এবং 'Salaried' স্ট্যাটাসধারী মাইগ্র্যান্ট আইডি-র (migrant IDs) মোট সংখ্যা তালিকাভুক্ত করুন, যদি সেই সংখ্যা অন্তত ১ হয়, এবং ফলাফলগুলো অ্যাক্টিভিটি স্ট্যাটাস অনুযায়ী ক্রমানুসারে সাজান।"
INDIA_HMIS_Sub_District_Report_Rural_Urban,Bengali,92f00f21,0.826606273651123,List the names of all rural sub-districts along with their corresponding district and state.,"এই প্রশ্নটি অনুবাদ করুন:
সকল গ্রামীণ উপজেলার নাম তাদের সংশ্লিষ্ট জেলা এবং রাজ্যের সাথে তালিকা করুন।"
INDIA_NWMP_Water_Quality_Data,Bengali,ced30a55,0.8271990418434143,"For the year 2023, list the station name and the type of water body for all stations where the maximum conductivity in umhos per cm was greater than 2000, grouped by both the station name and the water body type.","২০২৩ সালের জন্য, সমস্ত স্টেশনের জন্য স্টেশনের নাম এবং জলাশয়ের ধরন তালিকাভুক্ত করুন যেখানে সর্বোচ্চ পরিবাহিতা মাইক্রোহোস প্রতি সেন্টিমিটারে ২০০০ এর চেয়ে বেশি ছিল, স্টেশনের নাম এবং জলাশয়ের ধরন উভয় দ্বারা গ্রুপ করা হয়েছে।"
INDIA_Village_Amenities_Directory_2001,Bengali,fe2add0d,0.8273013830184937,"List the district names, the total rural population, and the total scheduled tribes rural population for the districts of 'North And Middle Andaman', 'West Godavari', and 'Nicobars', grouped by district name and ordered by the total rural population in descending order.","'North And Middle Andaman', 'West Godavari', এবং 'Nicobars' জেলাগুলোর নাম, মোট গ্রামীণ জনসংখ্যা এবং মোট তপশিলি উপজাতির গ্রামীণ জনসংখ্যার তালিকা তৈরি করুন, যা জেলার নাম অনুযায়ী গ্রুপ করা এবং মোট গ্রামীণ জনসংখ্যার নিম্নক্রম (descending order) অনুযায়ী সাজানো থাকবে।"
INDIA_NWMP_Water_Quality_Data,Bengali,3d81663e,0.8273028135299683,"List the station code and the maximum conductivity in micromhos per centimeter for the top 10 records where the type of water body is a lake, ordered by the maximum conductivity from highest to lowest.","শীর্ষ ১০ রেকর্ডের জন্য স্টেশন কোড এবং সর্বোচ্চ পরিবাহিতা মাইক্রোমোস প্রতি সেন্টিমিটারে তালিকাভুক্ত করুন যেখানে জলাশয়ের ধরন একটি হ্রদ, সর্বোচ্চ পরিবাহিতা দ্বারা সর্বোচ্চ থেকে সর্বনিম্ন অনুযায়ী অর্ডার করা হয়েছে।"
INDIA_NWMP_Water_Quality_Data,Bengali,b746deee,0.8276313543319702,"List the station name, the station code, and the state ID for all stations where the state ID is 1.","স্টেশনের নাম, স্টেশন কোড এবং স্টেট আইডি তালিকাভুক্ত করুন যেখানে স্টেট আইডি ১।"
INDIA_HMIS_Sub_District_Report_Facility_wise,Bengali,67f309d2,0.8276805877685547,"Identify the rural sub-districts that have either recorded more than 5,000 allopathic outpatient visits or administered over 1,000 BCG vaccines.","এই প্রশ্নটি অনুবাদ করুন:
সেসব গ্রামীণ উপজেলাগুলি চিহ্নিত করুন যেগুলিতে হয় ৫,০০০-এর বেশি অ্যালোপ্যাথিক বহির্বিভাগীয় পরিদর্শন রেকর্ড করা হয়েছে অথবা ১,০০০-এর বেশি বিসিজি টিকা প্রদান করা হয়েছে।"
INDIA_HMIS_Sub_District_Report_Facility_wise,Bengali,1b1775cf,0.8277170658111572,"Provide a yearly breakdown by state of the total first doses administered for Vitamin A and Measles-Rubella (9-11 months), excluding any records with no Vitamin A data and sorting by the most recent years.","রাষ্ট্রভিত্তিতে প্রতি বছরের জন্য ভিটামিন এ এবং হাম-রুবেলা (৯-১১ মাস) টিকার প্রথম ডোজের মোট সংখ্যা বিশদভাবে প্রদান করুন, যেসব রেকর্ডে ভিটামিন এ সংক্রান্ত তথ্য নেই সেগুলো বাদ দিয়ে এবং সর্বশেষ বছরগুলোকে সাজিয়ে।"
INDIA_HMIS_Sub_District_Report_Rural_Urban,Bengali,3a8774a9,0.8277280330657959,"Identify the sub-districts that in 2021 either reported more than 34 children over age 10 receiving their TT10/TD10 immunization, or are urban areas with more than one child over age 16 receiving their TT16/TD16 dose.","এই প্রশ্নটি অনুবাদ করুন:
২০২১ সালে সেই উপজেলাগুলি চিহ্নিত করুন যেগুলি হয় ১০ বছরের বেশি বয়সী ৩৪ জনের বেশি শিশুকে তাদের টিটি১০/টিডি১০ টিকা পেয়েছে, অথবা শহুরে এলাকা যেখানে ১৬ বছরের বেশি বয়সী একাধিক শিশু তাদের টিটি১৬/টিডি১৬ ডোজ পেয়েছে।"
INDIA_ICRISAT_District_Level_Agricultural_Data,Bengali,0cf76c9b,0.828350841999054,Provide the chickpea and pigeon pea yields for each district and state recorded during the year 1970.,১৯৭০ সালে রেকর্ড করা প্রতিটি জেলা ও রাজ্যের জন্য ছোলা এবং অড়হরের ফলন প্রদান করুন।
INDIA_HMIS_Sub_District_Report_Facility_wise,Bengali,3c44a602,0.8283549547195435,Which rural sub-districts reported at least one Rotavirus 1 dose but zero Vitamin A dose 1 administrations during the year 2020?,২০২০ সালে কোন গ্রামীণ উপজেলাগুলোতে অন্তত একটি রোটাভাইরাস ১ ডোজ রিপোর্ট করা হয়েছে কিন্তু ভিটামিন এ ডোজ ১ শূন্য ছিল?
INDIA_ICRISAT_District_Level_Agricultural_Data,Bengali,726051c2,0.8284417390823364,"For states with data available for more than one year, show the average yields of chickpeas and pigeon peas recorded between 1966 and 1970, ordered alphabetically by state.","যেসব রাজ্যে একাধিক বছরের তথ্য উপলব্ধ, তাদের জন্য ১৯৬৬ থেকে ১৯৭০ সালের মধ্যে রেকর্ডকৃত ছোলা এবং অড়হরের গড় ফলন দেখান, রাজ্যের নামের বর্ণানুক্রমিক ক্রমে সাজিয়ে।"
INDIA_ICRISAT_District_Level_Agricultural_Data,Bengali,26164e2c,0.8286205530166626,Provide the average sunflower yield and total sunflower production for each state.,প্রতিটি রাজ্যের জন্য গড় সূর্যমুখী ফলন এবং মোট সূর্যমুখী উৎপাদন প্রদান করুন।
INDIA_Economic_Census_Firms,Bengali,5acff517,0.8287795186042786,"For the census year 2013, list each sub-district name and the total estimated manufacturing value, sorted by the total estimated manufacturing in descending order.","২০১৩ সালের আদমশুমারির জন্য, প্রতিটি উপজেলার নাম এবং মোট আনুমানিক উৎপাদন মূল্য তালিকাভুক্ত করুন, মোট আনুমানিক উৎপাদন অনুসারে অবরোহী ক্রমে সাজানো।"
INDIA_NWMP_Water_Quality_Data,Bengali,da2f2237,0.8290528059005737,"What is the type of water body and the average maximum temperature in Celsius for stations where the water body type is a lake, grouped by the type of water body?","জল সংস্থার ধরন কী এবং যে স্টেশনগুলিতে জল সংস্থার ধরন একটি হ্রদ তার জন্য সেলসিয়াসে গড় সর্বোচ্চ তাপমাত্রা কী, জল সংস্থার ধরন অনুযায়ী গ্রুপ করা হয়েছে?"
INDIA_HMIS_Sub_District_Report_Facility_wise,Bengali,ca622d7e,0.8292628526687622,Provide a sub-district breakdown of the total Vitamin A first doses and Measles-Rubella (MCV1) vaccinations administered across the Andaman and Nicobar Islands during 2021.,"এই প্রশ্নটি অনুবাদ করুন:
২০২১ সালে আন্দামান ও নিকোবর দ্বীপপুঞ্জ জুড়ে মোট ভিটামিন এ প্রথম ডোজ এবং হাম-রুবেলা (MCV1) টিকাদান প্রদান করা উপ-জেলা ভিত্তিক বিভাজন প্রদান করুন।"
INDIA_PRIMARY_POPULATION_CENSUS_1991,Bengali,dd2c3b18,0.8293205499649048,"List the districts where the census year is 1991 and there are female main workers recorded as agricultural labourers, specifically filtering for districts where the total sum of female main workers who are agricultural labourers exceeds 5000, ordered from highest to lowest sum.","১৯৯১ সালের আদমশুমারি বছর যে জেলাগুলোতে মহিলা প্রধান শ্রমিকদের মধ্যে কৃষি শ্রমিক হিসাবে রেকর্ড করা হয়েছে, বিশেষ করে সেই জেলাগুলো ফিল্টার করুন যেখানে কৃষি শ্রমিক মহিলা প্রধান শ্রমিকদের মোট সংখ্যা ৫০০০-এর বেশি, এবং সর্বোচ্চ থেকে সর্বনিম্ন সংখ্যার ক্রমানুসারে সাজান।"
INDIA_Economic_Census_Firms,Bengali,58dafef6,0.8295830488204956,"List the state names and the total count of district IDs for each state, ordered by the count of districts in descending order, and show only the top 5 results.","রাজ্যের নাম এবং প্রতিটি রাজ্যের জেলা আইডির মোট সংখ্যা তালিকাভুক্ত করুন, জেলার সংখ্যা অনুসারে অবরোহী ক্রমে সাজানো হবে এবং শুধুমাত্র শীর্ষ ৫টি ফলাফল দেখান।"
INDIA_Economic_Census_Firms,Bengali,414ab4d4,0.829636812210083,"List the names of the ULB, RLB, or villages, sorted alphabetically, that have an estimated government assistance finance amount of 0.000 and an estimated self-help group loan finance amount of 0.000.","ULB, RLB বা গ্রামগুলির নাম তালিকাভুক্ত করুন, বর্ণানুক্রমিকভাবে সাজানো, যেগুলির আনুমানিক সরকারি সহায়তা অর্থের পরিমাণ 0.000 এবং আনুমানিক স্ব-সহায়ক গোষ্ঠী ঋণ অর্থের পরিমাণ 0.000।"
INDIA_IHDS_2005_HOUSEHOLD_SURVEY,Bengali,536be16d,0.8297232389450073,"List the top 10 household IDs and their asset indices for Muslim or OBC households that have an asset index greater than 10, sorted from highest to lowest.","শীর্ষ ১০টি পরিবারের আইডি এবং তাদের সম্পদ সূচক তালিকাভুক্ত করুন, যারা মুসলিম বা ওবিসি পরিবার এবং যাদের সম্পদ সূচক ১০-এর বেশি, সর্বোচ্চ থেকে সর্বনিম্ন ক্রমে সাজিয়ে।"
INDIA_ROAD_ACCIDENTS_DATASET_2001,Bengali,94e894a9,0.8298240303993225,"For accidents occurring on a Monday, list each area where an accident occurred along with the average number of casualties and the total count of accident IDs, grouped by the area of the accident.","সোমবারে ঘটা দুর্ঘটনাগুলির জন্য, প্রতিটি এলাকা তালিকাভুক্ত করুন যেখানে একটি দুর্ঘটনা ঘটেছে এবং গড় হতাহত সংখ্যা এবং দুর্ঘটনা আইডির মোট সংখ্যা সহ, দুর্ঘটনার এলাকা অনুযায়ী গ্রুপ করা।"
INDIA_NWMP_Water_Quality_Data,Bengali,69f98fc6,0.8302105665206909,List the station names for stations located in the state of Assam where the maximum fecal streptococci MPN per 100ml is greater than 1.,অসম রাজ্যে অবস্থিত স্টেশনগুলির স্টেশন নামগুলি তালিকাভুক্ত করুন যেখানে সর্বাধিক ফেকাল স্ট্রেপ্টোকোকাই এমপিএন প্রতি ১০০ মিলিলিটার ১ এর চেয়ে বেশি।
INDIA_ROAD_ACCIDENTS_DATASET_2001,Bengali,7f0c5971,0.8310680389404297,"Show the age band of the driver, the average number of casualties, and the casualty severity, grouped by driver age band and casualty severity, for those groups where the average number of casualties is greater than one, and list the top 5 results in descending order of the average casualties.","চালকের বয়স ব্যান্ড, গড় হতাহতের সংখ্যা এবং হতাহতের গুরুত্ব প্রদর্শন করুন, চালকের বয়স ব্যান্ড এবং হতাহতের গুরুত্ব অনুযায়ী গ্রুপ করা হয়েছে, সেই গ্রুপগুলির জন্য যেখানে গড় হতাহতের সংখ্যা একের চেয়ে বেশি, এবং গড় হতাহতের অবরোহী ক্রমে শীর্ষ ৫টি ফলাফল তালিকাভুক্ত করুন।"
INDIA_HMIS_Sub_District_Report_Rural_Urban,Bengali,dd941ee2,0.8310807943344116,Identify the sub-districts that are either classified as rural areas or have reported more than 38 pregnant women with hemoglobin levels below 11.,"এই প্রশ্নটি অনুবাদ করুন:
যেসব উপজেলাগুলি গ্রামীণ এলাকা হিসেবে শ্রেণীবদ্ধ অথবা ১১-এর নিচে হিমোগ্লোবিন স্তর সহ ৩৮ জনের বেশি গর্ভবতী মহিলার রিপোর্ট করেছে, সেগুলি চিহ্নিত করুন।"
INDIA_NWMP_Water_Quality_Data,Bengali,6c0eb35b,0.8311865329742432,"List the station names for stations that either recorded a maximum temperature in Celsius greater than 30 during the year 2023 or are located near a water body type of 'LAKE', grouped by the station name.","২০২৩ সালে সর্বোচ্চ তাপমাত্রা সেলসিয়াসে ৩০ এর বেশি রেকর্ড করেছে এমন স্টেশন বা 'লেক' ধরনের জল সংস্থার কাছাকাছি অবস্থিত স্টেশনগুলির জন্য স্টেশনের নাম তালিকাভুক্ত করুন, স্টেশনের নাম অনুযায়ী গ্রুপ করা হয়েছে।"
INDIA_NWMP_Water_Quality_Data,Bengali,feae8f22,0.8312455415725708,List the station name and the station code for all stations where the type of water body is a lake or the state is Assam.,সমস্ত স্টেশনের জন্য স্টেশনের নাম এবং স্টেশন কোড তালিকাভুক্ত করুন যেখানে জল সংস্থার ধরন একটি হ্রদ বা রাজ্য অসম।
INDIA_HMIS_Sub_District_Report_Facility_wise,Bengali,879ca700,0.8313682675361633,"Rank the sub-districts by their total allopathic outpatient attendance, from highest to lowest.","উপজেলাগুলোকে তাদের মোট অ্যালোপ্যাথিক বহিরাগত উপস্থিতির সংখ্যা অনুসারে, সর্বোচ্চ থেকে সর্বনিম্ন পর্যন্ত ক্রমান্বয়ে সাজান।"
INDIA_HMIS_Sub_District_Report_Facility_wise,Bengali,6a80264a,0.8318291902542114,"Provide a breakdown of total allopathic outpatient attendance for the year 2022 by sub-district, state, and area type, excluding locations with no attendance and ranking them from highest to lowest.","২০২২ সালের জন্য মোট অ্যালোপ্যাথিক বহির্বিভাগ উপস্থিতির একটি বিভাজন প্রদান করুন, যা উপজেলা, রাজ্য এবং এলাকার ধরন অনুযায়ী হবে, যেখানে কোন উপস্থিতি নেই এমন স্থানগুলি বাদ দিয়ে এবং সেগুলিকে সর্বোচ্চ থেকে সর্বনিম্ন ক্রমে র্যাঙ্কিং করা হবে।"
INDIA_IHDS_2011_TRACKING_SURVEY,Bengali,9fd3da65,0.8318812251091003,"List the education at migration code and the marital status at migration code for all individuals whose marital status at migration is 'Married', and sort the results by the education at migration code in ascending order.","যেসব ব্যক্তিদের অভিবাসনকালীন বৈবাহিক অবস্থা 'Married', তাদের অভিবাসনকালীন শিক্ষার কোড এবং অভিবাসনকালীন বৈবাহিক অবস্থার কোড তালিকাভুক্ত করুন এবং ফলাফলগুলোকে অভিবাসনকালীন শিক্ষার কোড অনুযায়ী আরোহী ক্রমে (ascending order) সাজান।"
INDIA_HMIS_Sub_District_Report_Rural_Urban,Bengali,069ec4a6,0.832242488861084,Which sub-districts recorded outpatient services in both 2021 and 2022?,কোন উপজেলাগুলো ২০২১ এবং ২০২২ উভয় বছরেই বহির্বিভাগ সেবা রেকর্ড করেছে?
INDIA_IHDS_2005_HOUSEHOLD_SURVEY,Bengali,4bdaef0f,0.8323447704315186,"Provide a breakdown of the average social ID and the total number of animal care workers, grouped by caste/religion category and social network contact type, for all households with recorded members, sorted by the highest average social ID.","এই প্রশ্নের অনুবাদ:
গড় সামাজিক পরিচয় এবং প্রাণী যত্ন কর্মীদের মোট সংখ্যার একটি বিভাজন প্রদান করুন, বর্ণ/ধর্ম বিভাগ এবং সামাজিক নেটওয়ার্ক যোগাযোগের ধরন অনুসারে গ্রুপ করে, সমস্ত রেকর্ডকৃত সদস্য বিশিষ্ট পরিবারের জন্য, সর্বোচ্চ গড় সামাজিক পরিচয় অনুসারে সাজানো।"
INDIA_ICRISAT_District_Level_Agricultural_Data,Bengali,280e8bab,0.8329426646232605,"Provide the maize and barley production and area statistics for all districts in Chhattisgarh for the year 1970, sorted by district name.","এই প্রশ্নটি অনুবাদ করুন:
১৯৭০ সালের জন্য ছত্তিশগড়ের সমস্ত জেলার ভুট্টা ও বার্লি উৎপাদন এবং এলাকা পরিসংখ্যান প্রদান করুন, জেলার নাম অনুসারে সাজানো।"
INDIA_ICRISAT_District_Level_Agricultural_Data,Bengali,e850ad7a,0.8329520225524902,Provide the area and production figures for pearl millet in the Durg district of Chhattisgarh for the year 1970.,ডুর্গ জেলায় ১৯৭০ সালে বাজরা চাষের এলাকা এবং উৎপাদনের পরিসংখ্যান প্রদান করুন।
INDIA_HMIS_Sub_District_Report_Facility_wise,Bengali,dd4cc6a3,0.8334640264511108,"Provide a breakdown of total allopathic outpatient attendance for the year 2022, categorized by sub-district, state, and area type.","২০২২ সালের জন্য মোট অ্যালোপ্যাথিক বহির্বিভাগীয় উপস্থিতির একটি বিভাজন প্রদান করুন, যা উপজেলা, রাজ্য এবং এলাকার ধরন অনুসারে শ্রেণীবদ্ধ করা হয়েছে।"
INDIA_NWMP_Water_Quality_Data,Bengali,d0870017,0.833488941192627,"List the station name and station code for all stations where the water body type is 'LAKE' or for stations that recorded a maximum temperature greater than 30 degrees Celsius during the year 2023, ordered alphabetically by their station code.","সমস্ত স্টেশনের জন্য স্টেশনের নাম এবং স্টেশন কোড তালিকাভুক্ত করুন যেখানে জল সংস্থার ধরন 'LAKE' বা যে স্টেশনগুলি ২০২৩ সালে সর্বোচ্চ তাপমাত্রা ৩০ ডিগ্রি সেলসিয়াসের চেয়ে বেশি রেকর্ড করেছে, তাদের স্টেশন কোড অনুযায়ী বর্ণানুক্রমে সাজানো।"
INDIA_ROAD_ACCIDENTS_DATASET_2001,Bengali,a914e6b9,0.8335504531860352,"List the light conditions and weather conditions along with the total number of casualties for each combination, where the total casualties exceed 2, and order the results from the highest number of casualties to the lowest.","আলোর অবস্থা এবং আবহাওয়ার অবস্থা তালিকাভুক্ত করুন প্রতিটি সমন্বয়ের জন্য মোট হতাহতের সংখ্যা সহ, যেখানে মোট হতাহত ২ এর বেশি, এবং ফলাফলগুলি সর্বোচ্চ সংখ্যক হতাহত থেকে সর্বনিম্ন পর্যন্ত অর্ডার করুন।"
INDIA_HMIS_Sub_District_Report_Rural_Urban,Bengali,4015b829,0.833608090877533,"Rank the urban sub-districts by the total number of pregnant women who received four or more antenatal checkups during the year 2021, starting with the highest count.","২০২১ সালে চার বা তার বেশি প্রসবপূর্ব চেকআপ পাওয়া গর্ভবতী মহিলাদের মোট সংখ্যার ভিত্তিতে শহুরে উপজেলাগুলোকে ক্রমানুসারে সাজান, সর্বোচ্চ সংখ্যা দিয়ে শুরু করে।"
INDIA_Economic_Census_Firms,Bengali,cb5b8b67,0.8336851596832275,"List the sub-district names for the census year 2013, ordered by the estimated number of religious properties owned by Sikhs in descending order.","২০১৩ সালের জনগণনা অনুযায়ী, শিখদের মালিকানাধীন ধর্মীয় সম্পত্তির আনুমানিক সংখ্যা অনুসারে অবরোহী ক্রমে সাজানো উপজেলার নামগুলোর তালিকা দিন।"
INDIA_PRIMARY_POPULATION_CENSUS_1991,Bengali,51aebed4,0.8338067531585693,"List the district and the total female working population for each district, filtered for the 1991 census year in both workforce and population records, and show only the top 10 districts with the highest total female working population.","১৯৯১ সালের আদমশুমারি বছরে কর্মশক্তি ও জনসংখ্যা রেকর্ড উভয়ের জন্য ফিল্টার করে, প্রতিটি জেলার জেলা এবং মোট নারী কর্মজীবী জনসংখ্যা তালিকাভুক্ত করুন এবং শুধুমাত্র সর্বাধিক মোট নারী কর্মজীবী জনসংখ্যা সহ শীর্ষ ১০টি জেলা দেখান।"
INDIA_ROAD_ACCIDENTS_DATASET_2001,Bengali,e504e82d,0.8338488340377808,"Show the sex of casualty and the average casualty severity for casualties who are either a driver, rider, or pedestrian and fall within the age bands of 18-30 or 31-50, grouped by their sex, where the average severity is greater than 1, and order the results by the average casualty severity in descending order.","দুর্ঘটনায় আহতদের লিঙ্গ এবং গড় আহত গুরুত্বতা প্রদর্শন করুন যারা চালক, রাইডার বা পথচারী এবং ১৮-৩০ বা ৩১-৫০ বয়স গ্রুপের মধ্যে পড়েন, তাদের লিঙ্গ অনুযায়ী গ্রুপ করা হয়েছে, যেখানে গড় গুরুত্বতা ১ এর চেয়ে বেশি, এবং ফলাফলগুলি গড় আহত গুরুত্বতা অনুযায়ী অবরোহী ক্রমে সাজান।"
INDIA_HMIS_Sub_District_Report_Rural_Urban,Bengali,e425f148,0.833976686000824,"Identify all rural sub-districts, specifically highlighting those where more than 500 pregnant women were recorded with hemoglobin levels below 11.","এই প্রশ্নটি অনুবাদ করুন:
সমস্ত গ্রামীণ উপজেলা চিহ্নিত করুন, বিশেষভাবে যেখানে ১১-এর নিচে হিমোগ্লোবিন স্তর সহ ৫০০ জনের বেশি গর্ভবতী মহিলা রেকর্ড করা হয়েছে।"
INDIA_NWMP_Water_Quality_Data,Bengali,2843d6e4,0.8340455293655396,"For the year 2021, list the station name and the type of water body for all stations where the maximum conductivity in umhos per cm exceeded 1662, and order the results by that maximum conductivity in descending order.","২০২১ সালের জন্য, সমস্ত স্টেশনের জন্য স্টেশনের নাম এবং জলাশয়ের ধরন তালিকাভুক্ত করুন যেখানে umhos প্রতি সেমিতে সর্বোচ্চ পরিবাহিতা ১৬৬২ অতিক্রম করেছে, এবং ফলাফলগুলি সেই সর্বোচ্চ পরিবাহিতা অনুযায়ী অবরোহী ক্রমে সাজান।"
INDIA_IHDS_2005_HOUSEHOLD_SURVEY,Bengali,5ecd9202,0.8340806365013123,Identify the household IDs for families categorized as OBC who fall under the 17th asset index group.,ওবিসি শ্রেণিভুক্ত পরিবারগুলির জন্য পরিবারের আইডিগুলি চিহ্নিত করুন যারা ১৭তম সম্পদ সূচক গ্রুপের অন্তর্ভুক্ত।
INDIA_NWMP_Water_Quality_Data,Bengali,0937c612,0.834510326385498,List the station name and the station code for all stations where the type of water body is 'TANK' or the state is 'Bihar'.,সমস্ত স্টেশনের জন্য স্টেশনের নাম এবং স্টেশন কোড তালিকাভুক্ত করুন যেখানে জলাশয়ের ধরন 'TANK' বা রাজ্য 'Bihar'।
